CreditScore,Age,Tenure,Balance,NumOfProducts,HasCrCard,IsActiveMember,EstimatedSalary,BalanceSalaryRatio,ProductEngagement,AgeTenureInteraction,ZeroBalance,Geography_Germany,Geography_Spain,Gender_Male
753,57,7,0.0,1,1,0,159475.08,0.0,0,399,1,False,False,True
739,32,3,102128.27,1,1,0,63981.37,1.596193920293981,0,96,0,True,False,True
755,37,0,113865.23,2,1,1,117396.25,0.9699139460251411,2,0,0,True,False,False
561,37,5,0.0,2,1,0,83093.25,0.0,0,185,1,False,False,True
692,49,6,110540.43,2,0,1,107472.99,1.028531926654998,2,294,0,True,False,True
659,38,9,0.0,2,1,1,132809.18,0.0,2,342,1,False,False,False
782,34,9,0.0,1,1,0,183021.06,0.0,0,306,1,False,False,True
546,24,8,156325.38,1,1,1,125381.02,1.2467926421986182,1,192,0,False,False,True
756,41,2,124439.49,2,0,1,47093.11,2.6423578235155096,2,82,0,True,False,True
685,34,6,83264.28,1,0,0,9663.28,8.61567338694657,0,204,0,False,True,True
531,53,5,127642.44,1,1,0,141501.45,0.9020510952283864,0,265,0,False,False,False
560,31,3,115141.18,1,1,0,39806.75,2.892431247684182,0,93,0,False,False,False
733,31,9,102289.85,1,1,1,115441.66,0.886066294730215,1,279,0,False,True,False
674,27,4,111568.01,1,0,1,22026.18,5.065015585290536,1,108,0,True,False,False
644,37,9,0.0,2,1,1,96442.86,0.0,2,333,1,False,True,True
695,32,9,0.0,3,0,1,38533.79,0.0,3,288,1,False,True,True
750,42,8,151836.36,2,1,0,68695.38,2.2102527090947146,0,336,0,True,False,True
754,35,6,98585.94,2,0,1,106116.84,0.9290232443479816,2,210,0,True,False,True
744,34,3,0.0,2,1,0,27244.35,0.0,0,102,1,False,True,True
588,22,9,67178.19,1,1,1,163534.75,0.41078595964490944,1,198,0,False,True,False
696,44,8,161889.79,1,0,0,75562.47,2.142434565273405,0,352,0,False,False,True
774,52,2,56580.93,1,1,0,113266.28,0.49953464054226426,0,104,0,False,False,False
704,31,0,0.0,2,1,0,183038.33,0.0,0,0,1,False,False,True
723,48,7,0.0,2,1,1,150694.58,0.0,2,336,1,False,False,True
536,46,1,65733.41,1,1,0,61094.53,1.0759119366015812,0,46,0,False,False,True
691,35,6,0.0,2,0,1,178038.17,0.0,2,210,1,False,True,True
611,40,7,128486.91,2,1,0,10109.47,12.708302383568718,0,280,0,True,False,False
691,30,7,101231.77,2,0,0,156529.44,0.6467225799659159,0,210,0,True,False,True
659,34,9,134464.58,2,1,0,178833.34,0.7518946305278952,0,306,0,True,False,True
711,29,9,0.0,2,0,1,3234.8,0.0,2,261,1,False,False,False
559,24,3,114739.92,1,1,0,85891.02,1.3358624002555766,0,72,0,False,True,True
716,44,3,109528.28,1,1,0,27341.63,4.00576974490018,0,132,0,False,False,False
583,48,3,91246.53,1,1,0,60017.46,1.5203077519816404,0,144,0,False,False,True
593,41,6,0.0,1,1,0,65170.66,0.0,0,246,1,False,False,False
824,60,8,134250.17,3,0,0,153046.16,0.8771817131399238,0,480,0,True,False,True
567,48,3,0.0,1,1,0,55362.45,0.0,0,144,1,False,False,False
552,33,5,140931.57,1,0,1,10921.5,12.902867475394828,1,165,0,False,False,True
564,27,6,0.0,1,0,0,7819.76,0.0,0,162,1,False,False,False
756,42,9,0.0,2,1,0,35673.42,0.0,0,378,1,False,False,False
733,32,5,0.0,2,1,0,131625.14,0.0,0,160,1,False,True,False
772,47,9,152347.01,1,0,1,17671.78,8.620432665375795,1,423,0,False,False,True
628,51,10,115280.49,2,0,0,12628.61,9.12779492003316,0,510,0,True,False,False
579,45,2,0.0,2,0,0,11514.39,0.0,0,90,1,False,False,False
676,34,1,63095.01,1,1,1,40645.81,1.5522745819413628,1,34,0,False,False,False
411,29,0,59697.17,2,1,1,53483.21,1.116164378234249,2,0,0,False,False,True
547,49,8,121537.71,2,1,0,46521.45,2.61245291251858,0,392,0,True,False,True
727,31,3,82729.47,2,1,0,60212.51,1.3739353510532768,0,93,0,True,False,False
722,40,6,89175.06,2,0,1,152883.95,0.5832821347032523,2,240,0,True,False,False
500,50,5,0.0,4,1,1,83866.35,0.0,4,250,1,False,True,False
687,34,9,125474.44,1,1,0,198929.84,0.6307440314432896,0,306,0,False,False,False
751,48,4,0.0,1,0,1,30165.06,0.0,1,192,1,False,False,False
564,33,4,135946.26,1,1,0,63170.0,2.152035902550221,0,132,0,False,False,False
545,53,5,114421.55,1,1,0,180598.28,0.6335659256227378,0,265,0,True,False,True
561,34,4,85141.79,2,1,1,29217.37,2.913981512315711,2,136,0,False,True,True
571,37,9,139592.98,3,1,0,104152.65,1.3402600869004593,0,333,0,True,False,True
844,18,2,160980.03,1,0,0,145936.28,1.1030768149166545,0,36,0,False,False,True
642,36,6,0.0,2,1,1,97938.59,0.0,2,216,1,False,True,False
523,32,4,0.0,2,1,0,167848.02,0.0,0,128,1,False,True,True
575,46,1,0.0,2,1,1,65998.26,0.0,2,46,1,False,False,True
729,36,8,109106.8,1,0,0,121311.12,0.8993891129756862,0,288,0,False,False,False
597,60,0,131778.08,1,0,0,10703.53,12.310496584156425,0,0,0,False,False,False
787,39,10,108935.39,1,1,1,101168.3,1.0767633066552798,1,390,0,False,True,True
646,46,4,0.0,3,1,0,93251.42,0.0,0,184,1,False,False,False
544,21,10,161525.96,2,1,0,9262.77,17.436309407509036,0,210,0,False,False,False
738,35,5,161274.05,2,1,0,181429.87,0.8889008248706518,0,175,0,False,False,True
581,54,4,89299.81,1,0,0,5558.47,16.062648058178205,0,216,0,False,False,True
673,65,0,0.0,1,1,1,85733.33,0.0,1,0,1,False,False,True
667,38,6,144432.04,1,1,1,73963.17,1.9527298149901502,1,228,0,False,False,False
721,40,7,0.0,2,1,1,122580.48,0.0,2,280,1,False,False,False
548,33,6,0.0,1,1,1,31728.35,0.0,1,198,1,False,True,True
501,29,8,0.0,2,1,0,112664.24,0.0,0,232,1,False,False,False
490,39,1,0.0,3,1,0,171060.01,0.0,0,39,1,False,False,True
706,44,2,185932.18,2,1,0,65413.41,2.8423734158880283,0,88,0,True,False,False
717,36,2,102989.83,2,0,1,49185.57,2.09386078354315,2,72,0,False,True,True
595,23,7,0.0,2,1,1,168085.97,0.0,2,161,1,False,True,True
730,62,2,0.0,2,1,1,186489.95,0.0,2,124,1,False,True,True
657,39,4,80293.81,1,1,0,97192.76,0.8261210390461281,0,156,0,False,False,False
599,25,3,0.0,2,1,1,120790.02,0.0,2,75,1,False,True,True
619,33,2,167733.51,2,1,1,65222.48,2.5716737285407034,2,66,0,False,False,False
639,31,3,98360.03,1,0,0,20973.8,4.68943827831493,0,93,0,False,False,False
504,42,3,134936.97,2,0,0,135178.91,0.9982028394603902,0,126,0,False,False,True
694,38,7,121527.4,1,1,0,113481.02,1.0708956361545203,0,266,0,False,True,True
451,38,9,61482.47,1,1,1,167538.66,0.36697263203232,1,342,0,True,False,False
667,40,1,146502.07,1,1,0,19162.89,7.644693744328527,0,40,0,False,True,False
762,19,6,0.0,2,1,0,55500.17,0.0,0,114,1,False,True,False
640,55,10,132436.34,1,1,0,978.66,135.18602372251598,0,550,0,False,False,True
556,46,10,0.0,2,0,0,109184.24,0.0,0,460,1,False,False,False
841,74,9,108131.53,1,0,1,60830.38,1.7775616795147504,1,666,0,False,False,True
469,48,5,0.0,1,1,0,160529.71,0.0,0,240,1,False,False,False
579,41,0,141749.68,1,0,1,9201.53,15.403337995094825,1,0,0,True,False,True
774,40,9,93017.47,2,1,0,191608.97,0.48545214009479776,0,360,0,False,False,True
642,26,0,0.0,1,0,0,47472.68,0.0,0,0,1,False,False,True
557,42,6,177822.03,1,1,0,150944.31,1.1780560124723318,0,252,0,False,False,True
711,45,1,97486.15,2,1,0,50610.62,1.9261614230091824,0,45,0,True,False,False
642,30,8,80964.57,2,1,0,174738.2,0.4633452024502802,0,240,0,False,False,True
634,27,3,107027.52,1,1,0,173425.68,0.6171341110837156,0,81,0,True,False,True
826,29,4,129938.07,1,0,1,190200.53,0.6831599619624511,1,116,0,False,True,False
430,35,1,118894.22,1,0,0,2923.61,40.65301698346104,0,35,0,False,False,True
733,28,5,0.0,2,0,0,12761.16,0.0,0,140,1,False,False,False
632,42,4,126115.6,1,1,0,100998.5,1.2486754884925173,0,168,0,False,False,True
539,38,6,0.0,1,1,1,152880.07,0.0,1,228,1,False,True,True
614,41,7,179915.85,1,0,0,14666.35,12.266418269148824,0,287,0,False,True,False
706,20,8,0.0,2,1,1,12368.11,0.0,2,160,1,False,True,True
640,30,5,32197.64,1,0,1,141446.01,0.22763040378159988,1,150,0,True,False,False
711,43,2,39043.29,2,1,1,175423.69,0.22256439501189942,2,86,0,True,False,True
703,41,6,109941.51,1,1,0,116267.28,0.9455847286981454,0,246,0,False,False,False
661,47,0,109493.62,1,0,0,188324.01,0.5814077482326961,0,0,0,True,False,False
663,43,4,87624.03,2,1,0,149401.33,0.586497078057618,0,172,0,False,False,True
568,33,7,0.0,2,1,0,143450.61,0.0,0,231,1,False,False,True
727,39,5,80615.46,2,0,0,180962.32,0.4454795590620243,0,195,0,True,False,True
677,34,10,171671.9,1,1,1,50777.77,3.380780983863926,1,340,0,False,True,False
557,36,3,0.0,1,0,1,144078.02,0.0,1,108,1,False,False,True
640,39,3,0.0,1,1,1,105997.25,0.0,1,117,1,False,True,True
551,35,7,129717.3,2,0,0,86937.2,1.4920633277431556,0,245,0,False,False,True
575,52,8,123925.23,1,0,0,111342.66,1.1129976327345446,0,416,0,False,True,True
606,40,6,119501.88,2,1,0,46774.94,2.554772389395061,0,240,0,False,False,True
711,53,5,123805.03,1,1,0,102428.51,1.208685172856924,0,265,0,True,False,False
850,28,8,67639.56,2,1,1,194245.29,0.3482154536902609,2,224,0,False,False,True
633,31,1,0.0,1,1,0,48606.71,0.0,0,31,1,False,False,True
646,29,4,105957.44,1,1,0,15470.91,6.848374893597494,0,116,0,True,False,False
626,38,7,141074.59,1,1,0,52795.56,2.672041322389186,0,266,0,False,False,True
716,40,3,0.0,2,0,1,167636.15,0.0,2,120,1,False,False,False
779,37,2,128389.63,1,1,1,6589.16,19.482020163395124,1,74,0,True,False,False
635,32,8,0.0,2,1,1,19367.98,0.0,2,256,1,False,True,False
775,27,4,0.0,1,1,1,40807.26,0.0,1,108,1,False,True,True
678,26,5,111128.04,1,1,0,60941.27,1.823496893043203,0,130,0,False,False,True
839,51,3,0.0,1,1,1,69101.23,0.0,1,153,1,False,False,False
692,31,2,0.0,2,1,0,91829.17,0.0,0,62,1,False,False,False
499,21,3,176511.08,1,1,1,153920.22,1.1467624801830443,1,63,0,False,False,False
530,34,8,0.0,2,0,1,141872.52,0.0,2,272,1,False,False,False
548,33,1,80107.83,2,0,1,82245.67,0.9739948134070352,2,33,0,False,False,False
537,41,3,138306.34,1,1,0,106761.47,1.2954584134293632,0,123,0,True,False,False
678,48,2,101099.9,2,0,1,193476.04,0.5225421062881672,2,96,0,True,False,True
533,43,4,80442.06,2,0,1,12537.42,6.415645671464188,2,172,0,True,False,True
723,20,4,0.0,2,1,1,140385.33,0.0,2,80,1,False,False,False
544,38,8,0.0,1,1,1,98208.62,0.0,1,304,1,False,False,True
847,31,5,0.0,2,1,1,76326.67,0.0,2,155,1,False,True,True
575,47,9,107915.94,2,1,1,63452.18,1.700717599968985,2,423,0,True,False,True
574,34,5,0.0,2,0,0,28269.86,0.0,0,170,1,False,True,True
572,31,5,98108.79,1,0,1,119996.95,0.817587217114959,1,155,0,False,True,True
718,31,1,152663.77,1,0,1,17128.64,8.912257934200602,1,31,0,False,False,False
637,35,8,147127.81,2,1,1,84760.7,1.7357817268884415,2,280,0,True,False,True
704,24,2,0.0,1,1,0,35600.25,0.0,0,48,1,False,True,False
645,33,8,149564.61,1,0,0,149913.84,0.9976638069986933,0,264,0,True,False,True
597,35,8,131101.04,1,1,1,192852.67,0.6797954117233029,1,280,0,True,False,False
598,35,8,114212.6,1,1,1,74322.85,1.536688425047949,1,280,0,False,False,True
703,31,6,0.0,2,1,1,67667.19,0.0,2,186,1,False,True,True
724,34,2,154485.74,2,0,0,78560.64,1.9664271265212894,0,68,0,False,False,True
613,37,3,171653.17,1,0,1,5353.12,32.060015464726234,1,111,0,False,True,True
696,30,8,0.0,2,1,1,196134.44,0.0,2,240,1,False,False,False
813,27,1,137275.36,1,0,1,115733.16,1.1861265507089693,1,27,0,False,True,True
714,26,9,89928.99,1,1,0,46203.31,1.9463333615413803,0,234,0,False,False,False
794,37,9,0.0,2,1,0,68008.85,0.0,0,333,1,False,True,False
687,36,5,0.0,1,1,0,17696.22,0.0,0,180,1,False,True,False
598,64,1,0.0,2,1,0,195635.3,0.0,0,64,1,False,False,True
773,41,4,0.0,2,1,1,24924.92,0.0,2,164,1,False,False,True
545,37,8,114754.08,1,1,0,136050.44,0.8434609732906906,0,296,0,True,False,False
632,39,5,97854.37,2,1,0,93536.38,1.0461525648890315,0,195,0,False,True,False
826,56,8,174506.1,2,0,1,161802.82,1.0785042034236274,2,448,0,False,True,False
535,50,1,140292.58,3,0,0,69531.22,2.017662890671404,0,50,0,False,True,False
572,35,4,152390.26,1,1,0,128123.66,1.1893905513583412,0,140,0,False,True,True
706,30,6,87609.68,2,0,0,137674.55,0.636348865139816,0,180,0,False,True,True
694,30,10,144684.03,1,1,1,31805.49,4.54888389130646,1,300,0,False,False,True
575,30,2,0.0,2,1,1,82222.86,0.0,2,60,1,False,True,True
626,44,10,81553.93,1,1,0,20063.63,4.0645618683225155,0,440,0,False,False,False
645,37,1,0.0,2,1,1,68987.55,0.0,2,37,1,False,False,False
758,32,2,84378.9,1,1,1,75396.43,1.1191216995062034,1,64,0,False,False,False
559,62,6,118756.62,1,1,1,20367.68,5.8303542497599254,1,372,0,False,False,True
696,31,3,150604.52,1,0,0,5566.6,27.050168833967955,0,93,0,True,False,True
480,44,10,129608.57,1,1,0,5472.7,23.6784204468641,0,440,0,True,False,True
567,36,1,0.0,2,0,0,8555.73,0.0,0,36,1,False,False,True
720,29,7,106230.92,1,1,1,69903.93,1.5196484711450253,1,203,0,True,False,False
528,62,7,133201.17,1,0,0,168507.68,0.7904706748637519,0,434,0,True,False,False
687,27,9,152328.88,2,0,0,126494.82,1.2042206612044573,0,243,0,True,False,False
531,37,1,0.0,1,1,0,4606.97,0.0,0,37,1,False,False,False
548,35,10,0.0,1,1,1,31299.71,0.0,1,350,1,False,False,False
738,26,9,0.0,2,1,1,48644.94,0.0,2,234,1,False,False,True
615,30,8,0.0,2,0,0,3183.15,0.0,0,240,1,False,False,True
561,28,6,123692.0,1,1,1,70548.96,1.7532540060972392,1,168,0,False,True,True
652,45,2,151421.44,1,0,1,115333.43,1.3128901751194333,1,90,0,True,False,True
850,57,8,126776.3,2,1,1,132298.49,0.9582523711920583,2,456,0,False,True,False
719,40,4,128389.12,1,1,1,176091.31,0.7291012310531902,1,160,0,False,True,True
476,40,6,0.0,1,1,1,22735.45,0.0,1,240,1,False,False,True
669,47,0,63723.78,2,1,1,181928.25,0.35026682075587073,2,0,0,True,False,True
590,34,0,65812.35,2,0,1,160346.3,0.4104362842405205,2,0,0,False,True,True
500,34,6,0.0,1,1,1,140268.45,0.0,1,204,1,False,False,False
619,35,4,90413.12,1,1,1,20555.21,4.398336074597409,1,140,0,False,False,False
497,29,4,85646.81,1,0,0,63233.02,1.3544419601980073,0,116,0,False,False,False
715,32,10,0.0,2,1,0,60907.49,0.0,0,320,1,False,False,False
358,52,8,143542.36,3,1,0,141959.11,1.0111457366439065,0,416,0,False,True,False
619,44,3,116967.68,1,1,0,5075.17,23.04250645663955,0,132,0,False,False,True
850,56,1,169743.83,1,0,0,155850.4,1.0891389490245196,0,56,0,True,False,True
525,37,0,0.0,1,0,1,131521.72,0.0,1,0,1,False,True,False
637,27,9,128940.24,1,1,0,46786.92,2.7558446710176474,0,243,0,False,False,True
684,24,9,79263.9,1,0,1,196574.48,0.4032237387898022,1,216,0,False,True,False
640,31,10,118613.34,1,1,0,168469.65,0.7040593717659426,0,310,0,True,False,False
742,28,2,191864.51,1,1,0,108457.99,1.7690051327234377,0,56,0,False,False,False
648,54,7,118241.02,1,1,0,172586.89,0.6851061218721661,0,378,0,False,True,False
644,46,6,12459.19,1,0,0,156787.34,0.07946502909591364,0,276,0,False,True,False
777,37,10,121532.17,2,1,1,73464.88,1.6542668514962318,2,370,0,True,False,False
427,33,8,0.0,1,1,1,13858.95,0.0,1,264,1,False,False,True
651,35,8,110067.71,1,1,0,127678.95,0.8620594697914591,0,280,0,True,False,True
764,48,1,75990.97,1,1,0,158323.81,0.4799688058997197,0,48,0,False,True,False
576,29,7,130575.26,1,0,1,173629.78,0.7520282982084167,1,203,0,True,False,True
611,40,1,0.0,2,1,1,102547.56,0.0,2,40,1,False,False,True
710,37,5,0.0,2,1,0,115403.31,0.0,0,185,1,False,False,False
700,39,5,144550.83,2,1,1,189664.43,0.7621358831706969,2,195,0,True,False,False
725,35,7,75915.75,1,1,0,150507.43,0.504395335198168,0,245,0,False,False,True
580,61,8,125921.37,1,1,1,94677.83,1.32998443263399,1,488,0,False,True,True
731,49,4,88826.07,1,1,1,33759.41,2.631072016009284,1,196,0,True,False,False
683,72,3,140997.26,1,0,1,52876.41,2.666493309713921,1,216,0,False,False,True
581,24,10,159203.71,1,1,1,102517.83,1.552921643760468,1,240,0,False,True,False
644,33,9,141234.98,1,1,0,95673.05,1.4762099022671247,0,297,0,False,False,True
590,24,7,126431.54,1,1,0,58781.11,2.1508506584741514,0,168,0,False,False,True
558,25,10,111363.1,2,1,0,197264.35,0.5645345216481252,0,250,0,True,False,True
589,20,2,121093.29,2,1,0,3529.72,34.29705272578964,0,40,0,True,False,False
768,48,3,122831.58,1,1,1,24533.89,5.006404349071873,1,144,0,True,False,True
751,36,5,73194.99,1,1,1,89222.66,0.820354040621064,1,180,0,True,False,True
606,38,7,128578.52,1,1,1,193878.51,0.6631877705900948,1,266,0,False,True,True
690,54,5,0.0,1,1,0,12847.61,0.0,0,270,1,False,False,True
646,42,3,175159.9,2,0,0,67124.48,2.6094398133167913,0,126,0,False,False,False
674,36,6,100762.64,1,1,0,182156.86,0.5531610878608259,0,216,0,True,False,False
525,60,7,0.0,2,0,1,168034.9,0.0,2,420,1,False,True,False
727,52,4,0.0,2,1,1,118429.02,0.0,2,208,1,False,False,True
658,35,9,71829.34,1,1,1,68141.92,1.0540983568065472,1,315,0,False,True,True
845,28,9,0.0,2,1,1,56185.98,0.0,2,252,1,False,False,False
646,24,0,92398.08,1,1,1,18897.29,4.889229660461343,1,0,0,True,False,True
691,41,8,109153.96,3,1,1,148848.76,0.7333163318503167,3,328,0,True,False,False
553,47,3,116528.15,1,0,0,145704.19,0.7997529120273615,0,141,0,False,True,True
731,31,1,132512.26,1,1,1,185466.85,0.7144756355346763,1,31,0,False,False,True
647,37,3,116509.99,1,1,1,149517.71,0.7792335153239351,1,111,0,True,False,True
674,28,3,0.0,1,1,0,51536.99,0.0,0,84,1,False,False,False
758,23,5,122739.1,1,1,0,102460.84,1.197900603776001,0,115,0,True,False,False
613,26,4,100446.57,1,0,1,149653.81,0.6711883834538964,1,104,0,False,False,True
765,34,5,86055.17,2,1,1,104220.5,0.8256949861592857,2,170,0,True,False,True
550,25,0,0.0,2,1,1,184221.11,0.0,2,0,1,False,False,True
717,38,7,0.0,2,1,1,158580.05,0.0,2,266,1,False,False,True
689,28,2,64808.32,2,0,0,78591.15,0.8246156899893947,0,56,0,True,False,False
630,41,7,107511.52,1,0,1,46156.87,2.3292131980960127,1,287,0,False,True,True
554,44,6,92436.86,1,1,0,126033.9,0.7334227265622459,0,264,0,False,False,False
811,28,4,167738.82,2,1,1,9903.42,16.93575393612145,2,112,0,True,False,False
592,45,8,84692.5,1,0,1,67214.02,1.2600234292870849,1,360,0,False,True,True
765,37,7,102708.77,1,1,0,9087.81,11.300574002537187,0,259,0,True,False,True
637,40,8,125470.81,1,1,1,174536.17,0.7188773027544791,1,320,0,False,False,True
581,25,5,77886.53,2,1,0,150319.49,0.5181364829239181,0,125,0,False,False,True
668,72,2,0.0,2,1,1,70783.61,0.0,2,144,1,False,False,True
802,41,5,0.0,2,1,1,134626.3,0.0,2,205,1,False,True,True
684,18,9,90544.0,1,0,1,4777.23,18.94927619641583,1,162,0,True,False,True
804,25,7,108396.67,1,1,0,128276.95,0.8450140495697039,0,175,0,False,False,True
705,39,8,144102.32,1,1,1,11682.36,12.33397926623848,1,312,0,False,True,False
785,38,9,107199.75,1,0,0,146398.51,0.7322411803154258,0,342,0,True,False,False
700,26,2,0.0,2,0,0,50051.42,0.0,0,52,1,False,False,False
627,32,1,0.0,1,1,0,106851.7,0.0,0,32,1,False,False,False
745,34,9,0.0,2,1,0,50046.25,0.0,0,306,1,False,True,True
651,35,2,86911.8,1,1,0,174094.24,0.4992198523061286,0,70,0,False,False,True
692,44,8,0.0,1,0,1,159069.37,0.0,1,352,1,False,True,False
739,54,8,126418.14,1,1,0,134420.75,0.9404589659039553,0,432,0,True,False,True
775,38,4,125212.65,2,1,1,15795.88,7.926416482242063,2,152,0,True,False,False
573,37,6,0.0,2,1,0,193995.37,0.0,0,222,1,False,False,False
850,36,0,136980.23,2,1,1,99019.65,1.3833501395920953,2,0,0,True,False,False
447,43,2,0.0,2,1,0,33879.26,0.0,0,86,1,False,False,True
701,33,7,123870.07,1,1,0,97794.71,1.2666206932798996,0,231,0,False,True,False
685,39,9,0.0,2,1,1,18826.06,0.0,2,351,1,False,True,True
675,32,10,0.0,2,1,0,191545.65,0.0,0,320,1,False,True,True
526,30,9,0.0,2,0,0,100995.68,0.0,0,270,1,False,False,True
597,24,0,108058.07,2,1,1,187826.11,0.5753060354280062,2,0,0,False,True,True
648,28,9,102282.61,1,1,1,157891.11,0.6478006405766571,1,252,0,False,True,False
673,77,10,76510.52,2,0,1,59595.66,1.2838055018519494,2,770,0,True,False,False
546,20,6,0.0,1,0,1,20508.85,0.0,1,120,1,False,False,False
624,51,10,123401.43,2,1,1,127825.25,0.9653841053774166,2,510,0,False,False,True
604,23,9,124577.33,1,1,1,7267.25,17.139934647267225,1,207,0,False,True,True
465,53,1,117438.17,1,0,0,74898.8,1.5679370305394673,0,53,0,True,False,True
522,30,3,0.0,2,1,0,145490.85,0.0,0,90,1,False,True,True
850,43,3,0.0,2,0,0,2465.8,0.0,0,129,1,False,False,False
439,29,6,156569.43,1,1,0,180598.66,0.8669419975652224,0,174,0,False,False,False
642,34,8,0.0,1,1,0,72085.1,0.0,0,272,1,False,True,True
767,77,8,149083.7,1,1,1,190146.83,0.7840410274469082,1,616,0,False,True,True
683,57,5,162448.69,1,0,0,9221.78,17.613852872994908,0,285,0,True,False,False
850,29,10,0.0,2,1,1,94815.04,0.0,2,290,1,False,True,False
580,65,1,0.0,2,0,1,103182.46,0.0,2,65,1,False,True,False
747,47,5,139914.6,4,0,1,129964.56,1.0765513571441543,4,235,0,False,False,False
706,42,8,95386.82,1,1,1,75732.25,1.2595104528063963,1,336,0,False,True,False
638,55,2,155828.22,1,0,1,108987.25,1.4297708239190923,1,110,0,False,True,False
564,31,0,110527.17,1,1,1,87060.77,1.269525878005926,1,0,0,False,False,True
655,40,0,81954.6,1,1,1,198798.44,0.41224764013419757,1,0,0,True,False,False
779,42,5,0.0,2,0,0,25951.91,0.0,0,210,1,False,False,False
837,38,2,0.0,2,1,1,46395.21,0.0,2,76,1,False,False,False
588,41,2,131341.46,2,0,1,7034.94,18.667222858637224,2,82,0,True,False,True
595,33,9,0.0,2,1,1,41447.86,0.0,2,297,1,False,False,False
641,35,4,0.0,2,0,0,125986.18,0.0,0,140,1,False,False,False
690,42,3,92578.14,2,0,0,70810.6,1.307386642866423,0,126,0,False,False,False
688,40,8,150679.71,2,0,1,196226.38,0.767883207735842,2,320,0,True,False,False
677,34,3,126729.41,1,1,1,26106.39,4.854158535188696,1,102,0,True,False,True
659,32,2,155584.21,1,0,1,153662.88,1.0124969511377688,1,64,0,False,False,False
631,33,2,0.0,2,1,1,158268.84,0.0,2,66,1,False,True,True
683,24,8,98567.1,1,1,0,187987.01,0.5243265248671977,0,192,0,False,True,False
566,21,3,0.0,2,1,1,3626.47,0.0,2,63,1,False,False,False
710,62,3,131078.42,2,1,0,119348.76,1.0982713329293667,0,186,0,False,True,True
549,43,3,134985.66,1,1,0,6101.41,22.120057485485244,0,129,0,True,False,False
659,43,1,106086.42,2,1,0,26900.63,3.9434941302813247,0,43,0,False,False,True
563,32,6,0.0,2,1,1,19720.08,0.0,2,192,1,False,True,True
730,39,1,116537.6,1,0,0,145679.6,0.7999527733960459,0,39,0,False,False,True
741,36,0,127675.39,2,1,0,74260.16,1.719275459742347,0,0,0,True,False,False
518,46,3,0.0,2,1,0,76515.79,0.0,0,138,1,False,False,True
568,40,1,99282.63,1,0,0,134600.94,0.7376017760219504,0,40,0,True,False,True
775,77,6,135120.56,1,1,0,37836.64,3.571062042981539,0,462,0,True,False,False
640,29,3,0.0,2,1,0,2743.69,0.0,0,87,1,False,False,False
759,44,2,111095.58,2,1,0,100137.7,1.1094170385675068,0,88,0,False,False,True
542,29,7,0.0,2,0,1,196651.72,0.0,2,203,1,False,False,False
797,29,1,0.0,1,0,1,149991.32,0.0,1,29,1,False,False,True
590,37,6,169902.92,1,1,1,128256.18,1.3247049404953393,1,222,0,False,True,True
693,25,6,146580.69,1,0,1,14633.35,10.016207757775371,1,150,0,True,False,True
676,20,1,80569.73,1,0,0,68621.98,1.174092556167045,0,20,0,False,False,True
700,42,8,0.0,2,1,1,105305.72,0.0,2,336,1,False,False,False
708,34,3,0.0,1,0,1,121457.88,0.0,1,102,1,False,False,True
615,61,1,104267.7,1,1,0,62845.64,1.6590815356238615,0,61,0,False,False,False
770,36,2,89800.14,1,1,1,105922.69,0.8477814547435045,1,72,0,False,False,True
567,35,5,166118.45,2,1,0,127827.18,1.2995448265006981,0,175,0,False,False,False
778,29,7,123229.46,1,1,0,181221.09,0.6799913851561915,0,203,0,True,False,False
713,43,5,86394.14,1,1,1,130001.13,0.6645594191418248,1,215,0,False,False,True
696,43,4,114091.38,1,0,1,159888.1,0.7135657152363732,1,172,0,True,False,True
583,47,5,102562.23,1,1,0,92708.1,1.1062800739086023,0,235,0,False,True,True
624,36,0,0.0,2,1,0,111605.9,0.0,0,0,1,False,True,False
786,37,7,165896.22,2,1,1,66977.68,2.4768511412885417,2,259,0,False,False,True
623,27,4,120509.81,1,0,0,142170.44,0.8476372610420208,0,108,0,False,False,True
523,34,2,161588.89,1,1,1,51358.66,3.146221957076819,1,68,0,False,False,True
588,36,2,0.0,2,1,0,92536.0,0.0,0,72,1,False,False,False
665,29,1,182781.74,2,1,1,63732.9,2.8678888315323556,2,29,0,False,True,True
611,52,7,0.0,1,0,1,73585.18,0.0,1,364,1,False,True,True
653,51,3,0.0,1,1,0,170426.65,0.0,0,153,1,False,False,True
411,54,9,0.0,1,0,1,76621.49,0.0,1,486,1,False,False,False
617,35,5,0.0,2,0,1,13066.3,0.0,2,175,1,False,False,False
612,24,1,182705.05,1,1,1,171837.06,1.0632397153459483,1,24,0,False,False,True
681,29,8,0.0,1,1,0,66367.33,0.0,0,232,1,False,False,True
806,67,1,0.0,2,0,1,103945.58,0.0,2,67,1,False,False,False
731,37,1,128932.4,1,1,1,180712.52,0.7134629440010908,1,37,0,False,True,False
637,39,3,109698.41,1,1,1,88391.29,1.2410404798880084,1,117,0,True,False,False
657,41,8,109402.13,1,1,1,66463.62,1.6460205444641076,1,328,0,False,True,True
637,32,3,0.0,2,1,1,197827.06,0.0,2,96,1,False,False,True
737,40,2,162485.8,2,1,0,149381.32,1.0877177433045624,0,80,0,True,False,False
630,28,1,0.0,2,1,1,133267.78,0.0,2,28,1,False,False,False
559,46,5,0.0,1,1,0,21006.1,0.0,0,230,1,False,False,False
769,48,2,96542.16,2,0,1,197885.72,0.48786578503095107,2,96,0,False,False,True
633,26,8,124281.84,1,1,1,60116.57,2.067313099980588,1,208,0,False,False,False
606,53,1,109330.06,1,1,1,75860.01,1.4411890904168032,1,53,0,False,True,False
814,31,1,118870.92,1,1,0,101704.19,1.168779292384194,0,31,0,False,False,True
538,42,9,0.0,1,0,0,152855.96,0.0,0,378,1,False,True,False
821,45,0,135827.33,2,1,1,131778.58,1.0307160639000368,2,0,0,True,False,True
570,46,3,0.0,2,0,0,820.46,0.0,0,138,1,False,False,False
714,34,5,141173.03,1,0,1,98896.06,1.4274744871081102,1,170,0,False,False,True
655,38,9,0.0,1,0,1,90490.33,0.0,1,342,1,False,True,True
482,35,2,133111.73,1,0,1,79957.95,1.66475085028005,1,70,0,False,False,False
623,35,0,130557.24,1,1,1,47880.71,2.726662017709894,1,0,0,False,False,False
452,35,8,0.0,2,1,1,149614.81,0.0,2,280,1,False,False,False
594,50,7,81310.34,1,1,1,183868.01,0.44221883829145536,1,350,0,False,False,True
798,38,4,129055.13,1,1,0,157147.59,0.8212299582197969,0,152,0,True,False,False
683,33,9,0.0,2,1,1,38784.42,0.0,2,297,1,False,False,False
725,40,8,104149.66,1,1,0,62027.9,1.6790505715884048,0,320,0,True,False,True
758,56,1,0.0,2,1,1,10643.38,0.0,2,56,1,False,True,True
638,41,9,144326.09,1,1,0,73979.85,1.9508574178317766,0,369,0,True,False,False
725,31,6,0.0,1,0,0,61326.43,0.0,0,186,1,False,False,False
712,33,2,182888.08,1,1,0,3061.0,59.72830829523187,0,66,0,False,False,True
645,39,8,0.0,2,0,0,96864.36,0.0,0,312,1,False,False,True
687,39,2,0.0,3,0,0,188150.6,0.0,0,78,1,False,True,False
664,57,6,0.0,2,1,1,15304.08,0.0,2,342,1,False,False,True
811,34,1,149297.19,2,1,1,186339.74,0.8012053080823872,2,34,0,True,False,False
775,33,3,83501.66,2,1,0,128841.31,0.648091919494458,0,99,0,True,False,True
784,38,5,136712.91,1,0,1,169920.92,0.8045631193432842,1,190,0,False,False,True
762,60,10,168920.75,1,1,0,31445.03,5.371767119728627,0,600,0,False,True,False
650,27,6,0.0,2,1,0,1002.39,0.0,0,162,1,False,False,False
610,36,7,115462.02,1,0,1,42581.04,2.711519222658191,1,252,0,True,False,True
582,33,6,0.0,2,0,1,72970.93,0.0,2,198,1,False,True,True
536,28,4,0.0,1,1,1,136197.65,0.0,1,112,1,False,True,False
472,29,8,102490.27,1,0,1,181224.56,0.5655398167896405,1,232,0,False,False,True
548,57,6,76165.65,1,1,1,133537.53,0.5703645981425735,1,342,0,False,False,True
726,38,4,0.0,2,0,0,6787.48,0.0,0,152,1,False,False,False
486,26,2,0.0,2,1,1,31399.4,0.0,2,52,1,False,False,True
647,30,6,143138.91,2,1,0,2955.46,48.415642356060964,0,180,0,True,False,True
741,39,5,0.0,1,0,1,40207.06,0.0,1,195,1,False,False,True
373,42,7,0.0,1,1,0,77786.37,0.0,0,294,1,False,False,True
850,36,5,119984.07,1,1,0,191535.11,0.6264305461774284,0,180,0,True,False,True
563,35,2,183572.84,1,1,1,66006.75,2.781080100442751,1,70,0,False,False,False
542,38,8,65942.26,1,1,1,68093.23,0.9683971755022415,1,304,0,False,False,True
742,24,8,0.0,2,1,0,4070.28,0.0,0,192,1,False,True,True
743,65,2,131935.51,1,1,1,96399.67,1.3686161102407277,1,130,0,True,False,True
694,33,4,124067.32,1,1,1,77906.87,1.592487639567094,1,132,0,True,False,True
413,34,9,0.0,2,0,0,6534.18,0.0,0,306,1,False,False,True
760,57,1,0.0,2,1,1,25101.17,0.0,2,57,1,False,True,False
541,36,5,0.0,2,1,0,124795.84,0.0,0,180,1,False,False,True
494,38,7,174937.64,1,1,0,40084.32,4.364132305791746,0,266,0,True,False,False
462,27,4,176913.52,1,1,0,80587.27,2.1952763100634867,0,108,0,False,False,True
850,38,5,0.0,2,1,0,16491.64,0.0,0,190,1,False,False,True
606,32,5,83161.65,1,1,1,116885.59,0.7114729756424581,1,160,0,False,False,True
534,34,5,170600.78,1,0,1,5240.53,32.547897274269154,1,170,0,False,True,True
646,50,0,104129.24,2,1,0,181794.86,0.5727811403405997,0,0,0,False,False,True
730,35,0,155470.55,1,1,1,53718.28,2.8941294447729007,1,0,0,False,False,False
566,42,6,0.0,1,1,0,180702.12,0.0,0,252,1,False,False,False
677,37,3,0.0,2,1,1,38252.25,0.0,2,111,1,False,False,False
776,39,2,104349.45,1,0,0,79503.05,1.3125048346593664,0,78,0,False,True,True
636,48,3,120568.41,1,1,0,190160.04,0.6340331857671793,0,144,0,True,False,False
516,47,6,109387.33,1,0,0,121365.45,0.9012979287109412,0,282,0,False,False,False
592,31,7,110071.1,1,0,0,43921.36,2.506037926923781,0,217,0,False,True,True
700,26,4,119009.57,1,1,0,141926.43,0.8385240964343539,0,104,0,False,False,True
579,26,10,162482.76,1,1,1,18458.2,8.802264453497443,1,260,0,False,False,False
522,25,1,111432.13,1,1,1,168683.57,0.6605946827264639,1,25,0,True,False,True
543,42,5,0.0,2,0,0,101905.34,0.0,0,210,1,False,False,False
632,40,5,147650.68,1,1,1,199674.83,0.739451940678048,1,200,0,False,False,True
652,75,10,0.0,2,1,1,114675.75,0.0,2,750,1,False,True,False
724,35,0,171982.95,2,0,1,167313.07,1.0279048857038742,2,0,0,True,False,False
715,32,8,175307.32,1,1,0,187051.23,0.9372105320529993,0,256,0,False,False,True
739,58,1,110597.76,1,0,1,160122.66,0.6907021735576117,1,58,0,True,False,True
640,46,3,0.0,1,1,1,156260.08,0.0,1,138,1,False,True,False
637,41,2,138014.4,2,1,0,140298.24,0.9837145233288506,0,82,0,True,False,True
569,35,10,124525.52,1,1,1,193793.78,0.6425638502750177,1,350,0,False,False,True
774,42,2,132193.94,2,1,1,162865.52,0.8116704403090335,2,84,0,True,False,True
767,35,6,132253.22,1,1,0,115566.57,1.144380036717913,0,210,0,True,False,False
722,40,6,0.0,2,1,1,111893.09,0.0,2,240,1,False,False,True
686,35,4,0.0,1,1,0,8816.37,0.0,0,140,1,False,False,True
780,33,6,145580.61,1,1,1,154598.56,0.9416625118467348,1,198,0,False,True,False
591,33,9,131765.72,1,1,0,118782.06,1.1092972348077244,0,297,0,False,False,True
850,62,1,124678.35,1,1,0,70916.0,1.7580883286095013,0,62,0,False,False,False
808,39,3,124216.93,1,0,1,171442.36,0.7245362550057348,1,117,0,True,False,True
623,48,5,118469.38,1,1,1,158590.25,0.7470108218454675,1,240,0,False,False,True
510,52,6,191665.21,1,1,1,131312.56,1.459599526507392,1,312,0,False,False,False
714,31,6,152926.6,1,1,1,50899.91,3.004398153196082,1,186,0,False,True,False
704,23,6,166594.78,1,1,1,155823.2,1.0691200724919492,1,138,0,False,False,True
772,30,6,99785.28,2,0,0,197238.03,0.5059104174260034,0,180,0,True,False,True
501,34,5,0.0,1,1,0,27380.99,0.0,0,170,1,False,False,False
777,46,0,107362.8,1,1,0,487.3,219.8705713700594,0,0,0,True,False,False
487,31,1,0.0,2,1,0,158750.13,0.0,0,31,1,False,True,False
623,24,5,0.0,2,1,0,116160.04,0.0,0,120,1,False,False,False
648,42,2,98795.61,2,1,0,89123.99,1.1085062674340833,0,84,0,False,True,True
621,47,0,0.0,1,1,1,133831.37,0.0,1,0,1,False,False,True
553,37,2,0.0,2,1,0,33877.29,0.0,0,74,1,False,False,True
596,42,7,0.0,2,1,1,121568.37,0.0,2,294,1,False,False,True
660,29,6,180520.29,1,1,1,123850.58,1.4575533876919455,1,174,0,True,False,False
432,42,9,152603.45,1,1,0,110265.24,1.3839544179614722,0,378,0,False,False,True
785,61,4,129855.72,2,1,0,170214.82,0.7628886668700947,0,244,0,False,True,False
769,34,7,137239.17,1,1,1,71379.92,1.9226310055964537,1,238,0,True,False,False
672,45,9,0.0,1,1,1,92027.69,0.0,1,405,1,False,False,False
477,24,2,95675.62,2,0,0,162699.7,0.5880467631669685,0,48,0,True,False,False
710,27,2,135277.96,1,1,0,142200.15,0.951314106812779,0,54,0,False,True,False
850,40,6,97339.99,1,0,1,88815.25,1.095970500893699,1,240,0,False,False,True
520,61,8,133802.29,2,1,1,90304.01,1.4816707290104947,2,488,0,True,False,True
623,24,7,148167.83,2,1,1,109470.34,1.3534851222246844,2,168,0,False,False,False
565,36,6,106192.1,1,1,0,149575.59,0.7099513366363013,0,216,0,False,False,True
771,41,5,0.0,2,0,1,92914.67,0.0,2,205,1,False,True,False
710,23,6,0.0,2,1,1,134188.11,0.0,2,138,1,False,True,True
723,30,3,124119.54,1,1,0,162198.32,0.7652284855448221,0,90,0,False,False,True
601,40,3,92055.36,1,0,1,164652.02,0.5590869818239593,1,120,0,False,False,False
710,47,5,158623.14,1,0,0,83499.89,1.8996580755007524,0,235,0,False,False,True
555,40,10,139930.18,1,1,1,105720.09,1.3235786729024455,1,400,0,False,False,True
601,40,10,127847.86,1,0,0,173245.68,0.7379527272903585,0,400,0,False,False,True
742,32,6,160485.16,1,1,0,29023.03,5.529389268134026,0,192,0,False,False,True
765,45,2,91549.78,1,1,1,47139.44,1.9420646052518813,1,90,0,False,True,True
689,45,0,130170.82,2,1,0,150856.38,0.8628733973770458,0,0,0,True,False,True
592,60,9,0.0,4,1,1,13614.01,0.0,4,540,1,False,False,True
677,24,0,148298.59,2,0,0,182913.95,0.8107516088761471,0,0,0,False,False,False
809,50,10,118098.62,1,1,1,100720.02,1.1725320097036347,1,500,0,True,False,True
649,32,1,0.0,1,0,1,91167.19,0.0,1,32,1,False,True,True
554,66,8,0.0,2,1,1,116747.62,0.0,2,528,1,False,True,True
543,30,4,140916.81,1,1,0,157711.18,0.8935061959069998,0,120,0,False,False,True
546,45,2,0.0,1,0,0,197789.83,0.0,0,90,1,False,True,False
774,36,9,130809.77,1,1,0,152290.28,0.8589445830385036,0,324,0,True,False,True
537,28,0,88963.31,2,1,1,189839.93,0.4686202812006873,2,0,0,False,False,True
655,28,3,113811.85,2,0,1,76844.23,1.4810528903355487,2,84,0,False,True,False
651,29,3,121890.06,1,1,0,54530.51,2.2352225346409806,0,87,0,True,False,True
643,34,3,83132.09,1,1,1,21360.88,3.8916092591101528,1,102,0,False,True,True
681,29,2,148143.84,1,1,1,52021.39,2.8476938487447425,1,58,0,False,False,False
850,39,5,114491.82,1,1,0,99689.48,1.1484729534856288,0,195,0,True,False,False
568,51,4,0.0,3,1,1,66586.56,0.0,3,204,1,False,False,True
641,40,9,0.0,1,0,0,151648.66,0.0,0,360,1,False,False,False
487,53,10,89550.85,1,0,1,90076.85,0.9941495051225134,1,530,0,False,False,False
703,39,6,152685.4,1,0,0,183656.12,0.8313611800076142,0,234,0,False,True,True
686,22,8,0.0,2,0,0,142331.85,0.0,0,176,1,False,True,True
688,38,7,123544.21,1,1,1,157664.02,0.7835866827023522,1,266,0,False,False,False
697,40,4,0.0,2,0,1,26543.28,0.0,2,160,1,False,False,True
793,56,8,119496.25,2,1,0,29880.99,3.9989388256940046,0,448,0,False,False,True
480,39,5,121626.9,1,1,1,82438.13,1.4753539975494645,1,195,0,False,True,True
610,36,4,129440.3,2,1,0,102638.35,1.2611176902425825,0,144,0,False,False,True
709,36,0,0.0,2,1,0,46811.77,0.0,0,0,1,False,False,True
508,60,7,143262.04,1,1,1,129562.74,1.1057263397922907,1,420,0,False,False,False
517,29,5,0.0,2,1,0,103402.88,0.0,0,145,1,False,True,False
537,45,7,158621.04,1,1,0,120892.96,1.312067534225862,0,315,0,False,False,False
701,39,9,140236.98,1,0,1,146651.99,0.9562503976223057,1,351,0,False,False,True
579,31,6,139729.54,1,0,1,135815.38,1.0288121359146813,1,186,0,True,False,True
566,54,4,118614.6,2,1,1,172601.62,0.687212048113754,2,216,0,True,False,True
774,36,9,114997.42,1,1,0,75304.09,1.5270869472435395,0,324,0,False,False,False
577,37,2,127261.35,1,1,0,56185.05,2.2649990522558534,0,74,0,False,False,True
850,66,0,127120.62,1,0,1,118929.64,1.0688634989267694,1,0,0,True,False,False
702,26,4,135219.57,1,0,1,59747.63,2.2631409289217177,1,104,0,False,True,False
683,43,8,0.0,1,1,0,96754.8,0.0,0,344,1,False,False,True
556,38,8,0.0,2,0,0,417.41,0.0,0,304,1,False,True,True
669,30,7,139872.81,1,1,0,188795.85,0.7408641086967287,0,210,0,True,False,False
641,37,2,0.0,2,1,0,3939.87,0.0,0,74,1,False,False,False
822,37,3,105563.0,1,1,0,182624.93,0.5780285417300818,0,111,0,False,False,True
538,30,8,0.0,2,1,1,41192.95,0.0,2,240,1,False,True,False
681,37,7,69609.85,1,1,1,72127.83,0.9650766552015332,1,259,0,False,False,False
520,31,4,93249.4,1,1,0,77335.75,1.2057579352636358,0,124,0,False,False,True
747,41,5,94521.17,2,1,0,194926.86,0.4849033380862028,0,205,0,False,True,False
599,61,1,124737.96,1,0,1,90389.61,1.3799880319426985,1,61,0,True,False,True
582,52,2,151457.88,1,0,1,40893.61,3.703614730645432,1,104,0,False,False,True
659,31,4,118342.26,1,0,0,161574.19,0.7324284130502956,0,124,0,False,False,True
623,42,1,149332.48,2,1,0,100834.22,1.480955562947153,0,42,0,True,False,True
730,29,2,0.0,2,1,0,14174.09,0.0,0,58,1,False,True,True
742,55,5,155196.17,1,0,1,121207.66,1.2804049644637603,1,275,0,True,False,True
461,51,9,119889.84,1,0,0,56767.67,2.111901511872658,0,459,0,False,False,True
610,41,6,0.0,3,0,0,56118.81,0.0,0,246,1,False,False,True
630,26,7,0.0,2,1,1,6656.64,0.0,2,182,1,False,True,True
632,42,4,119624.6,2,1,1,195978.86,0.6103923127611175,2,168,0,True,False,True
634,59,3,95727.05,1,0,0,97939.4,0.9774010520684009,0,177,0,True,False,False
845,41,2,81733.74,2,0,0,199761.29,0.4091550011766485,0,82,0,True,False,False
693,34,10,107556.06,2,0,0,154631.35,0.6955598876949098,0,340,0,False,True,False
510,50,7,123936.54,1,1,1,23768.01,5.214207070466966,1,350,0,True,False,False
477,36,3,117700.86,1,0,0,74042.0,1.5896284591386087,0,108,0,True,False,False
653,31,2,154741.45,2,0,0,25183.01,6.144432518887978,0,62,0,True,False,True
782,34,6,147422.44,1,0,1,42143.61,3.4980140995491475,1,204,0,False,True,True
694,31,6,109052.59,2,1,1,19448.93,5.606837145429315,2,186,0,True,False,True
439,28,7,110976.23,2,1,0,138526.96,0.8011106927439053,0,196,0,False,False,True
516,29,2,104982.57,1,1,0,157378.5,0.6670663587061848,0,58,0,False,False,False
647,51,4,131156.76,1,1,0,29883.63,4.388769745518014,0,204,0,True,False,True
667,24,4,0.0,2,0,0,180329.83,0.0,0,96,1,False,False,True
788,32,4,112079.58,1,0,0,89368.59,1.2541131720532679,0,128,0,False,False,True
529,72,5,94216.05,1,1,1,78695.68,1.1972048884400208,1,360,0,True,False,True
613,42,7,115076.06,1,1,1,79323.61,1.4506980872644692,1,294,0,False,False,True
727,28,1,0.0,1,1,0,40357.39,0.0,0,28,1,False,True,True
501,27,4,95331.83,2,1,0,132104.76,0.7216326525050838,0,108,0,True,False,True
679,30,1,112543.42,1,1,1,179435.21,0.6272057351189039,1,30,0,False,False,False
540,39,1,82531.11,1,1,0,114092.52,0.723363693222893,0,39,0,True,False,True
616,31,3,136789.14,1,1,0,59346.4,2.3048885039614206,0,93,0,False,False,False
743,43,2,161807.18,2,0,1,93228.86,1.7355724871838272,2,86,0,False,True,True
696,29,8,0.0,2,1,0,191166.09,0.0,0,232,1,False,False,True
670,45,5,47884.92,1,1,1,54340.24,0.8811893140458333,1,225,0,False,False,False
518,40,4,0.0,2,0,1,194416.58,0.0,2,160,1,False,False,True
673,34,8,42157.08,1,1,0,20598.59,2.046500925503857,0,272,0,False,False,False
608,34,4,88772.87,1,1,1,168822.01,0.5258339488201282,1,136,0,False,False,False
737,54,9,0.0,1,1,0,83470.4,0.0,0,486,1,False,False,True
652,37,4,0.0,2,1,0,143393.24,0.0,0,148,1,False,False,False
850,32,9,0.0,2,1,1,18924.92,0.0,2,288,1,False,True,False
655,51,3,0.0,2,0,1,15801.02,0.0,2,153,1,False,False,False
769,38,6,0.0,2,0,0,104393.78,0.0,0,228,1,False,True,True
656,44,10,143571.52,1,0,0,127444.14,1.126535856918514,0,440,0,False,False,True
745,45,10,117231.63,3,1,1,122381.02,0.9579154683016345,3,450,0,True,False,True
689,47,1,93871.95,3,1,0,156878.42,0.5983700730153132,0,47,0,False,False,True
486,37,1,101438.0,1,0,0,51364.56,1.9748251552207354,0,37,0,True,False,True
577,35,4,108155.49,1,1,0,105407.79,1.0260575991812448,0,140,0,False,False,False
607,21,0,0.0,2,1,0,116106.52,0.0,0,0,1,False,False,False
531,44,3,0.0,2,1,1,34416.79,0.0,2,132,1,False,False,True
699,59,3,106819.65,1,0,1,163570.25,0.6530466081294848,1,177,0,True,False,True
695,45,9,43134.65,1,0,1,77330.35,0.5577899519405778,1,405,0,False,False,True
750,40,5,168286.81,3,1,0,20451.99,8.227980847788025,0,200,0,True,False,True
670,36,3,0.0,1,1,0,140754.19,0.0,0,108,1,False,False,True
697,34,2,126558.92,1,1,0,73334.43,1.7257541136664776,0,68,0,False,False,False
616,46,2,0.0,2,1,0,137136.46,0.0,0,92,1,False,False,True
637,46,2,143500.82,1,1,0,166996.46,0.8592994168893348,0,92,0,True,False,False
625,35,5,86147.46,2,1,0,163440.8,0.5270834021651745,0,175,0,True,False,False
620,41,9,0.0,2,0,0,88852.47,0.0,0,369,1,False,False,False
806,31,9,0.0,2,0,1,140168.36,0.0,2,279,1,False,False,True
425,39,5,0.0,2,1,0,140941.47,0.0,0,195,1,False,True,False
675,69,1,0.0,2,1,0,157097.09,0.0,0,69,1,False,False,True
662,30,9,0.0,2,0,1,157884.83,0.0,2,270,1,False,True,False
788,42,6,138650.49,2,1,0,64746.07,2.1414172100760696,0,252,0,True,False,False
661,35,2,117212.18,1,1,1,83052.03,1.4112932424018725,1,70,0,True,False,True
507,33,1,113452.66,1,0,0,142911.99,0.7938582769837788,0,33,0,False,False,False
606,35,7,0.0,1,1,0,106837.06,0.0,0,245,1,False,True,True
833,30,1,0.0,2,1,0,141860.62,0.0,0,30,1,False,False,True
838,40,6,61671.19,1,0,1,150659.35,0.40933921897831776,1,240,0,False,True,False
483,44,5,136836.49,1,1,0,192359.9,0.7113529308710865,0,220,0,False,False,False
784,23,2,0.0,1,1,1,6847.73,0.0,1,46,1,False,True,True
679,42,2,0.0,1,1,1,168294.27,0.0,1,84,1,False,True,True
641,42,3,121765.37,2,1,1,166516.84,0.7312451927072798,2,126,0,True,False,True
712,48,8,0.0,2,1,0,183235.33,0.0,0,384,1,False,True,False
693,47,8,107604.66,1,1,1,80149.27,1.3425364630711787,1,376,0,False,True,True
788,34,6,156478.62,1,0,1,181196.76,0.8635792186393474,1,204,0,False,True,True
652,74,5,0.0,2,1,1,937.15,0.0,2,370,1,False,False,False
767,36,3,139180.2,1,0,0,123880.19,1.123497441379115,0,108,0,False,False,True
614,32,7,99462.8,2,1,1,51117.06,1.9457467673851474,2,224,0,True,False,True
529,31,7,0.0,2,1,1,175697.87,0.0,2,217,1,False,False,False
567,40,8,28649.64,1,1,1,95140.62,0.301126257887978,1,320,0,False,True,True
503,36,9,0.0,2,1,1,16274.67,0.0,2,324,1,False,True,False
545,32,4,0.0,1,1,0,94739.2,0.0,0,128,1,False,True,False
644,46,9,95441.27,1,1,0,108761.05,0.877523639909325,0,414,0,False,False,False
645,45,8,85325.93,1,0,0,22558.74,3.7822213376572598,0,360,0,False,False,False
574,43,3,141349.43,1,1,1,100187.43,1.4108358619852612,1,129,0,True,False,False
595,37,2,157084.99,1,1,0,134767.13,1.1655944918134575,0,74,0,False,True,True
669,33,9,0.0,2,0,1,107221.03,0.0,2,297,1,False,False,False
598,41,8,0.0,2,1,1,161954.43,0.0,2,328,1,False,True,True
491,68,1,95039.12,1,0,1,116471.14,0.8159815729323767,1,68,0,True,False,False
706,44,4,129605.99,1,0,0,69865.49,1.855052257527178,0,176,0,False,False,False
583,57,3,238387.56,1,0,1,147964.99,1.6110969824890167,1,171,0,False,False,False
551,49,1,150777.72,2,1,1,135757.27,1.1106337757545084,2,49,0,False,True,True
571,34,1,101736.66,1,0,1,195651.66,0.519986081456802,1,34,0,True,False,False
422,54,4,0.0,2,1,1,7166.71,0.0,2,216,1,False,True,False
656,46,9,143267.14,2,0,0,193099.43,0.7419307144991858,0,414,0,False,False,True
844,41,10,76319.64,1,1,1,141175.18,0.5405985627320417,1,410,0,False,False,False
589,61,1,0.0,1,1,0,61108.56,0.0,0,61,1,False,False,False
515,45,7,120961.5,3,1,1,39288.11,3.0787538837097608,3,315,0,True,False,True
612,76,6,96166.88,1,1,1,191393.26,0.5024543578266141,1,456,0,True,False,True
626,39,10,132287.92,3,1,1,51467.92,2.5702486082863216,3,390,0,True,False,True
508,41,5,82161.7,2,1,0,187776.49,0.4375481853549113,0,205,0,True,False,False
701,44,7,0.0,2,1,0,23425.78,0.0,0,308,1,False,False,True
655,44,6,146498.76,1,1,0,64853.51,2.258883152459251,0,264,0,True,False,False
768,49,1,133384.66,1,1,0,102397.22,1.3026072132894497,0,49,0,True,False,True
813,62,10,64667.95,2,0,1,140454.14,0.46041711253856565,2,620,0,False,False,False
686,27,1,115095.88,2,0,0,78622.46,1.4638872417978044,0,27,0,True,False,False
771,57,4,0.0,1,0,0,85876.67,0.0,0,228,1,False,False,False
745,55,9,110123.59,1,0,1,51548.14,2.136283747895697,1,495,0,False,False,False
414,38,8,0.0,1,0,1,77661.12,0.0,1,304,1,False,False,True
602,30,9,113672.18,2,0,0,102135.92,1.11293918007318,0,270,0,False,True,True
685,21,6,97956.5,1,1,1,164966.27,0.5937935446225182,1,126,0,True,False,False
485,29,7,182123.79,1,1,0,116828.51,1.5588851652292304,0,203,0,False,False,True
512,41,7,122403.24,1,0,1,37439.9,3.2692387202230715,1,287,0,True,False,True
475,57,1,0.0,2,1,0,89248.99,0.0,0,57,1,False,False,False
727,32,1,59271.82,1,1,1,46019.43,1.2879458101543162,1,32,0,False,False,True
608,35,6,0.0,2,1,1,143463.28,0.0,2,210,1,False,True,False
761,34,2,0.0,2,1,0,61251.25,0.0,0,68,1,False,True,False
745,47,5,0.0,2,0,0,145789.71,0.0,0,235,1,False,False,True
606,32,6,0.0,2,0,1,36540.63,0.0,2,192,1,False,False,True
634,56,3,116251.24,1,0,1,42429.88,2.739779141983386,1,168,0,True,False,False
554,51,7,105701.91,1,0,1,179797.79,0.5878899963676062,1,357,0,True,False,False
519,38,7,125328.56,1,1,0,188225.67,0.6658384808061472,0,266,0,False,False,False
776,37,2,103769.22,2,1,0,194099.12,0.5346169801440618,0,74,0,True,False,False
600,29,6,74430.1,2,1,1,96051.1,0.774893000777703,2,174,0,True,False,False
570,29,4,122028.65,2,1,1,173792.77,0.7021462852206958,2,116,0,True,False,True
721,36,2,0.0,2,1,1,106977.8,0.0,2,72,1,False,True,False
659,27,4,0.0,2,1,0,99341.87,0.0,0,108,1,False,True,True
506,57,6,0.0,2,0,1,194421.12,0.0,2,342,1,False,False,False
562,35,0,0.0,2,1,0,119899.52,0.0,0,0,1,False,True,False
730,33,0,0.0,2,1,0,1474.79,0.0,0,0,1,False,False,True
592,33,2,156570.86,1,1,1,37140.2,4.215557386406471,1,66,0,True,False,True
610,69,5,86038.21,3,0,0,192743.06,0.4463857926412882,0,345,0,True,False,False
801,42,6,0.0,2,1,1,95804.33,0.0,2,252,1,False,False,True
481,44,3,163714.52,1,1,0,96123.72,1.7031469116372977,0,132,0,True,False,True
794,54,1,75900.84,1,1,1,192154.66,0.39499663970345705,1,54,0,True,False,False
842,35,9,119948.09,1,1,0,48217.97,2.4875705557377104,0,315,0,True,False,False
720,37,2,120328.88,2,1,1,138470.21,0.868981212773399,2,74,0,False,False,False
523,40,2,102967.41,1,1,0,128702.1,0.8000383052156474,0,80,0,False,False,False
609,34,1,0.0,1,1,1,181177.9,0.0,1,34,1,False,False,True
785,40,3,0.0,2,1,1,96832.82,0.0,2,120,1,False,False,False
546,74,8,114888.74,2,1,1,66732.63,1.7216018370347903,2,592,0,True,False,False
790,41,2,126619.27,1,1,0,198224.38,0.6387641683421165,0,82,0,False,False,False
693,45,4,0.0,2,1,1,26589.56,0.0,2,180,1,False,True,False
806,34,5,113958.55,1,0,1,32125.98,3.5471292353031627,1,170,0,False,False,True
847,51,5,97565.74,1,0,0,144184.06,0.6766702458631983,0,255,0,False,False,True
697,63,7,148368.02,1,0,0,118862.08,1.2482262785046458,0,441,0,False,False,True
581,54,2,152508.99,1,1,0,187597.98,0.8129521279913141,0,108,0,True,False,False
850,36,6,143644.16,1,1,0,22102.25,6.498780043658738,0,216,0,True,False,False
723,30,1,0.0,3,1,0,164647.72,0.0,0,30,1,False,True,True
697,25,1,0.0,2,0,0,87803.32,0.0,0,25,1,False,False,False
538,32,2,0.0,1,1,1,80130.54,0.0,1,64,1,False,False,False
788,36,10,109632.85,1,1,1,16149.13,6.788357121583542,1,360,0,False,True,True
796,51,6,0.0,2,0,1,194733.28,0.0,2,306,1,False,False,True
629,61,6,0.0,2,1,1,133672.61,0.0,2,366,1,False,False,False
850,35,5,0.0,1,1,1,80992.8,0.0,1,175,1,False,False,False
638,32,0,0.0,2,1,0,160129.99,0.0,0,0,1,False,False,False
590,32,9,0.0,2,1,0,138889.15,0.0,0,288,1,False,False,True
702,26,5,56738.47,2,1,1,100442.22,0.5648810342798648,2,130,0,False,False,True
757,33,5,77253.22,1,0,1,194239.63,0.39771915896277726,1,165,0,False,True,True
751,48,9,0.0,1,1,0,137508.42,0.0,0,432,1,False,False,False
521,22,10,0.0,1,1,1,101311.95,0.0,1,220,1,False,True,False
778,33,5,116474.28,2,1,1,32757.55,3.5555383251090174,2,165,0,False,True,True
756,28,6,0.0,1,1,1,164394.65,0.0,1,168,1,False,False,False
684,54,6,0.0,2,1,1,94888.6,0.0,2,324,1,False,False,True
763,32,10,95153.77,1,0,1,81310.1,1.1702433001152364,1,320,0,False,True,False
635,44,2,79064.85,2,0,1,113291.75,0.6978809323632802,2,88,0,True,False,False
729,42,7,0.0,2,1,0,58268.2,0.0,0,294,1,False,True,False
643,20,0,133313.34,1,1,1,3965.69,33.60820734667947,1,0,0,False,True,False
350,54,1,152677.48,1,1,1,191973.49,0.7953008756528017,1,54,0,False,True,True
850,70,1,96947.58,3,1,0,62282.99,1.5565409345162378,0,70,0,True,False,False
699,39,2,109724.38,1,1,1,180022.39,0.6095006876606422,1,78,0,False,False,True
611,28,2,0.0,2,0,0,25395.83,0.0,0,56,1,False,False,True
698,37,8,0.0,2,0,0,145004.39,0.0,0,296,1,False,False,True
615,43,3,86920.86,1,1,1,150048.37,0.5792817390702807,1,129,0,True,False,True
658,36,1,0.0,2,0,1,84927.42,0.0,2,36,1,False,True,True
573,32,9,125321.84,2,1,1,130234.63,0.962270002456317,2,288,0,False,False,False
655,36,2,147149.59,1,1,1,87816.86,1.67562258975566,1,72,0,False,False,False
566,44,5,0.0,2,1,0,66462.79,0.0,0,220,1,False,True,True
759,41,9,0.0,2,0,1,190294.12,0.0,2,369,1,False,False,True
450,34,2,0.0,2,1,0,175480.93,0.0,0,68,1,False,True,False
667,35,4,97585.32,2,0,0,57213.46,1.7056058905388605,0,140,0,False,True,True
620,42,1,0.0,2,0,1,65565.92,0.0,2,42,1,False,False,False
663,29,4,102714.65,2,0,0,21170.81,4.851481758054696,0,116,0,True,False,False
762,26,7,123709.46,2,1,1,169654.57,0.72918006759224,2,182,0,False,True,False
739,38,0,128366.44,1,1,0,12796.43,10.030642089857103,0,0,0,False,True,True
713,42,0,109121.71,1,0,1,167873.49,0.6500196069099005,1,0,0,False,True,True
727,35,5,136364.46,1,0,0,142754.71,0.9552294615746018,0,175,0,False,False,True
826,41,5,146466.46,2,0,0,180934.67,0.8094946673588462,0,205,0,False,True,True
484,41,5,0.0,1,1,1,74267.35,0.0,1,205,1,False,False,True
633,37,9,156091.97,1,1,0,72008.61,2.167654706087146,0,333,0,False,False,False
521,34,7,70731.07,1,1,1,20243.97,3.493760178454204,1,238,0,False,True,False
754,34,7,0.0,2,1,1,65219.85,0.0,2,238,1,False,False,True
763,38,0,152582.2,2,0,0,31892.82,4.784067885251751,0,0,0,False,False,False
660,42,5,0.0,2,1,0,115509.59,0.0,0,210,1,False,True,True
608,42,10,163548.07,1,1,0,38866.85,4.207798218836391,0,420,0,False,False,True
795,37,2,139265.63,2,1,1,198745.94,0.7007183607455792,2,74,0,True,False,True
791,52,7,0.0,1,1,1,122782.5,0.0,1,364,1,False,False,False
689,34,1,165312.27,1,1,0,155495.63,1.0631244548515295,0,34,0,False,False,True
796,41,8,107525.07,1,1,0,18510.41,5.808583462848049,0,328,0,False,True,True
594,27,0,197041.8,1,0,0,151912.49,1.2970658497806877,0,0,0,False,False,True
712,40,3,109308.79,2,1,0,120158.72,0.9096957782524793,0,120,0,True,False,False
784,48,7,0.0,2,1,1,182609.97,0.0,2,336,1,False,True,True
800,49,7,108007.36,1,0,0,47125.11,2.291879384909979,0,343,0,False,False,False
588,40,5,0.0,2,0,0,100727.68,0.0,0,200,1,False,False,True
850,35,6,81684.97,1,1,0,824.0,99.01208484848485,0,210,0,False,False,False
648,33,7,135310.41,2,0,1,171668.2,0.7882043488290269,2,231,0,True,False,True
790,31,9,0.0,2,1,0,84126.75,0.0,0,279,1,False,False,False
571,32,5,131354.25,1,1,0,125256.53,1.0486734809476126,0,160,0,False,False,True
532,37,5,0.0,2,0,1,6761.84,0.0,2,185,1,False,True,False
593,31,9,0.0,2,0,1,20492.16,0.0,2,279,1,False,False,True
538,39,2,122773.5,2,1,1,58467.08,2.0998380654880404,2,78,0,False,True,True
668,59,5,120170.07,1,0,1,50454.8,2.381689914737255,1,295,0,True,False,False
759,31,4,98899.91,1,1,1,47832.82,2.0675729013488784,1,124,0,True,False,True
607,49,9,119960.29,2,1,0,103068.22,1.1638808365872952,0,441,0,False,False,False
529,30,2,116295.29,1,1,0,75285.47,1.5447037163516897,0,60,0,False,False,True
427,39,9,0.0,2,1,0,28368.37,0.0,0,351,1,False,True,False
724,54,8,172192.49,1,1,1,136902.01,1.2577699350803169,1,432,0,True,False,True
546,58,3,106458.31,4,1,0,128881.87,0.8260082197114326,0,174,0,True,False,False
636,36,6,96643.32,1,0,0,182059.28,0.5308314367087649,0,216,0,True,False,True
730,33,7,130367.87,1,1,0,15142.1,8.609060892419649,0,231,0,True,False,False
481,40,3,0.0,1,1,1,32319.93,0.0,1,120,1,False,False,True
667,42,6,0.0,1,1,0,88890.05,0.0,0,252,1,False,False,True
557,57,1,120043.13,1,1,0,132370.75,0.9068636623750914,0,57,0,True,False,True
526,52,8,93590.47,1,0,1,21228.71,4.40846671951713,1,416,0,False,False,True
633,58,6,98308.51,1,1,1,132034.13,0.7445632840290307,1,348,0,False,True,True
756,30,2,145127.85,1,0,0,7554.68,19.207781430658788,0,60,0,False,True,True
707,36,6,0.0,1,0,0,98810.78,0.0,0,216,1,False,False,False
516,35,10,57369.61,1,1,1,101699.77,0.5641020220397545,1,350,0,False,False,True
540,39,4,127278.31,1,1,1,16150.34,7.880356057144485,1,156,0,True,False,True
844,28,4,0.0,2,0,1,123318.37,0.0,2,112,1,False,False,False
678,30,1,139676.95,2,0,1,16146.0,8.650334427447824,2,30,0,True,False,False
533,22,10,115743.6,1,0,0,43852.05,2.6393511967810674,0,220,0,True,False,False
624,71,4,170252.05,3,1,1,73679.59,2.3106770724827257,3,284,0,False,False,False
564,33,3,109341.87,1,1,0,75632.78,1.4456750674103556,0,99,0,True,False,True
812,44,8,0.0,3,1,0,66926.83,0.0,0,352,1,False,True,False
787,32,4,0.0,2,1,1,13238.93,0.0,2,128,1,False,False,True
701,39,9,0.0,2,0,1,145894.9,0.0,2,351,1,False,False,False
470,35,1,96473.59,1,0,0,5962.3,16.17788640517834,0,35,0,False,False,True
706,53,3,0.0,3,0,0,88479.02,0.0,0,159,1,False,True,False
696,42,7,162318.61,1,1,0,121061.89,1.3407792429207661,0,294,0,True,False,True
618,30,3,133844.22,1,1,1,31406.93,4.261478550162332,1,90,0,False,False,True
725,37,6,124348.38,2,0,1,176984.34,0.7025914123734769,2,222,0,False,False,True
684,26,5,87098.91,1,0,0,106095.82,0.8209379885278371,0,130,0,False,False,False
789,27,8,66201.96,1,1,1,79458.12,0.8331574777067756,1,216,0,False,False,False
628,29,3,113146.98,2,0,1,124749.08,0.9069892380028934,2,87,0,True,False,True
686,34,1,0.0,2,1,0,87278.48,0.0,0,34,1,False,False,False
617,28,0,0.0,2,1,1,7597.83,0.0,2,0,1,False,False,False
588,34,3,120777.88,1,1,1,131729.52,0.9168557142262858,1,102,0,False,False,False
720,34,3,0.0,2,1,1,77047.78,0.0,2,102,1,False,True,True
668,28,1,124511.01,1,0,0,114258.18,1.0897243442496263,0,28,0,True,False,False
711,26,9,128793.63,1,1,0,19262.05,6.6860455639164105,0,234,0,True,False,True
738,18,4,0.0,2,1,1,47799.15,0.0,2,72,1,False,False,True
543,67,0,128843.67,1,1,1,134612.48,0.9571379478489077,1,0,0,False,False,False
728,32,5,61825.5,1,1,1,156124.93,0.39599764113494795,1,160,0,True,False,True
772,42,0,101979.16,1,1,0,90928.48,1.1215192256680673,0,0,0,True,False,False
720,57,1,162082.31,4,0,0,27145.73,5.9706016157378805,0,57,0,True,False,False
786,33,0,122325.58,1,0,0,34712.34,3.523878140219294,0,0,0,True,False,False
679,43,4,0.0,3,1,0,115136.51,0.0,0,172,1,False,False,False
673,41,5,0.0,1,1,1,65657.29,0.0,1,205,1,False,False,True
646,38,2,0.0,2,0,0,178752.73,0.0,0,76,1,False,False,False
629,46,1,130666.2,1,1,1,161125.67,0.8109532704920916,1,46,0,False,False,True
760,34,2,0.0,2,1,0,164162.44,0.0,0,68,1,False,False,True
822,46,3,115074.02,2,1,0,26249.86,4.383628574454323,0,138,0,True,False,False
481,37,8,0.0,2,1,0,44215.86,0.0,0,296,1,False,True,False
803,65,2,151659.52,2,0,1,6930.17,21.88079646004931,2,130,0,False,False,False
623,40,7,0.0,1,1,1,25904.12,0.0,1,280,1,False,True,False
625,39,5,0.0,1,1,0,99800.87,0.0,0,195,1,False,False,True
739,34,9,0.0,1,1,0,60584.33,0.0,0,306,1,False,False,True
592,37,3,96651.03,1,1,1,3232.82,29.88757259216654,1,111,0,False,False,True
498,31,10,0.0,2,1,0,13892.57,0.0,0,310,1,False,False,False
543,37,3,122304.65,2,0,0,33998.7,3.597227328476428,0,111,0,True,False,False
757,31,8,149085.9,2,1,1,197077.36,0.7564803157485175,2,248,0,True,False,True
807,42,1,0.0,1,1,0,16500.66,0.0,0,42,1,False,True,False
830,40,4,0.0,2,0,1,81622.52,0.0,2,160,1,False,True,True
630,31,2,112373.49,2,1,1,131167.98,0.8567078130820259,2,62,0,True,False,False
646,30,7,0.0,2,1,0,153566.97,0.0,0,210,1,False,False,True
743,73,6,0.0,2,0,1,107867.38,0.0,2,438,1,False,False,False
709,24,3,110949.41,1,1,1,168515.61,0.6583885707171537,1,72,0,False,False,False
620,34,8,102251.57,1,1,0,120672.09,0.847343595825714,0,272,0,True,False,False
680,25,4,123816.5,1,1,1,90162.35,1.373246446588331,1,100,0,False,False,False
642,36,2,124495.98,3,1,1,57904.22,2.1499958034871467,3,72,0,True,False,False
675,34,1,124619.33,2,0,1,163667.56,0.7614127600316152,2,34,0,False,False,True
537,33,7,136082.0,1,1,0,62746.54,2.1687224710323303,0,231,0,False,True,False
470,48,6,140576.11,1,1,1,116971.05,1.2017923085044673,1,288,0,False,True,False
646,46,1,170826.55,2,1,0,45041.32,3.7925788458498584,0,46,0,True,False,True
604,33,3,0.0,1,1,0,42171.13,0.0,0,99,1,False,False,True
601,48,9,163630.76,1,0,1,41816.49,3.912974212464689,1,432,0,True,False,True
676,33,6,171490.78,1,0,0,79099.64,2.168007490204883,0,198,0,False,False,True
645,41,2,138881.04,1,1,0,129936.53,1.0688293058979959,0,82,0,True,False,False
581,43,4,170172.9,1,0,1,100236.02,1.6977050993734648,1,172,0,False,True,False
668,38,1,147904.31,1,1,1,69370.05,2.1320754118612877,1,38,0,False,True,True
686,47,6,0.0,1,1,0,32080.69,0.0,0,282,1,False,True,False
703,32,1,125685.79,1,1,1,56246.72,2.234504616364894,1,32,0,False,False,True
643,25,4,115142.9,1,1,1,148098.95,0.7774675143374457,1,100,0,True,False,True
681,32,3,0.0,2,1,1,59679.9,0.0,2,96,1,False,True,False
722,38,3,0.0,2,0,1,167984.72,0.0,2,114,1,False,False,False
697,27,8,141223.68,2,1,0,90591.15,1.5588953347503067,0,216,0,False,False,True
592,37,4,212692.97,1,0,0,176395.02,1.2057696653246486,0,148,0,False,False,True
640,30,6,107499.7,1,1,1,187632.22,0.5729246665382601,1,180,0,False,False,False
536,39,4,0.0,2,1,0,27150.35,0.0,0,156,1,False,False,True
661,31,7,144162.3,2,1,1,14490.79,9.947860133220257,2,217,0,False,False,False
743,34,1,131736.88,1,1,1,108543.21,1.2136702639413008,1,34,0,True,False,False
555,29,4,128744.04,1,1,1,47454.93,2.7129178587375695,1,116,0,False,False,True
564,35,4,0.0,1,1,0,158937.55,0.0,0,140,1,False,False,True
494,28,9,114731.76,2,0,1,79479.74,1.4435165047532268,2,252,0,False,False,True
711,21,0,82844.33,2,0,1,1408.68,58.76818143124681,2,0,0,False,False,False
632,30,1,58668.02,1,1,1,78670.52,0.7457339072640263,1,30,0,True,False,True
714,29,4,0.0,2,1,1,37605.9,0.0,2,116,1,False,True,True
607,28,1,135936.1,2,1,1,110560.14,1.2295106580847484,2,28,0,False,True,True
630,39,10,105473.74,1,0,0,58854.88,1.7920680142748695,0,390,0,False,True,True
675,29,8,121326.42,1,1,0,133457.52,0.9090946010790469,0,232,0,True,False,False
673,30,1,64097.75,1,1,1,77783.35,0.8240442968283466,1,30,0,False,False,True
762,46,6,123571.77,3,0,1,57014.17,2.1673489704582134,3,276,0,True,False,True
850,30,2,0.0,2,0,1,27937.12,0.0,2,60,1,False,True,True
618,33,4,0.0,2,1,1,77550.18,0.0,2,132,1,False,True,True
635,58,1,0.0,1,1,1,58907.08,0.0,1,58,1,False,False,False
606,36,10,0.0,2,0,1,155641.46,0.0,2,360,1,False,False,False
647,35,3,166518.63,2,1,0,147930.46,1.1256471747118566,0,105,0,True,False,False
645,25,0,174400.36,1,1,0,42669.37,4.087153685332468,0,0,0,False,False,True
697,49,7,195238.29,4,0,1,131083.56,1.4894072192789145,4,343,0,False,False,False
556,48,8,168522.37,1,1,1,151310.16,1.113747128764329,1,384,0,False,True,False
592,54,8,0.0,1,1,1,28737.71,0.0,1,432,1,False,False,True
539,38,8,71460.67,2,1,1,10074.05,7.092835271288976,2,304,0,False,True,True
796,23,3,146584.19,2,0,0,125445.8,1.1684968448776694,0,69,0,False,True,False
765,41,2,0.0,2,0,1,191215.61,0.0,2,82,1,False,False,True
758,52,7,125095.94,1,1,0,171189.83,0.7307397247854924,0,364,0,False,False,False
551,48,5,95679.29,1,0,0,94978.1,1.0073720429020698,0,240,0,False,True,False
634,24,2,87413.19,1,1,0,63340.65,1.380027043817141,0,48,0,False,False,False
693,40,0,120711.73,1,0,0,27345.18,4.414208127058331,0,0,0,True,False,True
756,44,10,137452.09,1,1,0,189543.9,0.7251690232762791,0,440,0,True,False,True
743,40,8,68155.59,1,1,0,94876.65,0.71835242546585,0,320,0,False,False,True
506,43,2,0.0,2,1,0,105568.6,0.0,0,86,1,False,False,True
773,40,10,0.0,2,0,1,69303.15,0.0,2,400,1,False,False,False
807,40,1,134590.21,1,1,1,46253.65,2.909766045143569,1,40,0,True,False,False
546,25,7,127728.24,2,1,1,105279.74,1.21321563659222,2,175,0,False,True,True
527,35,8,0.0,1,1,0,98031.53,0.0,0,280,1,False,True,False
632,42,6,59972.26,2,0,1,148172.94,0.40474229139078033,2,252,0,True,False,True
745,35,8,0.0,2,1,1,116581.1,0.0,2,280,1,False,True,False
747,45,1,114959.12,1,1,0,189362.39,0.6070820764245929,0,45,0,False,False,False
603,30,8,0.0,2,1,1,47536.46,0.0,2,240,1,False,False,True
850,55,10,98488.08,1,1,0,155879.57,0.631817551090556,0,550,0,False,False,False
782,72,5,148666.99,1,1,0,2605.65,57.03373678859839,0,360,0,True,False,False
628,38,10,113525.84,1,1,0,46044.48,2.46551539912278,0,380,0,True,False,True
706,46,2,127660.46,2,1,0,150156.82,0.8501752356287539,0,92,0,False,True,False
627,37,2,125190.86,1,0,1,84584.69,1.480047748029247,1,74,0,False,False,True
720,34,6,110717.38,1,1,1,9398.45,11.7791338854933,1,204,0,False,False,False
832,29,8,93833.86,1,0,1,10417.87,9.0061455800869,1,232,0,False,True,True
790,46,2,131365.37,2,1,1,180290.68,0.7286269116800065,2,92,0,False,True,True
449,37,6,0.0,2,1,0,82176.48,0.0,0,222,1,False,False,False
774,26,5,0.0,2,1,1,64716.08,0.0,2,130,1,False,False,False
636,31,9,80844.69,2,1,1,74641.9,1.0830861341132245,2,279,0,True,False,False
670,68,4,0.0,2,1,1,11426.7,0.0,2,272,1,False,False,True
702,28,1,103033.83,1,1,1,40321.87,2.5552206477366317,1,28,0,True,False,True
574,34,5,112324.45,2,1,1,17993.43,6.242178829782326,2,170,0,False,False,False
841,31,2,0.0,2,1,0,173240.52,0.0,0,62,1,False,False,True
635,43,5,78992.75,2,0,0,153265.31,0.5153953925034145,0,215,0,True,False,True
568,47,7,0.0,2,1,1,45978.39,0.0,2,329,1,False,False,False
666,21,1,121827.43,2,1,1,99818.31,1.2204795845613439,2,21,0,True,False,False
630,36,8,126598.99,2,1,1,134407.93,0.9418941881316963,2,288,0,False,False,False
474,37,3,0.0,2,0,0,57175.32,0.0,0,111,1,False,True,True
625,39,5,0.0,2,1,0,32615.21,0.0,0,195,1,False,False,False
688,29,1,0.0,2,1,0,154695.57,0.0,0,29,1,False,False,True
684,41,2,119782.72,2,0,0,120284.67,0.9958187039237508,0,82,0,False,True,True
494,69,9,93320.8,1,1,1,24489.44,3.810499117206551,1,621,0,False,False,True
720,34,3,118307.57,2,1,1,136120.29,0.8691334764752817,2,102,0,False,False,False
705,41,4,72252.64,2,1,1,142514.66,0.5069803557026645,2,164,0,True,False,True
663,53,6,150200.23,1,0,1,151317.27,0.9926113350357496,1,318,0,False,True,False
833,59,1,130854.59,1,1,1,30722.52,4.259101496182729,1,59,0,True,False,True
683,30,4,114779.35,1,0,0,183171.47,0.6266190001150282,0,120,0,False,False,True
703,42,9,63227.0,1,0,1,137316.32,0.46044446541776374,1,378,0,True,False,True
660,40,5,131754.11,2,1,1,38761.61,3.398999964140701,2,200,0,False,False,True
627,52,1,76101.81,2,0,1,177238.35,0.4293731047873962,2,52,0,True,False,True
689,22,4,136444.25,1,1,0,51980.25,2.6248743537333175,0,88,0,False,False,True
712,47,1,139887.01,1,1,1,95719.73,1.4614076804470675,1,47,0,False,True,True
476,30,3,134366.42,1,1,0,68343.53,1.9660157147909278,0,90,0,True,False,True
706,29,1,209490.21,1,1,1,133267.69,1.5719386901754642,1,29,0,False,True,False
781,38,2,117810.79,1,0,1,65632.33,1.7949841947681153,1,76,0,False,False,True
690,39,6,0.0,2,1,0,160532.88,0.0,0,234,1,False,False,True
699,26,6,79932.41,1,0,0,150242.44,0.5320193014749929,0,156,0,False,True,True
716,33,2,0.0,2,1,1,92916.53,0.0,2,66,1,False,True,True
692,45,6,142084.04,4,1,0,188305.85,0.7545346332329387,0,270,0,True,False,True
850,30,8,154870.28,1,1,1,54191.38,2.8577870172891466,1,240,0,True,False,False
494,67,5,0.0,2,1,1,85890.16,0.0,2,335,1,False,True,True
532,24,8,142755.25,1,0,0,34231.48,4.170169675115562,0,192,0,True,False,True
656,63,8,0.0,2,0,1,57014.43,0.0,2,504,1,False,False,True
717,35,7,58469.37,2,1,1,172459.39,0.3390307188798541,2,245,0,True,False,True
418,39,2,0.0,2,0,0,9041.71,0.0,0,78,1,False,False,False
501,25,6,104013.79,1,1,0,114774.35,0.9062380554709699,0,150,0,True,False,True
477,48,8,129250.0,2,1,1,157937.35,0.81835728941071,2,384,0,True,False,True
515,60,9,113715.36,1,1,0,18424.24,6.17171662350124,0,540,0,True,False,True
718,38,7,0.0,2,1,0,38308.34,0.0,0,266,1,False,False,True
613,40,4,0.0,1,0,0,151325.24,0.0,0,160,1,False,False,True
453,37,4,131834.76,2,1,0,8949.2,14.729811624321243,0,148,0,False,False,False
811,45,5,0.0,2,1,1,146123.19,0.0,2,225,1,False,False,False
701,34,6,107980.37,1,1,1,119374.74,0.9045419948810369,1,204,0,False,True,False
802,60,3,92887.06,1,1,0,39473.63,2.353082473477269,0,180,0,False,False,False
505,33,3,106506.77,3,1,0,45445.78,2.3435493119644564,0,99,0,True,False,False
776,38,5,112281.7,1,0,1,89893.6,1.2490372057943413,1,190,0,True,False,True
446,39,1,90217.07,1,1,0,191350.48,0.47147307143900846,0,39,0,False,False,False
507,46,8,102785.16,1,1,1,70323.68,1.4615802020002084,1,368,0,True,False,False
802,33,8,0.0,2,1,0,143706.18,0.0,0,264,1,False,False,True
554,24,10,0.0,1,0,0,92180.62,0.0,0,240,1,False,False,True
597,61,5,0.0,2,1,1,81299.17,0.0,2,305,1,False,False,True
808,37,2,100431.84,1,1,0,35140.49,2.857927765726496,0,74,0,True,False,False
699,44,8,158697.61,1,1,0,107181.22,1.4806337282433597,0,352,0,False,False,True
614,36,5,0.0,2,1,0,130610.78,0.0,0,180,1,False,True,True
820,39,9,111336.89,1,1,0,16770.31,6.638532708536184,0,351,0,True,False,True
681,44,3,105206.7,2,1,1,163558.36,0.6432325242651965,2,132,0,True,False,False
651,40,4,0.0,2,1,1,147715.83,0.0,2,160,1,False,False,True
697,43,8,103409.16,1,1,0,66893.28,1.5458595264049484,0,344,0,True,False,True
661,34,0,0.0,2,1,0,185555.63,0.0,0,0,1,False,False,False
754,35,4,0.0,2,1,1,9658.41,0.0,2,140,1,False,True,True
749,46,10,78136.36,2,1,1,73470.98,1.0634851544765773,2,460,0,True,False,True
542,32,2,131945.94,1,0,1,159737.56,0.8260118283274871,1,64,0,False,True,True
674,31,1,0.0,1,1,0,128954.05,0.0,0,31,1,False,False,False
702,40,3,148556.74,1,0,1,146056.29,1.0171128055299394,1,120,0,False,False,True
760,38,6,162888.73,1,1,0,91098.76,1.7880258960067514,0,228,0,False,False,True
513,31,5,174853.46,1,1,0,84238.63,2.075667473848116,0,155,0,False,True,False
597,19,2,0.0,2,1,1,91036.74,0.0,2,38,1,False,False,True
704,35,3,154206.07,2,1,1,40261.49,3.83001821298186,2,105,0,True,False,False
823,38,1,0.0,2,1,0,156603.7,0.0,0,38,1,False,False,True
640,36,4,0.0,1,0,0,173016.46,0.0,0,144,1,False,True,True
805,50,9,130023.38,1,1,0,62989.82,2.064163952779151,0,450,0,True,False,True
447,41,3,0.0,4,1,1,197490.39,0.0,4,123,1,False,False,True
589,46,10,107238.85,2,1,0,37024.28,2.896368373176381,0,460,0,False,False,False
670,35,3,103465.02,2,1,1,174627.06,0.5924879426593871,2,105,0,False,False,False
755,29,4,148654.84,2,1,1,28805.09,5.160535150726808,2,116,0,False,False,False
516,46,1,104947.72,1,1,0,115789.25,0.9063605959914587,0,46,0,False,False,False
599,46,9,123444.72,1,1,1,31368.08,3.9352355886752175,1,414,0,True,False,True
589,38,8,92219.21,1,1,0,99106.97,0.9304923710979047,0,304,0,True,False,True
433,34,9,152806.74,1,1,0,19687.99,7.761024816407544,0,306,0,False,True,True
665,55,8,136354.16,1,1,1,93769.89,1.4541203565413532,1,440,0,False,False,False
687,41,10,134318.21,2,1,1,198064.52,0.6781503918501312,2,410,0,True,False,True
732,26,7,0.0,2,1,0,154364.66,0.0,0,182,1,False,False,True
635,28,3,81623.67,2,1,1,156791.36,0.520584485111392,2,84,0,True,False,False
472,26,5,0.0,2,1,0,108411.66,0.0,0,130,1,False,False,False
460,27,7,0.0,2,1,0,156150.08,0.0,0,189,1,False,False,False
667,39,4,83765.35,2,1,0,118358.54,0.7077194622419115,0,156,0,True,False,False
455,37,6,170057.62,1,0,1,54398.56,3.126084475683259,1,222,0,True,False,False
571,66,9,111577.01,1,0,1,189271.9,0.589503357321624,1,594,0,True,False,False
705,43,10,146547.78,1,0,1,10072.55,14.547779084831069,1,430,0,True,False,False
537,59,9,0.0,2,0,0,103799.77,0.0,0,531,1,False,False,True
621,53,9,170491.84,1,1,0,35588.07,4.790567441071093,0,477,0,False,True,True
598,50,5,88379.81,3,0,1,64157.24,1.377528591806758,3,250,0,True,False,False
607,33,2,108431.87,2,0,1,109291.39,0.9921264417403627,2,66,0,False,True,False
523,73,7,0.0,2,0,0,130883.9,0.0,0,511,1,False,False,False
423,36,5,97665.61,1,1,0,118372.55,0.8250627779601102,0,180,0,False,False,False
701,41,10,0.0,2,1,1,146257.77,0.0,2,410,1,False,False,True
683,33,8,0.0,1,0,0,73564.44,0.0,0,264,1,False,False,True
608,47,6,0.0,1,1,1,126012.57,0.0,1,282,1,False,False,False
718,29,2,0.0,1,1,0,126336.72,0.0,0,58,1,False,False,True
590,36,1,0.0,2,1,0,48876.84,0.0,0,36,1,False,False,True
779,49,9,106160.37,1,0,0,116893.87,0.9081696228414472,0,441,0,False,False,True
538,38,8,88758.95,2,0,0,28226.15,3.144453124031296,0,304,0,False,False,False
680,37,10,123806.28,1,1,0,81776.84,1.5139343372238738,0,370,0,False,False,False
721,42,4,102936.72,1,0,0,1187.88,86.5829351995155,0,168,0,False,False,True
760,43,6,175735.5,1,1,1,157337.29,1.1169277357723921,1,258,0,False,True,True
628,50,4,122227.71,1,0,1,14217.77,8.59622245806072,1,200,0,True,False,True
850,49,5,122486.47,1,0,1,59748.19,2.0500105524443093,1,245,0,False,False,True
516,46,6,62212.29,1,0,1,171681.86,0.36236750715825683,1,276,0,False,False,False
803,32,9,192122.84,1,1,1,54277.45,3.5395785988730335,1,288,0,False,False,False
579,56,4,99340.83,1,0,0,4523.74,21.9550360904715,0,224,0,False,True,True
497,55,7,131778.66,1,1,1,9972.64,13.212694663132018,1,385,0,True,False,False
532,38,9,0.0,2,0,0,30583.95,0.0,0,342,1,False,False,True
580,35,10,136281.41,2,1,1,24799.47,5.49511400388783,2,350,0,True,False,True
710,45,9,108231.37,1,1,1,188574.08,0.5739431212225921,1,405,0,True,False,True
619,43,1,125211.92,1,1,1,113410.49,1.1040496866763676,1,43,0,False,False,True
750,52,6,107467.56,1,1,0,126233.18,0.8513348761801282,0,312,0,True,False,False
646,48,8,169023.33,2,1,1,175657.55,0.9622266038288486,2,384,0,True,False,True
506,59,3,190353.08,1,1,0,78365.75,2.4290031167555117,0,177,0,True,False,False
711,25,7,0.0,3,1,1,9679.28,0.0,3,175,1,False,False,False
546,42,7,139070.51,1,1,1,86945.0,1.5995044050330092,1,294,0,False,True,True
720,38,10,0.0,2,1,1,56229.72,0.0,2,380,1,False,False,False
718,32,8,0.0,2,1,1,41399.33,0.0,2,256,1,False,True,True
567,29,5,129750.68,1,1,0,109257.59,1.1875558708930802,0,145,0,True,False,True
466,56,2,111920.13,3,1,0,197634.11,0.5662967981751826,0,112,0,True,False,False
603,31,4,0.0,2,0,1,9607.1,0.0,2,124,1,False,False,True
516,33,10,138847.9,1,1,1,127256.7,1.0910766106883905,1,330,0,True,False,False
778,65,7,0.0,1,1,1,77867.23,0.0,1,455,1,False,False,False
721,54,5,0.0,2,1,1,4493.12,0.0,2,270,1,False,False,True
753,32,5,159904.79,1,1,0,148811.14,1.074541297504357,0,160,0,True,False,True
834,34,5,0.0,2,0,0,53437.1,0.0,0,170,1,False,True,True
680,43,4,0.0,2,1,1,58761.33,0.0,2,172,1,False,False,False
718,40,9,0.0,2,0,0,121537.91,0.0,0,360,1,False,True,True
844,40,7,113348.14,1,1,0,31904.31,3.5526418643166293,0,280,0,False,False,True
753,50,4,0.0,2,1,1,861.4,0.0,2,200,1,False,False,False
671,28,8,119859.52,2,1,0,125422.66,0.9556372378225927,0,224,0,True,False,True
648,34,3,95039.73,2,1,1,147055.87,0.646278749166904,2,102,0,True,False,True
780,51,4,126725.25,1,1,0,195259.31,0.6490067028983002,0,204,0,True,False,True
699,49,2,0.0,1,0,0,105760.01,0.0,0,98,1,False,False,False
625,57,7,0.0,1,0,0,84106.17,0.0,0,399,1,False,True,False
613,36,9,131307.11,1,0,0,83343.73,1.5754698587421183,0,324,0,False,False,True
473,35,6,69617.36,1,1,0,143345.69,0.48565725514834,0,210,0,False,False,False
660,23,6,166070.48,2,0,0,90494.72,1.835119716158952,0,138,0,True,False,False
573,72,8,98765.84,1,1,1,96015.53,1.0286337154654517,1,576,0,False,True,False
667,55,9,154393.43,1,1,1,137674.96,1.1214262097754757,1,495,0,True,False,True
682,35,2,117438.92,2,1,1,16910.98,6.944125998256857,2,70,0,True,False,False
590,31,8,112211.61,1,1,0,26261.42,4.272706399486415,0,248,0,False,False,True
737,50,4,127552.85,2,1,0,4225.11,30.182094171708737,0,200,0,True,False,True
850,38,2,0.0,2,1,0,9015.07,0.0,0,76,1,False,False,False
757,28,3,75381.15,1,1,1,199727.72,0.3774176793402571,1,84,0,False,False,True
518,41,5,110624.99,1,1,0,89327.67,1.2384040868402049,0,205,0,True,False,False
789,40,4,0.0,2,1,0,137402.27,0.0,0,160,1,False,True,False
644,32,8,141528.88,1,1,1,167087.34,0.8470302595620975,1,256,0,True,False,False
599,42,6,0.0,2,1,0,113868.4,0.0,0,252,1,False,True,True
639,28,8,97840.72,1,1,1,178222.77,0.548976828399489,1,224,0,False,True,False
714,34,5,0.0,2,1,0,193040.32,0.0,0,170,1,False,True,True
678,61,8,0.0,2,1,1,159938.82,0.0,2,488,1,False,True,False
622,35,8,0.0,2,1,1,131772.51,0.0,2,280,1,False,False,True
689,40,2,0.0,2,1,1,164768.82,0.0,2,80,1,False,True,True
712,24,2,0.0,1,0,1,121232.51,0.0,1,48,1,False,False,True
545,33,1,132527.9,2,0,1,107429.71,1.2336128095960641,2,33,0,True,False,True
495,39,8,120252.02,2,1,1,10160.23,11.83439603276375,2,312,0,True,False,True
416,41,10,122189.66,2,1,0,98301.61,1.2429950740880633,0,410,0,True,False,False
688,52,1,0.0,2,1,1,172033.57,0.0,2,52,1,False,False,True
767,44,2,152509.25,1,1,1,136915.15,1.1138879525899612,1,88,0,False,False,False
690,47,2,0.0,2,1,0,151375.73,0.0,0,94,1,False,False,True
528,23,7,104744.89,1,1,0,170262.97,0.6151911646368871,0,161,0,False,True,True
627,30,4,79871.02,2,1,0,129826.89,0.6152069482142859,0,120,0,True,False,False
618,40,8,0.0,2,1,0,80204.38,0.0,0,320,1,False,True,False
813,34,0,0.0,2,1,0,43169.15,0.0,0,0,1,False,False,True
580,32,9,142188.2,2,0,1,128028.6,1.110588488911939,2,288,0,False,True,True
683,35,5,95698.79,1,0,1,182566.76,0.5241823090780102,1,175,0,True,False,False
763,39,7,0.0,2,1,0,19458.75,0.0,0,273,1,False,True,False
702,37,10,150525.8,1,1,1,94728.49,1.589006760196851,1,370,0,False,False,True
577,46,1,0.0,1,1,1,158750.53,0.0,1,46,1,False,False,False
694,58,1,143212.22,1,0,0,102628.56,1.3954285685332763,0,58,0,True,False,False
649,45,5,92786.66,1,1,0,173365.9,0.5352040095312312,0,225,0,False,False,False
683,40,1,0.0,2,0,0,75762.0,0.0,0,40,1,False,False,False
675,35,8,0.0,2,1,0,29062.25,0.0,0,280,1,False,True,True
650,25,2,114330.95,1,1,1,25325.07,4.514358129784842,1,50,0,True,False,False
741,35,6,74371.49,1,0,0,99595.67,0.7467266726889564,0,210,0,False,True,True
725,66,4,86459.8,1,1,1,141476.56,0.6111202370185067,1,264,0,False,False,True
762,29,6,141389.06,1,1,0,54122.89,2.6123225806570813,0,174,0,False,False,True
602,39,6,154121.32,2,1,0,176614.86,0.8726357870691795,0,234,0,False,False,False
585,40,3,162261.01,2,1,0,137028.51,1.1841318705729882,0,120,0,True,False,False
730,33,9,0.0,2,0,0,176576.62,0.0,0,297,1,False,True,False
730,32,9,127661.69,1,0,0,60905.51,2.09602700926387,0,288,0,False,False,False
702,38,2,0.0,1,1,1,161888.63,0.0,1,76,1,False,True,False
566,35,1,123042.0,1,1,0,66245.44,1.8573375414588316,0,35,0,True,False,False
552,38,9,134105.01,1,0,0,57850.1,2.3181064837142253,0,342,0,False,False,False
791,35,5,129828.58,1,1,1,181918.26,0.7136604447489507,1,175,0,True,False,True
721,69,2,108424.19,1,1,1,178418.35,0.6076929996662358,1,138,0,False,False,True
697,35,5,133087.76,1,1,0,64771.61,2.0546919446352403,0,175,0,False,False,True
647,40,9,0.0,2,0,1,92357.21,0.0,2,360,1,False,False,False
850,32,9,141827.33,2,1,1,149458.73,0.9489334016594301,2,288,0,True,False,True
597,66,3,0.0,1,1,1,70532.53,0.0,1,198,1,False,True,False
695,36,2,0.0,2,0,1,167749.54,0.0,2,72,1,False,False,False
692,30,7,0.0,2,1,1,18826.34,0.0,2,210,1,False,False,False
767,33,1,144753.21,1,1,1,132480.75,1.0926275505871563,1,33,0,True,False,False
786,62,8,0.0,1,1,1,165702.64,0.0,1,496,1,False,False,False
697,39,6,151553.19,1,1,1,44946.29,3.37179816625207,1,234,0,False,False,False
692,40,6,163505.16,1,0,0,90424.09,1.8081835472875947,0,240,0,False,False,True
489,34,5,0.0,1,0,0,43540.59,0.0,0,170,1,False,False,True
549,52,1,0.0,1,0,1,8636.05,0.0,1,52,1,False,False,False
657,34,5,154983.98,1,1,0,27738.01,5.587221029157133,0,170,0,False,True,True
698,41,3,90605.29,1,1,1,14357.0,6.310439476250174,1,123,0,False,False,True
615,30,7,0.0,2,1,1,156346.84,0.0,2,210,1,False,False,True
727,62,5,0.0,2,0,1,38652.96,0.0,2,310,1,False,False,True
589,48,5,126111.61,1,0,1,133961.19,0.9413970464352666,1,240,0,True,False,True
691,27,3,160358.68,2,1,0,142367.72,1.1263617457542638,0,81,0,True,False,True
689,40,4,78119.59,4,1,0,119259.34,0.6550341043803832,0,160,0,True,False,False
663,49,7,116150.65,3,1,1,84358.71,1.3768498018781712,3,343,0,True,False,True
637,55,1,123378.2,1,1,0,81431.99,1.5150886636975995,0,55,0,True,False,False
712,32,9,100606.02,1,1,0,165693.06,0.6071794003961277,0,288,0,False,False,True
577,43,3,127940.47,1,0,0,125140.72,1.0223646438613758,0,129,0,True,False,False
614,41,8,121558.46,1,1,1,598.8,202.66498832944316,1,328,0,False,False,False
511,40,9,124401.6,1,1,0,198814.24,0.6257146081960318,0,360,0,True,False,False
569,41,4,139840.36,1,1,1,163524.7,0.8551583023341284,1,164,0,False,True,False
571,35,8,0.0,2,0,0,84569.13,0.0,0,280,1,False,False,False
656,33,4,0.0,2,1,0,116706.0,0.0,0,132,1,False,True,True
641,25,10,0.0,2,1,1,180808.39,0.0,2,250,1,False,True,True
742,33,0,181656.51,1,1,1,107667.91,1.68717701330867,1,0,0,True,False,True
603,56,5,90778.76,2,1,0,162223.67,0.5595866522644182,0,280,0,False,True,False
607,39,2,84468.67,2,1,1,121945.42,0.6926703547344809,2,78,0,True,False,True
682,64,9,0.0,2,1,1,103318.44,0.0,2,576,1,False,True,False
755,29,3,0.0,3,1,0,4733.94,0.0,0,87,1,False,False,False
679,35,1,110245.13,1,1,1,178291.09,0.6183399947804752,1,35,0,True,False,True
585,35,2,0.0,2,1,0,98621.04,0.0,0,70,1,False,False,False
816,25,2,150355.35,2,1,1,35770.84,4.2031762973333215,2,50,0,True,False,False
581,44,7,189318.16,2,1,0,45026.23,4.204526016812493,0,308,0,False,True,False
777,35,7,122917.69,1,1,1,76169.68,1.6137139644808214,1,245,0,True,False,True
546,47,8,0.0,1,1,1,66408.01,0.0,1,376,1,False,False,False
850,28,9,0.0,2,1,1,164864.67,0.0,2,252,1,False,False,False
602,34,8,98382.72,1,1,0,39542.0,2.4879933237235416,0,272,0,False,True,True
613,35,4,123557.65,2,0,1,170903.4,0.7229635398503491,2,140,0,False,True,True
850,49,8,0.0,1,0,0,25867.67,0.0,0,392,1,False,True,True
438,59,7,127197.14,1,1,0,51565.98,2.4666393106596507,0,413,0,True,False,True
572,38,7,0.0,2,1,1,133122.62,0.0,2,266,1,False,False,False
683,29,0,157829.12,1,0,0,129891.66,1.2150734306311073,0,0,0,False,False,False
719,76,10,95052.29,1,1,0,176244.87,0.5393164106483743,0,760,0,True,False,False
815,35,4,0.0,2,0,1,198490.33,0.0,2,140,1,False,False,True
519,36,9,0.0,2,0,1,145562.4,0.0,2,324,1,False,False,True
662,34,2,0.0,2,0,1,21497.27,0.0,2,68,1,False,False,True
628,39,1,115341.19,1,1,1,107674.3,1.0711945079326457,1,39,0,True,False,True
584,35,2,114321.28,2,0,0,15959.01,7.162982980587104,0,70,0,False,False,False
823,46,3,81576.75,1,1,1,28370.95,2.8752606006989296,1,138,0,False,True,False
512,39,3,0.0,1,1,0,134878.19,0.0,0,117,1,False,True,True
656,38,10,0.0,1,1,1,136521.82,0.0,1,380,1,False,False,True
712,39,5,163097.55,2,1,1,23702.42,6.880760244724179,2,195,0,False,True,False
732,54,0,134249.7,1,0,1,13404.4,10.014598594596208,1,0,0,False,True,True
479,47,6,121797.09,1,0,1,5811.9,20.952896144781434,1,282,0,False,False,True
737,43,8,96353.8,1,0,0,10209.8,9.436459435107926,0,344,0,True,False,True
628,36,3,91286.51,1,1,0,63085.94,1.4469953686135355,0,108,0,True,False,False
529,42,1,157498.9,1,1,1,82276.62,1.9142374317584783,1,42,0,False,False,True
720,33,9,0.0,2,1,1,142956.48,0.0,2,297,1,False,False,True
711,64,4,0.0,2,1,1,3185.67,0.0,2,256,1,False,False,True
676,64,4,116954.32,1,1,1,91149.48,1.2830905553102958,1,256,0,False,True,False
576,24,3,0.0,1,0,1,78498.04,0.0,1,72,1,False,False,True
487,37,6,0.0,2,1,1,126477.41,0.0,2,222,1,False,False,True
516,40,9,0.0,2,0,1,33266.29,0.0,2,360,1,False,False,False
534,49,7,0.0,1,1,0,13566.48,0.0,0,343,1,False,False,False
714,52,4,100755.66,1,1,1,186775.25,0.5394457807135543,1,208,0,False,False,True
622,58,2,0.0,2,1,1,33277.31,0.0,2,116,1,False,True,False
534,35,2,81951.74,2,1,0,115668.53,0.7084989452278401,0,70,0,False,False,True
649,47,8,110783.28,1,1,1,71420.16,1.5511268649235044,1,376,0,False,True,False
577,33,6,0.0,2,1,0,57975.8,0.0,0,198,1,False,True,False
673,42,4,0.0,2,1,0,121440.8,0.0,0,168,1,False,False,False
580,44,9,143391.07,1,0,0,146891.07,0.9761661742529736,0,396,0,True,False,True
775,31,9,0.0,2,1,0,169278.51,0.0,0,279,1,False,False,True
608,30,8,0.0,2,1,0,128875.86,0.0,0,240,1,False,False,False
691,34,8,133936.04,2,1,0,91359.79,1.4660122794472334,0,272,0,False,False,True
590,45,2,81828.22,1,1,0,52167.97,1.5685228211329454,0,90,0,False,False,False
590,39,9,0.0,2,1,1,104730.52,0.0,2,351,1,False,False,True
849,41,6,0.0,2,1,1,169203.51,0.0,2,246,1,False,False,False
367,42,6,93608.28,1,1,0,168816.73,0.5544931803075424,0,252,0,False,True,True
606,33,8,0.0,2,1,1,63176.77,0.0,2,264,1,False,True,True
714,39,3,149887.49,2,1,0,63846.36,2.347591035870551,0,117,0,True,False,True
724,34,3,132352.69,1,1,0,80320.3,1.6477906856587232,0,102,0,False,False,False
512,43,1,0.0,2,1,1,52471.36,0.0,2,43,1,False,False,True
655,34,3,0.0,2,1,0,159638.77,0.0,0,102,1,False,False,False
658,29,8,0.0,2,0,1,130461.09,0.0,2,232,1,False,False,False
562,30,3,111099.79,2,0,0,140650.19,0.7898958409097,0,90,0,False,False,True
719,37,10,145382.61,1,1,0,80408.59,1.8080257591165432,0,370,0,False,True,True
735,43,9,98807.45,1,0,0,184570.04,0.5353356084464821,0,387,0,True,False,False
756,39,3,100717.85,3,1,1,73406.04,1.3720461961141603,3,117,0,True,False,False
620,32,7,0.0,2,1,1,34665.79,0.0,2,224,1,False,False,True
567,59,3,0.0,2,1,0,25843.7,0.0,0,177,1,False,False,True
736,43,4,202443.47,1,1,0,72375.03,2.7971065834917996,0,172,0,False,False,True
593,50,6,171740.69,1,0,0,20893.61,8.21937762896747,0,300,0,False,False,True
627,41,6,0.0,3,1,1,138700.75,0.0,3,246,1,False,False,False
742,35,2,79126.17,1,1,1,126997.53,0.6230479203184478,1,70,0,False,False,False
538,39,7,108055.1,2,1,0,27231.26,3.9679079150977556,0,273,0,True,False,True
703,73,5,137761.55,1,1,1,159677.46,0.8627434783627046,1,365,0,False,True,True
599,50,3,121159.65,1,0,0,4033.39,30.031714831734163,0,150,0,False,False,True
606,46,8,0.0,2,1,1,183717.94,0.0,2,368,1,False,True,False
468,22,1,76318.64,1,1,1,194783.12,0.39181140639185574,1,22,0,False,False,False
579,33,1,118392.75,1,1,1,157564.75,0.7513863260258019,1,33,0,False,False,False
577,44,8,115557.0,1,0,1,127506.76,0.9062742534258308,1,352,0,False,True,False
599,58,4,0.0,1,0,0,176407.15,0.0,0,232,1,False,False,True
739,31,1,0.0,2,1,1,58469.75,0.0,2,31,1,False,True,True
774,28,1,71264.02,2,0,1,68759.57,1.0364082205833953,2,28,0,False,False,False
663,33,9,0.0,2,0,0,91514.62,0.0,0,297,1,False,True,True
768,47,5,104552.61,1,1,0,48137.08,2.1719314521892024,0,235,0,True,False,False
693,43,1,121927.92,1,1,0,87994.95,1.3856083149281302,0,43,0,True,False,False
575,27,3,139301.68,1,1,0,99843.98,1.395179607427434,0,81,0,False,False,True
562,51,1,124662.54,1,1,1,65390.46,1.9064039860862565,1,51,0,False,False,False
773,39,4,0.0,2,0,1,182081.45,0.0,2,156,1,False,True,False
623,40,4,0.0,3,1,0,31669.18,0.0,0,160,1,False,True,False
527,37,5,93722.73,2,1,1,139093.73,0.6738050391988251,2,185,0,False,True,True
551,54,5,102994.04,1,1,0,176680.16,0.5829373092184814,0,270,0,True,False,True
767,43,1,76408.85,2,1,0,77837.63,0.9816314855490134,0,43,0,False,False,True
555,51,5,0.0,3,1,0,189122.89,0.0,0,255,1,False,False,True
616,31,8,0.0,1,0,1,76456.17,0.0,1,248,1,False,False,False
691,38,5,114753.76,1,1,0,107665.02,1.0658307978691883,0,190,0,True,False,False
724,39,3,0.0,2,0,1,95562.81,0.0,2,117,1,False,True,True
626,48,2,0.0,2,1,1,95794.98,0.0,2,96,1,False,True,False
749,28,3,0.0,1,1,0,3408.7,0.0,0,84,1,False,True,False
539,43,3,116220.5,3,1,0,55803.96,2.082619537761518,0,129,0,True,False,False
660,19,5,127649.64,1,1,1,40368.65,3.1620199828336384,1,95,0,False,False,True
655,35,1,106405.03,1,1,1,82900.25,1.2835153872830627,1,35,0,False,True,False
773,51,4,0.0,2,0,0,123587.83,0.0,0,204,1,False,True,True
527,30,6,126663.51,1,1,1,162267.91,0.7805778075418144,1,180,0,True,False,False
782,35,4,0.0,1,1,1,119565.34,0.0,1,140,1,False,False,False
688,38,7,148045.68,1,1,0,175479.92,0.8436568488471566,0,266,0,False,False,True
718,36,9,0.0,1,1,0,45909.87,0.0,0,324,1,False,False,True
769,25,10,0.0,2,0,0,187925.75,0.0,0,250,1,False,False,False
812,33,2,127154.14,2,0,1,105383.49,1.2065735669451927,2,66,0,True,False,True
659,60,2,0.0,1,1,0,177480.45,0.0,0,120,1,False,True,True
654,40,6,0.0,1,0,0,183872.88,0.0,0,240,1,False,False,True
411,35,2,0.0,2,1,1,93825.78,0.0,2,70,1,False,False,False
770,33,4,0.0,1,1,0,26080.54,0.0,0,132,1,False,False,False
654,24,8,145081.73,1,1,1,130075.07,1.1153606501180424,1,192,0,False,False,False
710,35,1,106518.52,1,1,1,127951.81,0.8324828505134042,1,35,0,False,True,True
690,26,8,116318.23,1,1,1,83253.05,1.397148006613492,1,208,0,False,True,True
721,68,4,136525.99,1,0,0,175399.14,0.7783687629895847,0,272,0,True,False,True
649,49,2,0.0,1,1,0,84863.85,0.0,0,98,1,False,True,False
632,48,6,126066.26,1,1,0,64345.61,1.9591748500814572,0,288,0,True,False,True
693,43,6,128760.32,1,1,0,36342.79,3.5428423948080265,0,258,0,False,False,True
476,40,4,0.0,2,0,0,182547.04,0.0,0,160,1,False,False,False
489,38,8,0.0,2,0,1,196990.79,0.0,2,304,1,False,False,True
639,37,5,151242.48,1,0,1,49637.65,3.046869324608949,1,185,0,True,False,False
718,32,9,169947.41,2,1,1,27979.16,6.073854116631213,2,288,0,True,False,True
850,40,6,0.0,1,1,0,136985.08,0.0,0,240,1,False,False,True
773,50,4,0.0,2,1,0,129372.94,0.0,0,200,1,False,False,False
622,31,7,0.0,1,1,0,35408.77,0.0,0,217,1,False,False,True
652,38,6,123081.84,2,1,1,188657.97,0.6524038586662484,2,228,0,False,True,False
540,37,6,0.0,2,1,0,141998.89,0.0,0,222,1,False,False,True
451,36,2,0.0,2,1,1,180142.42,0.0,2,72,1,False,False,False
510,30,0,0.0,2,1,1,130553.47,0.0,2,0,1,False,False,False
509,30,6,0.0,2,1,0,180598.86,0.0,0,180,1,False,False,True
693,29,2,151352.74,1,0,0,197145.89,0.767715585064517,0,58,0,False,False,True
774,36,8,117152.3,1,0,0,101828.39,1.1504763015864083,0,288,0,False,True,False
648,38,10,82697.28,1,1,0,74846.67,1.1048744737144123,0,380,0,False,False,True
689,63,1,0.0,2,1,1,186526.12,0.0,2,63,1,False,True,False
610,57,7,72092.95,4,0,1,113228.82,0.6366957926807619,4,399,0,False,False,False
682,40,4,0.0,1,0,1,105352.55,0.0,1,160,1,False,False,True
703,38,9,99167.54,1,1,0,65720.92,1.5088959665207589,0,342,0,True,False,False
690,43,2,166522.78,1,0,0,119644.59,1.3918003998308672,0,86,0,True,False,True
693,28,8,0.0,2,1,1,158545.25,0.0,2,224,1,False,False,False
609,26,10,126392.18,1,0,1,43651.49,2.8954174206328207,1,260,0,False,False,True
499,42,0,147187.84,1,1,1,14868.94,9.89834794222438,1,0,0,False,True,False
577,30,8,92472.1,2,0,1,126434.61,0.7313770226599927,2,240,0,False,False,False
654,32,1,114510.85,1,1,1,126143.23,0.9077771531840974,1,32,0,True,False,False
769,31,6,117852.26,2,1,0,147668.64,0.7980804991466085,0,186,0,False,False,False
477,39,4,182491.57,1,1,0,185830.72,0.982025942610874,0,156,0,True,False,False
773,42,8,152324.66,2,1,0,171733.22,0.8869790773207576,0,336,0,True,False,False
704,33,0,130499.09,2,1,1,74804.36,1.7445152325983058,2,0,0,False,False,False
635,29,2,0.0,2,0,0,117173.8,0.0,0,58,1,False,True,True
733,38,5,0.0,2,1,1,1271.51,0.0,2,190,1,False,True,False
669,45,1,123949.75,1,0,0,110881.56,1.117847116805384,0,45,0,True,False,True
678,25,10,76968.12,2,0,1,131501.72,0.5852967908192317,2,250,0,True,False,False
670,32,3,0.0,2,1,0,46175.7,0.0,0,96,1,False,True,False
775,30,4,0.0,2,1,0,49337.84,0.0,0,120,1,False,False,True
761,36,9,127637.92,1,1,1,81062.93,1.574534074526118,1,324,0,False,False,True
726,48,4,0.0,1,1,0,114020.06,0.0,0,192,1,False,False,False
640,46,5,107978.4,2,1,0,155876.06,0.6927151435881584,0,230,0,True,False,False
678,37,2,113383.07,1,1,1,135123.96,0.8390978987153818,1,74,0,True,False,False
540,40,8,0.0,2,1,0,3560.0,0.0,0,320,1,False,True,False
612,38,7,110615.47,1,1,1,193502.93,0.5716445655651542,1,266,0,False,False,False
808,45,7,118626.55,2,1,0,147132.46,0.8062513448674422,0,315,0,False,False,True
700,47,4,0.0,1,1,0,121798.52,0.0,0,188,1,False,True,True
643,45,9,150840.03,2,1,0,155516.35,0.969924127436585,0,405,0,False,True,False
715,23,7,139224.92,2,1,0,65057.71,2.1399889422953517,0,161,0,False,False,True
580,45,2,179334.83,2,1,1,169303.65,1.059243381679121,2,90,0,True,False,True
643,46,6,0.0,2,0,0,106781.59,0.0,0,276,1,False,False,False
631,55,9,99685.06,1,1,0,114474.98,0.8707945544558781,0,495,0,False,True,True
712,35,7,124616.23,1,1,1,69320.97,1.7976440946499355,1,245,0,False,False,True
649,38,1,122214.0,1,0,1,88965.46,1.3737086987613083,1,38,0,False,False,True
679,60,6,0.0,2,1,1,77331.77,0.0,2,360,1,False,False,True
558,56,7,121235.05,2,1,1,116253.1,1.042845370614886,2,392,0,False,False,False
528,40,4,0.0,2,1,0,25399.7,0.0,0,160,1,False,True,True
776,32,4,109421.13,2,1,1,126517.46,0.8648629614998475,2,128,0,True,False,False
543,22,8,0.0,2,0,0,127587.22,0.0,0,176,1,False,False,True
680,32,5,0.0,1,1,1,150684.23,0.0,1,160,1,False,False,False
640,74,2,116800.25,1,1,1,34130.43,3.422073144898998,1,148,0,True,False,False
537,47,4,124192.28,2,1,1,50881.51,2.440765599024105,2,188,0,True,False,False
646,73,6,97259.25,1,0,1,104719.66,0.9287493986382438,1,438,0,False,False,False
628,42,7,0.0,2,0,1,172967.87,0.0,2,294,1,False,True,True
695,63,1,146202.93,1,1,1,126688.83,1.1540226235997,1,63,0,False,True,True
559,25,5,0.0,2,1,1,163221.22,0.0,2,125,1,False,True,True
736,46,5,130812.91,1,1,1,77981.54,1.6774640836269248,1,230,0,True,False,True
526,35,9,118536.4,1,1,0,40980.87,2.8924107172269102,0,315,0,True,False,False
550,62,7,80927.56,1,0,1,64490.67,1.2548529135623252,1,434,0,False,True,True
749,27,9,0.0,2,1,0,132734.87,0.0,0,243,1,False,False,False
591,46,4,129269.27,1,1,0,163504.33,0.7906119635366016,0,184,0,True,False,True
834,28,6,0.0,1,1,0,74287.53,0.0,0,168,1,False,False,False
750,38,7,97257.41,2,0,1,179883.04,0.5406672543044952,2,266,0,False,True,False
721,41,7,0.0,2,0,1,61018.85,0.0,2,287,1,False,False,True
841,28,4,0.0,2,1,1,179436.6,0.0,2,112,1,False,True,True
676,28,1,69459.05,2,1,1,128461.29,0.5406960283831155,2,28,0,True,False,True
850,32,0,116968.91,1,0,0,175094.62,0.6680287605138268,0,0,0,True,False,False
529,39,2,82766.43,1,1,1,122925.44,0.6733004714038736,1,78,0,False,True,False
767,20,3,119714.25,2,0,1,150135.38,0.7973700311676624,2,60,0,True,False,True
553,31,4,0.0,2,1,1,89087.4,0.0,2,124,1,False,False,False
728,35,8,125884.95,2,1,0,54359.02,2.3157634967757557,0,280,0,True,False,False
802,41,4,90757.64,2,0,1,169183.66,0.5364413062035294,2,164,0,True,False,False
835,20,4,124365.42,1,0,0,180197.74,0.6901569899989312,0,80,0,True,False,True
553,43,6,85200.82,2,1,1,160574.09,0.530597990012025,2,258,0,True,False,True
681,49,8,142946.18,1,0,0,187280.51,0.7632690488238801,0,392,0,True,False,True
601,32,8,93012.89,1,1,0,86957.42,1.0696248850887586,0,256,0,False,False,True
627,55,2,159441.27,1,1,0,100686.11,1.583532092638273,0,110,0,False,False,False
808,33,2,103516.87,1,1,0,113907.8,0.9087697350863146,0,66,0,False,False,False
812,49,8,66079.45,2,0,0,91556.57,0.7217256858171311,0,392,0,False,True,False
667,31,1,119266.69,1,1,1,28257.63,4.22054041544123,1,31,0,False,False,True
713,38,6,116980.78,2,0,1,76038.38,1.5384236431175529,2,228,0,False,True,True
850,26,4,62610.96,2,0,1,179365.1,0.3490679676928918,2,104,0,False,False,False
784,33,10,0.0,2,1,0,162022.47,0.0,0,330,1,False,True,True
784,38,10,122267.85,1,0,0,145759.93,0.8388245739101693,0,380,0,False,True,True
716,39,1,70657.61,2,1,1,76476.05,0.923906060707101,2,39,0,False,False,True
674,47,6,106901.94,1,1,1,2079.2,51.390222094029426,1,282,0,True,False,True
695,42,7,121453.63,1,0,0,46374.64,2.6189100570903174,0,294,0,False,False,False
727,34,2,146407.11,1,1,1,72073.72,2.03132402040549,1,68,0,True,False,True
826,49,0,0.0,1,0,0,178709.98,0.0,0,0,1,False,False,False
774,43,1,116360.07,1,1,0,17004.14,6.8426411073357825,0,43,0,False,True,False
738,39,1,94435.45,2,0,1,189430.86,0.49851936205451397,2,39,0,False,False,False
848,35,5,120046.74,2,1,0,84710.65,1.4171219661050165,0,175,0,False,True,True
547,32,8,155726.85,1,1,0,67789.99,2.2971614664426645,0,256,0,True,False,True
766,34,6,106434.94,1,0,1,137995.66,0.7712863485246672,1,204,0,True,False,False
723,47,10,90450.0,2,0,0,103379.31,0.8749248285287595,0,470,0,True,False,False
743,36,4,0.0,2,1,1,190911.02,0.0,2,144,1,False,False,True
568,26,1,112930.28,2,1,0,22095.73,5.1107236229071,0,26,0,True,False,True
531,31,2,118899.45,2,0,0,41409.36,2.8712488855445835,0,62,0,False,True,True
619,41,8,142015.76,2,1,0,114323.66,1.2422145843250267,0,328,0,True,False,False
592,70,5,71816.74,2,1,0,105096.82,0.6833323469506789,0,350,0,True,False,False
719,22,7,114415.84,1,1,1,177497.4,0.6446020921878732,1,154,0,False,False,False
655,36,10,122314.39,1,1,0,9181.66,13.320147974552036,0,360,0,True,False,False
537,37,3,0.0,2,1,1,20603.32,0.0,2,111,1,False,False,True
689,26,4,120727.97,1,0,1,149073.88,0.8098478429095499,1,104,0,True,False,True
518,38,3,90957.81,1,0,1,162304.59,0.5604108275013818,1,114,0,False,False,True
586,28,5,0.0,3,1,0,170487.4,0.0,0,140,1,False,False,False
585,32,8,144705.87,2,0,0,171482.56,0.8438468970436582,0,256,0,False,False,False
600,28,2,116623.31,1,0,1,59905.29,1.946762351666244,1,56,0,True,False,True
531,42,6,75302.85,2,0,0,57034.35,1.3202838239793393,0,252,0,False,True,False
645,47,9,152076.93,1,1,0,121840.2,1.2481568631957005,0,423,0,True,False,True
710,22,8,0.0,3,1,0,107292.91,0.0,0,176,1,False,True,True
654,32,6,0.0,2,1,1,137898.57,0.0,2,192,1,False,False,True
490,48,8,155413.06,1,1,0,187921.3,0.827007013004843,0,384,0,False,True,False
705,61,4,0.0,2,1,1,191313.7,0.0,2,244,1,False,False,True
512,46,3,0.0,2,1,1,56408.14,0.0,2,138,1,False,True,False
582,41,6,70349.48,2,0,1,178074.04,0.3950552531112726,2,246,0,True,False,True
690,38,1,94456.0,2,0,1,55034.02,1.7162890101611665,2,38,0,False,False,True
758,47,9,95523.16,1,1,0,73294.48,1.3032612652239948,0,423,0,True,False,False
670,40,2,147171.2,1,0,1,69850.04,2.1069292597504634,1,80,0,True,False,False
444,36,7,0.0,2,0,1,138743.86,0.0,2,252,1,False,False,True
850,36,6,0.0,2,0,1,41291.05,0.0,2,216,1,False,True,True
736,36,8,103914.17,1,1,1,110035.88,0.944357655360639,1,288,0,True,False,False
535,27,6,0.0,2,0,1,49775.58,0.0,2,162,1,False,False,False
516,33,3,0.0,2,1,1,58685.59,0.0,2,99,1,False,True,False
631,48,1,106396.48,1,1,1,150661.42,0.7061912320272035,1,48,0,True,False,True
609,25,10,0.0,1,0,1,109895.16,0.0,1,250,1,False,False,True
816,38,5,130878.75,3,1,0,71905.77,1.8201172156668974,0,190,0,True,False,False
666,40,5,0.0,2,1,0,147878.05,0.0,0,200,1,False,False,True
645,49,2,0.0,2,0,0,10023.15,0.0,0,98,1,False,True,True
700,38,9,65962.63,1,1,1,100950.48,0.6534092417466293,1,342,0,False,False,True
593,33,0,95927.04,1,1,0,199478.05,0.48088779247745567,0,0,0,False,False,False
716,44,6,155114.9,1,0,0,133871.83,1.1586734963323029,0,264,0,False,False,False
676,36,4,0.0,2,1,1,3173.31,0.0,2,144,1,False,True,False
700,36,4,0.0,2,1,0,130789.15,0.0,0,144,1,False,False,False
638,36,6,0.0,1,1,0,164247.51,0.0,0,216,1,False,False,False
781,27,5,0.0,2,0,0,72969.9,0.0,0,135,1,False,False,False
527,29,2,27755.97,1,1,0,97468.44,0.2847658712310238,0,58,0,False,True,False
652,58,3,116353.2,2,0,1,193502.9,0.6012964079793741,2,174,0,True,False,False
600,41,1,0.0,2,1,1,91193.65,0.0,2,41,1,False,False,False
728,45,3,108924.33,2,1,0,84300.4,1.292082100653133,0,135,0,True,False,True
724,41,5,109798.25,1,0,1,149593.61,0.7339719659685601,1,205,0,False,False,False
520,34,3,0.0,2,1,1,104703.96,0.0,2,102,1,False,False,True
719,44,4,0.0,1,0,0,84972.9,0.0,0,176,1,False,True,True
554,30,6,135370.12,1,1,1,179689.05,0.7533534550187949,1,180,0,False,True,True
526,58,9,190298.89,2,1,1,191263.76,0.9949500890807068,2,522,0,True,False,True
655,27,2,131691.33,1,1,0,49480.66,2.6614169775225807,0,54,0,False,False,True
833,28,4,136674.51,2,0,0,5278.78,25.88640246373902,0,112,0,False,False,False
673,47,1,183579.54,2,0,1,34047.54,5.391700789519903,2,47,0,True,False,True
494,25,6,0.0,2,0,1,109988.09,0.0,2,150,1,False,False,True
691,33,1,128306.83,1,1,1,113580.79,1.1296426126054187,1,33,0,False,False,False
679,39,5,0.0,2,1,1,100060.54,0.0,2,195,1,False,True,True
787,42,10,145988.65,2,1,1,79510.37,1.8360726270972316,2,420,0,False,False,False
612,46,9,161450.03,1,1,1,96961.0,1.6650856005445431,1,414,0,True,False,True
529,31,2,164003.05,2,1,1,60993.23,2.688828926932924,2,62,0,False,False,False
639,38,5,130170.82,1,1,1,149599.62,0.8701221960176369,1,190,0,True,False,True
678,29,6,0.0,2,1,0,64443.75,0.0,0,174,1,False,True,True
564,26,7,84006.88,2,0,0,183490.99,0.4578231453045989,0,182,0,False,False,True
527,39,9,96748.89,2,1,0,94711.43,1.0215015072467257,0,351,0,True,False,False
579,39,2,151963.26,2,1,0,158948.63,0.9560466419456277,0,78,0,False,True,False
615,35,7,0.0,2,1,0,150784.29,0.0,0,245,1,False,False,True
678,39,6,0.0,1,0,1,185366.56,0.0,1,234,1,False,True,False
692,47,3,0.0,2,1,0,150802.41,0.0,0,141,1,False,True,False
792,59,9,101609.77,1,0,0,161479.19,0.6292398466957464,0,531,0,True,False,False
616,71,4,0.0,2,1,1,173599.38,0.0,2,284,1,False,True,True
639,27,8,0.0,2,1,0,192247.35,0.0,0,216,1,False,False,True
659,30,8,154159.51,1,1,0,40441.1,3.811857198315617,0,240,0,True,False,False
710,62,9,148214.36,1,1,0,48571.14,3.0514274232100953,0,558,0,True,False,False
633,47,0,0.0,1,1,1,6342.84,0.0,1,0,1,False,False,False
639,39,1,141789.15,1,1,0,92455.96,1.5335692412988702,0,39,0,False,True,False
523,26,4,0.0,2,1,0,185488.81,0.0,0,104,1,False,False,False
773,25,2,135903.33,1,1,0,73656.38,1.8450741799396067,0,50,0,False,False,True
655,34,7,118028.35,1,1,0,51226.32,2.304011804638619,0,238,0,True,False,True
635,34,3,134692.4,2,1,1,83773.02,1.6078063342310658,2,102,0,False,False,True
581,29,8,0.0,2,1,0,46735.19,0.0,0,232,1,False,True,False
756,41,6,149049.92,1,0,1,50422.36,2.955969614083631,1,246,0,True,False,True
474,37,3,98431.37,1,0,0,75698.44,1.3002919176152425,0,111,0,False,False,True
769,41,1,72509.91,1,1,0,25723.73,2.8186849774516585,0,41,0,False,True,True
536,53,2,143923.96,1,1,0,2019.78,71.22198359049476,0,106,0,False,True,True
655,39,6,94631.26,2,1,1,148948.52,0.6353243702967287,2,234,0,False,False,False
718,25,4,108691.95,1,1,0,63030.97,1.7243939860994348,0,100,0,False,False,False
574,54,1,99774.5,1,0,0,4896.11,20.37415945322854,0,54,0,True,False,True
558,31,7,0.0,2,1,0,166720.28,0.0,0,217,1,False,True,False
701,37,3,0.0,2,1,1,164268.28,0.0,2,111,1,False,False,False
656,47,1,0.0,2,1,1,197961.93,0.0,2,47,1,False,True,True
509,38,2,0.0,1,0,0,168460.12,0.0,0,76,1,False,True,True
709,32,2,0.0,2,0,0,109681.29,0.0,0,64,1,False,False,False
665,37,5,160389.82,1,0,1,183542.08,0.8738538113232055,1,185,0,False,False,False
690,21,8,0.0,2,1,1,155782.89,0.0,2,168,1,False,False,True
592,28,5,137222.77,1,0,0,39608.58,3.46438336382259,0,140,0,False,False,True
850,45,5,174088.3,4,1,0,5669.31,30.701725302496683,0,225,0,False,True,False
643,41,2,127841.52,1,1,0,172363.41,0.7416932532649867,0,82,0,True,False,True
700,32,8,110923.15,2,1,1,161845.81,0.6853588896809273,2,256,0,False,False,False
670,42,3,81589.04,1,1,0,188227.8,0.4334567292571594,0,126,0,False,True,True
850,38,7,80293.98,1,0,0,126555.74,0.6344504449150633,0,266,0,False,False,True
653,37,3,125734.2,2,1,0,134625.09,0.9339512125769975,0,111,0,True,False,False
703,44,6,98862.54,1,1,0,151516.7,0.6524817892563046,0,264,0,False,False,True
485,30,5,156771.68,1,1,1,141148.21,1.1106805344500335,1,150,0,True,False,False
549,45,3,143734.01,2,1,1,96404.38,1.4909334935456922,2,135,0,True,False,False
468,42,9,181627.14,2,1,0,172668.39,1.0518780427729548,0,378,0,True,False,True
757,49,2,0.0,2,0,0,164482.92,0.0,0,98,1,False,False,False
420,34,1,135549.9,1,0,0,149471.13,0.9068573519357755,0,34,0,True,False,False
659,48,4,123593.22,2,1,0,82469.06,1.4986435077166187,0,192,0,True,False,True
549,46,7,0.0,1,1,1,109057.56,0.0,1,322,1,False,False,False
738,38,5,177997.07,1,0,1,19233.41,9.25409565461067,1,190,0,False,True,True
556,46,3,131764.96,1,1,1,108500.66,1.2144050146329557,1,138,0,False,True,True
735,53,8,123845.36,2,0,1,170454.93,0.7265535437810817,2,424,0,False,False,False
671,29,6,0.0,2,0,0,12048.67,0.0,0,174,1,False,True,False
809,24,7,109558.36,1,1,0,183515.13,0.596995806308688,0,168,0,False,False,True
804,71,8,0.0,2,0,1,147995.96,0.0,2,568,1,False,False,False
481,39,1,111233.09,1,1,1,123995.15,0.8970689009295854,1,39,0,False,True,True
669,42,9,0.0,2,0,0,135630.32,0.0,0,378,1,False,False,False
718,41,1,0.0,2,0,1,27509.52,0.0,2,41,1,False,False,False
488,32,3,114540.38,1,1,0,92568.07,1.2373504454565656,0,96,0,True,False,True
663,31,4,103430.11,2,0,1,36479.27,2.8352342238695054,2,124,0,False,True,True
639,38,5,0.0,2,0,0,93716.38,0.0,0,190,1,False,False,False
704,40,6,95452.89,1,0,1,179964.55,0.5303953451091057,1,240,0,False,False,False
660,20,6,167685.56,1,1,0,57929.9,2.8945788862247954,0,120,0,False,False,False
498,37,8,108432.88,2,1,1,14865.05,7.293994033384793,2,296,0,True,False,True
620,22,0,0.0,1,1,0,32589.45,0.0,0,0,1,False,False,True
667,33,9,124573.33,2,0,0,683.37,182.02628695004165,0,297,0,True,False,True
786,32,9,0.0,2,1,0,133112.41,0.0,0,288,1,False,False,True
728,29,1,0.0,1,1,1,83056.22,0.0,1,29,1,False,True,False
405,31,5,133299.67,2,1,1,72950.14,1.827245879913597,2,155,0,True,False,True
681,23,7,157761.56,1,0,0,147759.84,1.0676818025669048,0,161,0,False,False,True
498,42,3,152039.7,1,1,1,53445.17,2.844725824132955,1,126,0,True,False,True
706,48,10,104478.12,3,0,1,158248.71,0.6602104989639476,3,480,0,True,False,False
748,34,8,0.0,2,1,0,53584.03,0.0,0,272,1,False,False,False
673,39,7,82255.51,2,1,0,109545.56,0.7508725970035024,0,273,0,False,False,True
554,46,7,87603.35,3,0,1,96929.24,0.9037772938558699,3,322,0,False,True,False
608,33,4,0.0,1,0,1,130474.03,0.0,1,132,1,False,False,True
438,54,2,0.0,1,0,0,191763.07,0.0,0,108,1,False,True,False
624,32,2,79368.87,2,1,1,145471.94,0.5455919843236824,2,64,0,False,False,False
492,28,9,0.0,2,1,0,95957.09,0.0,0,252,1,False,False,False
728,43,8,128412.61,1,0,1,139024.31,0.9236635401136671,1,344,0,False,True,False
773,41,9,102827.44,1,0,1,64595.25,1.591848443214583,1,369,0,False,True,True
618,31,4,0.0,2,1,0,29176.04,0.0,0,124,1,False,False,False
483,27,1,77805.66,1,1,1,2101.89,36.99939606921903,1,27,0,False,False,True
846,38,5,0.0,1,1,1,187616.16,0.0,1,190,1,False,False,False
608,41,1,83807.86,1,0,1,112542.58,0.7446702868346644,1,41,0,False,True,False
490,31,3,145260.23,1,0,1,114066.77,1.2734555080720873,1,93,0,False,True,True
756,26,5,155143.52,1,0,1,135034.57,1.1489085431342274,1,130,0,True,False,False
609,77,1,0.0,1,0,1,18708.76,0.0,1,77,1,False,False,True
652,31,1,132862.59,1,0,0,158054.49,0.8406072449618802,0,31,0,False,True,True
626,36,2,181671.16,2,1,1,57531.14,3.1577333991052656,2,72,0,True,False,True
685,33,1,0.0,3,0,1,70221.13,0.0,3,33,1,False,False,False
555,24,5,0.0,2,1,0,27513.47,0.0,0,120,1,False,False,True
658,40,5,143566.12,1,1,1,189607.71,0.757170490743806,1,200,0,False,False,False
721,41,2,0.0,2,1,0,168219.75,0.0,0,82,1,False,False,True
501,34,7,93244.42,1,0,1,199805.63,0.46667330308308586,1,238,0,True,False,False
583,24,9,135125.28,1,0,0,89801.9,1.5046872651105923,0,216,0,False,False,True
690,36,6,110480.48,1,0,0,81292.33,1.359034990939601,0,216,0,False,False,False
697,25,4,165686.11,2,1,0,15467.98,10.710861996072138,0,100,0,False,False,False
654,42,7,99263.09,1,1,1,67607.9,1.4681956073830518,1,294,0,False,False,True
414,60,3,0.0,2,1,1,93844.82,0.0,2,180,1,False,True,True
850,37,4,88141.1,1,1,0,109659.12,0.8037662187493504,0,148,0,False,True,True
534,38,3,0.0,1,0,0,143938.27,0.0,0,114,1,False,False,True
705,55,8,0.0,2,1,1,14392.68,0.0,2,440,1,False,False,False
795,35,8,0.0,2,1,0,167155.36,0.0,0,280,1,False,True,True
638,43,3,145860.98,1,1,1,142763.51,1.0216893540278322,1,129,0,False,False,False
754,39,3,160761.41,1,1,1,24156.03,6.654849954650882,1,117,0,True,False,False
653,38,8,102133.38,1,1,1,166520.96,0.6133328000703331,1,304,0,False,False,False
628,43,3,184926.61,1,1,0,122937.57,1.5042196277376578,0,129,0,False,True,True
639,22,4,0.0,2,1,0,28188.96,0.0,0,88,1,False,False,True
686,36,5,0.0,2,1,1,152979.14,0.0,2,180,1,False,True,False
678,30,0,0.0,1,1,0,35113.08,0.0,0,0,1,False,True,True
800,40,3,75893.11,2,1,0,132562.23,0.5725049849796207,0,120,0,False,False,False
793,35,2,0.0,2,1,1,79704.12,0.0,2,70,1,False,False,True
616,59,5,153861.1,1,1,1,17699.48,8.692481785804679,1,295,0,False,False,True
588,49,6,132623.76,3,1,0,36292.94,3.654157140282923,0,294,0,True,False,True
495,45,3,89158.94,3,1,0,135169.76,0.6596022690114342,0,135,0,False,True,False
445,33,7,0.0,2,1,0,122625.68,0.0,0,231,1,False,False,False
527,47,1,0.0,1,1,0,21312.16,0.0,0,47,1,False,False,True
564,24,6,149592.14,1,1,1,153771.8,0.972812747117826,1,144,0,False,True,False
739,40,1,109681.61,1,1,1,193321.3,0.5673510505513333,1,40,0,False,True,True
512,32,2,123403.85,2,1,0,80120.19,1.5402148919655338,0,64,0,True,False,False
670,40,3,0.0,1,1,1,182650.15,0.0,1,120,1,False,True,False
752,37,5,113291.05,2,1,1,132467.54,0.85522985306549,2,185,0,True,False,False
828,37,4,0.0,2,1,0,94845.45,0.0,0,148,1,False,False,True
732,62,2,0.0,2,1,1,25438.87,0.0,2,124,1,False,False,True
496,44,0,179356.28,2,1,0,2919.21,61.41896644419408,0,0,0,False,True,False
728,32,9,127772.1,2,1,1,152643.48,0.8370568002197001,2,288,0,True,False,False
593,40,2,0.0,1,1,1,5194.95,0.0,1,80,1,False,True,False
684,56,3,127585.98,3,1,1,80593.49,1.5830608271111337,3,168,0,True,False,False
670,29,9,0.0,2,1,0,27359.19,0.0,0,261,1,False,True,False
709,31,6,0.0,2,1,1,71009.84,0.0,2,186,1,False,False,True
530,48,0,0.0,1,1,0,85081.09,0.0,0,0,1,False,False,False
512,40,8,153537.57,2,0,0,23101.13,6.646035235712032,0,320,0,True,False,False
630,42,6,0.0,2,1,0,162697.93,0.0,0,252,1,False,False,True
668,34,0,0.0,1,0,0,99984.86,0.0,0,0,1,False,True,True
509,41,7,126683.8,1,0,1,114775.53,1.1037430736057277,1,287,0,False,True,True
431,45,5,83624.55,2,0,0,36899.62,2.2662098902403267,0,225,0,True,False,True
739,41,8,0.0,1,1,0,191694.77,0.0,0,328,1,False,True,False
665,33,2,101286.11,1,1,1,159840.51,0.6336658731514736,1,66,0,False,False,True
567,41,1,0.0,2,1,0,3414.72,0.0,0,41,1,False,True,False
673,41,9,98612.1,1,1,0,151349.35,0.6515485428345558,0,369,0,True,False,False
668,28,4,107141.27,1,1,0,193018.71,0.5550794268626764,0,112,0,False,False,True
719,37,9,101455.7,1,1,0,25803.59,3.9316919974314644,0,333,0,False,False,False
679,33,6,0.0,2,1,1,98015.85,0.0,2,198,1,False,False,False
472,31,4,58662.92,2,0,1,73322.0,0.8000616450499843,2,124,0,False,False,True
711,36,9,137688.71,1,1,1,46884.1,2.936726380022651,1,324,0,False,False,True
720,44,3,86102.27,1,1,0,180134.88,0.47798511878921623,0,132,0,False,False,True
625,31,4,77743.01,2,1,0,75335.68,1.0319410146558092,0,124,0,True,False,True
792,28,4,130142.79,1,1,0,38190.78,3.407612580508162,0,112,0,False,False,False
593,38,5,142658.04,2,0,1,135337.11,1.0540862437047482,2,190,0,True,False,False
686,26,1,57422.62,1,1,1,79189.4,0.7251209742595063,1,26,0,True,False,True
680,42,0,0.0,1,1,0,136377.21,0.0,0,0,1,False,True,True
700,43,0,0.0,2,1,0,59475.35,0.0,0,0,1,False,True,False
413,35,2,0.0,2,1,1,60972.84,0.0,2,70,1,False,True,True
610,31,5,0.0,2,0,0,63736.36,0.0,0,155,1,False,True,False
713,44,1,63438.91,1,1,0,64375.4,0.9854373652456491,0,44,0,False,False,True
410,50,2,102278.79,2,1,0,89822.48,1.1386643002475523,0,100,0,True,False,False
616,18,6,0.0,2,1,1,27308.58,0.0,2,108,1,False,False,True
598,20,8,180293.84,2,1,1,29552.7,6.100550523284732,2,160,0,True,False,True
632,41,3,81877.38,1,1,1,33642.21,2.433697022370933,1,123,0,True,False,False
674,44,4,131593.85,1,0,1,171345.02,0.7680006223663672,1,176,0,True,False,False
603,32,7,0.0,1,1,0,198055.94,0.0,0,224,1,False,False,True
626,26,8,0.0,2,0,0,191420.71,0.0,0,208,1,False,True,True
617,44,9,49157.09,2,1,0,53294.17,0.9223554404648676,0,396,0,True,False,True
571,25,6,82506.72,2,1,0,167705.07,0.49197217488907824,0,150,0,True,False,True
498,35,2,121968.11,2,0,1,188343.05,0.6475814340829987,2,70,0,True,False,True
711,42,3,177626.77,3,0,1,16392.72,10.835049640960074,3,126,0,False,True,True
665,28,8,191402.82,2,1,0,83238.4,2.299425752708453,0,224,0,False,False,True
577,37,4,0.0,1,1,1,79881.39,0.0,1,148,1,False,False,False
589,45,1,0.0,1,0,0,125939.22,0.0,0,45,1,False,True,False
440,42,2,0.0,2,1,0,49826.68,0.0,0,84,1,False,False,True
797,32,1,151922.94,1,1,0,8877.06,17.112177660434828,0,32,0,True,False,True
614,51,4,40685.92,1,1,1,46775.28,0.8697981113504537,1,204,0,False,False,True
714,54,4,137986.58,2,0,1,51308.54,2.6892967662543845,2,216,0,True,False,True
835,45,3,100212.13,1,1,0,152577.62,0.656790119087458,0,135,0,False,True,True
744,38,9,0.0,2,0,0,20940.76,0.0,0,342,1,False,False,False
667,43,8,190227.46,1,1,0,97508.04,1.9508699911310787,0,344,0,False,False,True
577,36,3,121092.47,2,0,1,143783.46,0.8421805110232358,2,108,0,False,False,True
525,26,7,153644.39,1,1,1,63197.88,2.431125203484619,1,182,0,False,False,True
708,32,8,187487.63,1,1,1,120115.5,1.560881560818039,1,256,0,False,True,False
734,45,2,0.0,2,1,0,99593.28,0.0,0,90,1,False,False,True
699,40,2,0.0,1,1,0,78387.32,0.0,0,80,1,False,True,True
418,34,8,155973.88,1,1,0,154208.96,1.0114384310844773,0,272,0,False,False,True
746,36,9,127157.04,1,1,1,155700.15,0.8166737368349559,1,324,0,False,False,True
840,43,7,0.0,2,1,0,90908.95,0.0,0,301,1,False,False,False
614,37,6,96340.81,2,1,1,139377.24,0.6912184427066951,2,222,0,True,False,False
545,37,9,110483.86,1,1,1,127394.67,0.8672497267764281,1,333,0,True,False,True
632,34,2,0.0,2,0,0,165385.55,0.0,0,68,1,False,False,False
691,28,1,0.0,2,0,0,92865.41,0.0,0,28,1,False,False,True
530,45,1,0.0,1,0,1,190663.89,0.0,1,45,1,False,False,False
722,37,9,0.0,2,1,0,31921.95,0.0,0,333,1,False,True,True
695,52,8,103023.26,1,1,1,22485.64,4.581531967425992,1,416,0,True,False,True
709,37,9,0.0,2,1,0,16733.59,0.0,0,333,1,False,False,False
736,24,0,0.0,2,1,0,109355.73,0.0,0,0,1,False,False,False
653,44,8,0.0,2,1,1,154639.72,0.0,2,352,1,False,False,True
655,45,7,57327.04,1,0,1,47349.0,1.2107083421330518,1,315,0,False,False,False
695,37,2,0.0,2,1,1,99692.65,0.0,2,74,1,False,False,True
519,39,1,97700.02,1,1,1,30709.03,3.1813716886632806,1,39,0,False,False,True
662,33,3,0.0,2,0,1,68064.83,0.0,2,99,1,False,True,True
512,40,5,0.0,2,1,1,146457.83,0.0,2,200,1,False,False,True
583,39,1,129299.28,2,1,0,73107.6,1.768591930361134,0,39,0,False,False,True
711,33,1,0.0,1,0,0,41590.4,0.0,0,33,1,False,False,True
526,32,7,125540.05,1,0,0,86786.41,1.4465237526963877,0,224,0,False,False,True
584,59,1,0.0,1,0,1,130260.11,0.0,1,59,1,False,True,False
706,28,3,0.0,2,0,1,181543.67,0.0,2,84,1,False,True,True
555,30,1,0.0,2,0,0,88146.86,0.0,0,30,1,False,False,True
630,29,6,131354.39,1,0,1,9324.31,14.085793394535948,1,174,0,True,False,True
691,40,1,0.0,2,1,1,145613.17,0.0,2,40,1,False,True,True
622,27,9,139834.93,1,1,1,152733.89,0.9155401886235685,1,243,0,False,True,True
489,46,8,92060.06,1,1,0,147222.95,0.6253062765942633,0,368,0,True,False,False
779,26,0,0.0,2,0,1,111906.0,0.0,2,0,1,False,False,False
539,40,7,81132.21,1,1,0,167289.82,0.4849770597095525,0,280,0,False,False,False
488,34,2,0.0,2,1,1,181270.84,0.0,2,68,1,False,False,False
711,58,9,91285.13,2,1,1,26767.85,3.4101252014935275,2,522,0,False,False,True
552,42,4,0.0,2,0,0,195692.3,0.0,0,168,1,False,True,True
584,31,5,0.0,2,1,0,31474.27,0.0,0,155,1,False,False,True
745,36,8,145071.24,1,0,0,6078.46,23.862520684402888,0,288,0,True,False,True
739,27,6,0.0,1,1,1,57572.38,0.0,1,162,1,False,False,False
694,42,3,156864.2,2,0,0,88890.75,1.7646654498308336,0,126,0,False,False,True
660,37,2,133200.09,1,0,0,71433.88,1.8646365752976695,0,74,0,True,False,False
687,34,7,111388.18,2,1,0,148564.76,0.7497567407187227,0,238,0,True,False,False
555,37,9,124969.13,1,1,0,60194.05,2.076069876177526,0,333,0,False,False,True
785,36,2,0.0,1,0,1,61811.1,0.0,1,72,1,False,False,True
545,33,7,173331.52,1,1,0,150452.88,1.1520574942965909,0,231,0,False,True,False
710,36,4,116085.06,1,1,0,58601.61,1.9808854929840154,0,144,0,False,False,False
613,30,9,111927.45,1,1,1,175795.87,0.6366862504434806,1,270,0,False,True,True
677,25,8,130866.19,1,1,0,42410.21,3.0856509399283825,0,200,0,False,True,False
492,51,8,117808.74,2,1,1,67311.12,1.750186147754669,2,408,0,True,False,True
626,49,9,171787.84,2,1,0,187192.23,0.9177032737775825,0,441,0,True,False,True
621,55,7,131033.76,1,0,1,75685.59,1.7312678507513684,1,385,0,True,False,False
799,28,3,142253.65,1,1,0,45042.56,3.1581351473995394,0,84,0,False,True,False
572,54,9,97382.53,1,1,1,195771.95,0.4974258701214851,1,486,0,True,False,False
706,57,7,0.0,1,1,0,17941.16,0.0,0,399,1,False,True,True
607,38,3,98205.77,1,1,0,176318.27,0.5569769543623905,0,114,0,True,False,True
674,36,2,0.0,2,1,1,182787.17,0.0,2,72,1,False,True,True
710,33,2,0.0,2,1,0,72945.32,0.0,0,66,1,False,False,False
751,44,10,0.0,2,1,0,170634.49,0.0,0,440,1,False,False,False
596,47,6,0.0,1,1,0,74835.65,0.0,0,282,1,False,False,True
789,27,6,0.0,2,1,0,103603.65,0.0,0,162,1,False,False,True
615,42,4,0.0,3,0,1,120321.09,0.0,3,168,1,False,True,True
629,34,6,0.0,2,1,0,190347.72,0.0,0,204,1,False,True,True
670,41,10,0.0,3,1,0,81602.02,0.0,0,410,1,False,False,False
556,26,4,0.0,1,1,0,195167.38,0.0,0,104,1,False,False,True
731,41,3,0.0,2,1,0,101371.72,0.0,0,123,1,False,True,True
499,31,4,0.0,1,1,0,25950.49,0.0,0,124,1,False,False,True
664,31,7,104158.84,1,1,0,134169.85,0.7763149745268811,0,217,0,False,False,False
429,24,4,95741.75,1,1,0,46170.75,2.0736001992560387,0,96,0,False,False,True
508,31,8,72541.48,1,1,0,129803.08,0.5588536200094789,0,248,0,False,False,True
726,36,2,0.0,1,1,0,195192.4,0.0,0,72,1,False,True,True
628,36,3,0.0,2,1,1,8742.91,0.0,2,108,1,False,False,True
800,38,1,0.0,2,1,0,51553.43,0.0,0,38,1,False,True,True
582,39,5,0.0,2,1,1,129892.93,0.0,2,195,1,False,False,True
584,35,9,0.0,2,1,0,192381.21,0.0,0,315,1,False,False,True
615,58,3,72309.3,1,1,1,85687.09,0.8438663996361688,1,174,0,True,False,True
564,44,3,111760.4,3,1,1,104722.47,1.0671953479005232,3,132,0,True,False,False
752,44,6,83870.33,1,1,0,178722.24,0.46927489676216705,0,264,0,False,True,True
573,35,9,0.0,2,1,0,11743.89,0.0,0,315,1,False,False,True
644,40,8,93183.19,1,1,0,73882.49,1.2612180339613084,0,320,0,False,False,True
508,44,3,115451.05,2,0,0,67234.33,1.7171188123862855,0,132,0,False,False,True
702,50,3,0.0,2,0,0,94949.84,0.0,0,150,1,False,False,True
731,30,7,0.0,2,1,1,184581.68,0.0,2,210,1,False,False,True
630,67,5,0.0,2,1,1,27330.27,0.0,2,335,1,False,False,True
603,55,7,127723.25,2,1,0,139469.11,0.9157750718057082,0,385,0,True,False,False
732,61,9,94867.18,2,1,1,157527.6,0.6022219457292199,2,549,0,True,False,False
729,38,7,0.0,2,0,0,45779.9,0.0,0,266,1,False,False,False
686,25,1,0.0,2,0,1,16459.37,0.0,2,25,1,False,False,True
689,38,6,121021.05,1,1,1,12182.15,9.9334777951515,1,228,0,False,True,False
697,48,1,0.0,2,1,1,87400.53,0.0,2,48,1,False,False,False
698,40,8,150777.1,1,1,0,114732.62,1.314149244136113,0,320,0,True,False,False
479,51,1,107714.74,3,1,0,86128.21,1.2506179959156714,0,51,0,True,False,True
838,35,0,0.0,2,0,1,197305.91,0.0,2,0,1,False,True,True
626,21,1,0.0,2,1,0,66232.23,0.0,0,21,1,False,False,True
761,31,7,0.0,3,1,1,166698.18,0.0,3,217,1,False,False,True
639,35,8,0.0,2,1,0,170483.9,0.0,0,280,1,False,False,True
473,48,8,0.0,2,1,0,71139.8,0.0,0,384,1,False,True,True
646,57,6,90212.0,1,1,0,13911.27,6.484347989221026,0,342,0,True,False,False
637,50,4,126345.55,1,0,1,17323.0,7.293093396444239,1,200,0,True,False,True
716,66,5,121411.9,1,0,0,10070.4,12.055116468415513,0,330,0,True,False,True
652,33,7,128135.99,1,1,0,158437.73,0.8087415873631403,0,231,0,True,False,True
588,21,8,0.0,2,1,1,110114.19,0.0,2,168,1,False,False,False
664,31,9,114519.57,2,0,1,79222.02,1.4455340127149912,2,279,0,False,False,False
685,33,6,0.0,1,1,0,58458.26,0.0,0,198,1,False,False,True
578,28,4,0.0,2,0,0,6947.09,0.0,0,112,1,False,True,True
659,29,6,123192.12,1,1,1,56971.41,2.162311897987113,1,174,0,False,False,True
693,39,0,0.0,2,0,0,81901.6,0.0,0,0,1,False,True,False
543,36,3,0.0,2,0,0,26019.59,0.0,0,108,1,False,False,False
529,35,5,0.0,2,1,0,56518.0,0.0,0,175,1,False,True,False
717,33,10,102185.42,2,1,0,23231.93,4.3983010321986935,0,330,0,True,False,False
850,39,2,0.0,2,1,0,179451.42,0.0,0,78,1,False,False,False
553,32,3,116324.53,1,1,0,77304.49,1.5047382792606319,0,96,0,False,False,True
534,23,5,104822.45,1,0,1,160176.47,0.6544144441786975,1,115,0,False,False,False
567,45,1,157320.51,1,1,0,62193.92,2.529475236884299,0,45,0,False,True,False
718,29,3,0.0,1,0,1,134462.29,0.0,1,87,1,False,False,False
738,37,7,140950.92,2,1,0,195333.98,0.7215856576226133,0,259,0,True,False,True
650,55,9,119618.42,1,1,1,29861.13,4.005689480288244,1,495,0,False,True,True
771,18,1,0.0,2,0,0,41542.95,0.0,0,18,1,False,True,True
597,39,8,162532.14,3,1,0,36051.46,4.508212199666819,0,312,0,True,False,False
543,57,1,106138.33,2,1,1,120657.32,0.879660267107979,2,57,0,True,False,False
651,33,1,96834.78,1,1,0,108764.69,0.8903063089104661,0,33,0,False,False,False
720,23,0,187861.18,2,1,1,104120.17,1.8042553690090113,2,0,0,True,False,True
430,60,7,73937.02,1,1,0,161937.62,0.45657434897246874,0,420,0,False,False,False
645,28,7,117466.03,2,1,1,34490.06,3.4056949829897953,2,196,0,True,False,True
766,44,3,116822.7,1,0,0,197643.24,0.5910756620076558,0,132,0,True,False,True
603,31,8,0.0,2,1,1,169915.02,0.0,2,248,1,False,False,True
589,37,5,0.0,1,1,0,61324.87,0.0,0,185,1,False,False,True
559,67,9,125919.35,1,1,0,175910.95,0.7158089601075993,0,603,0,False,True,True
687,38,4,117633.28,1,0,1,88396.6,1.3307293410680832,1,152,0,True,False,True
809,24,4,0.0,2,1,0,193518.76,0.0,0,96,1,False,False,False
670,40,3,47364.45,1,1,1,148579.43,0.3187798689235184,1,120,0,False,False,False
619,31,2,56116.3,2,0,0,2181.94,25.70675327768972,0,62,0,True,False,False
710,75,5,0.0,2,1,1,9376.89,0.0,2,375,1,False,True,False
776,29,5,0.0,2,1,1,143301.49,0.0,2,145,1,False,False,False
682,54,0,83102.72,2,1,1,54132.93,1.5351318479925622,2,0,0,False,True,False
662,41,4,90350.77,1,1,0,75884.65,1.1906173301539884,0,164,0,False,True,False
516,27,1,0.0,1,0,1,112311.15,0.0,1,27,1,False,True,False
734,22,5,130056.23,1,0,0,121894.31,1.0669502378721545,0,110,0,False,False,True
604,40,1,84315.02,1,0,0,36209.1,2.328494536054858,0,40,0,False,False,True
587,40,5,138241.9,2,1,0,159418.1,0.8671602085321017,0,200,0,True,False,True
585,55,10,106415.57,3,1,1,122960.98,0.8654347465777634,3,550,0,False,False,True
792,40,7,0.0,1,1,0,141652.2,0.0,0,280,1,False,True,False
753,33,5,122568.05,2,1,1,82820.85,1.4798999297890592,2,165,0,False,False,True
575,31,6,0.0,2,1,1,95686.42,0.0,2,186,1,False,True,False
776,33,2,0.0,2,1,1,176921.0,0.0,2,66,1,False,True,True
762,28,2,0.0,2,1,0,167909.52,0.0,0,56,1,False,False,True
675,32,2,155663.31,1,1,0,97658.66,1.5939366366829455,0,64,0,False,False,False
649,41,0,0.0,2,0,1,130567.02,0.0,2,0,1,False,False,True
593,29,5,101713.84,3,1,0,134594.99,0.7556974022777351,0,145,0,True,False,False
781,35,1,0.0,2,0,0,42117.9,0.0,0,35,1,False,True,True
698,38,1,171848.38,1,0,0,16957.45,10.133495690938735,0,38,0,False,True,False
629,37,10,99546.25,3,0,1,25136.95,3.95999872702428,3,370,0,False,False,False
733,34,3,100337.96,3,1,0,48559.19,2.066259625425683,0,102,0,True,False,True
547,43,1,92350.36,1,0,1,80262.91,1.150583867643627,1,43,0,False,False,True
663,33,8,122528.18,1,1,0,196260.3,0.6243114663970941,0,264,0,False,True,False
611,40,8,100812.33,2,1,0,147358.27,0.6841261496477283,0,320,0,False,False,False
850,53,2,94078.97,2,1,0,36980.54,2.5439440866983904,0,106,0,True,False,True
648,54,9,120633.42,1,0,0,5924.38,20.35876517624186,0,486,0,False,False,False
675,38,1,104016.88,1,0,0,22068.83,4.713080254809394,0,38,0,False,False,False
410,35,7,117183.74,1,1,1,109733.73,1.0678819731911675,1,245,0,False,False,False
634,44,9,149961.11,1,1,0,57121.51,2.6252542123936777,0,396,0,False,False,True
510,65,2,0.0,2,1,1,48071.61,0.0,2,130,1,False,False,True
759,39,6,0.0,2,1,1,140497.67,0.0,2,234,1,False,False,False
727,34,10,0.0,2,1,1,198637.34,0.0,2,340,1,False,False,True
678,54,1,123699.28,2,0,1,105221.76,1.1755943295918108,2,54,0,True,False,False
685,30,2,0.0,3,1,1,172576.43,0.0,3,60,1,False,True,False
516,42,8,56228.25,1,1,0,46857.52,1.1999578731893368,0,336,0,False,False,False
650,35,3,165982.43,2,1,1,24482.16,6.779452897420104,2,105,0,True,False,False
743,46,9,0.0,1,1,0,113436.08,0.0,0,414,1,False,False,False
517,37,5,113308.84,1,0,1,31517.16,3.5950334664206287,1,185,0,False,False,True
701,43,2,160416.56,1,0,1,37266.43,4.304470686602215,1,86,0,False,False,False
608,48,2,127924.25,2,1,0,32202.61,3.972357446882508,0,96,0,True,False,False
645,37,2,136925.09,2,0,1,153400.24,0.8925944144910433,2,74,0,True,False,False
644,40,4,77270.08,2,1,1,115800.1,0.6672655095676984,2,160,0,True,False,False
740,37,9,0.0,2,1,1,73225.31,0.0,2,333,1,False,False,False
637,38,3,104339.56,1,0,0,119882.86,0.870338676115367,0,114,0,False,False,False
850,41,8,60880.68,1,1,0,31825.84,1.9128722801258309,0,328,0,True,False,True
452,60,6,121730.49,1,1,1,142963.29,0.8514747983569882,1,360,0,False,False,False
806,36,8,167983.17,2,1,1,106714.28,1.5741248113672195,2,288,0,True,False,True
622,41,9,0.0,2,1,1,155786.39,0.0,2,369,1,False,True,False
715,41,4,94267.9,1,0,1,152821.12,0.6168472208080872,1,164,0,False,False,True
698,48,4,101238.24,2,0,1,177815.87,0.5693399057131081,2,192,0,False,False,True
688,54,9,0.0,1,1,0,191212.63,0.0,0,486,1,False,False,False
649,39,3,113096.41,1,1,1,60335.24,1.8744358282849578,1,117,0,False,False,True
711,51,7,0.0,3,1,0,38409.79,0.0,0,357,1,False,False,True
684,63,3,81245.79,1,1,0,69643.31,1.1665818786918845,0,189,0,True,False,False
592,37,9,0.0,3,1,1,10656.89,0.0,3,333,1,False,True,True
603,39,9,76769.68,1,0,0,48224.72,1.5918825058495756,0,351,0,False,False,False
787,46,7,117685.31,2,1,1,93360.35,1.2605356499236566,2,322,0,False,False,True
782,33,7,191523.09,1,1,1,167058.75,1.1464346738217912,1,231,0,False,False,True
631,34,6,125227.82,2,0,1,128247.03,0.9764502425495347,2,204,0,True,False,False
724,31,2,160997.54,2,0,1,64831.36,2.483289826253433,2,62,0,True,False,True
570,50,5,129293.74,1,1,0,177805.44,0.7271600511207581,0,250,0,True,False,False
792,50,4,146710.76,1,1,0,16528.4,8.875746246082738,0,200,0,True,False,False
521,61,0,125193.96,1,1,1,109356.53,1.144813347558234,1,0,0,True,False,False
785,55,5,0.0,2,1,1,7008.65,0.0,2,275,1,False,False,True
660,31,1,84560.04,1,1,1,137784.25,0.6137089419948797,1,31,0,False,True,True
548,32,2,172448.77,1,1,0,188083.77,0.9168672721347932,0,64,0,False,False,False
766,36,5,78381.13,1,0,1,153831.6,0.5095222339088074,1,180,0,False,True,True
612,26,4,0.0,2,1,1,179780.74,0.0,2,104,1,False,True,False
599,39,4,0.0,1,1,0,194273.2,0.0,0,156,1,False,True,False
690,26,5,157624.84,1,1,1,49599.27,3.177902862222323,1,130,0,False,False,False
623,44,6,0.0,2,0,0,167162.43,0.0,0,264,1,False,False,False
662,38,0,105271.56,1,0,1,179833.45,0.5853803873506994,1,0,0,False,False,True
585,30,6,0.0,2,1,1,137757.69,0.0,2,180,1,False,False,False
632,49,5,167962.7,1,0,0,140201.21,1.1980032269106173,0,245,0,False,False,False
715,35,3,0.0,1,1,1,152012.36,0.0,1,105,1,False,False,False
713,59,3,0.0,2,1,1,62700.08,0.0,2,177,1,False,False,False
583,29,10,0.0,2,1,1,111285.85,0.0,2,290,1,False,False,False
659,32,9,95377.13,1,0,1,187551.24,0.5085363416613953,1,288,0,False,False,True
749,32,7,79523.13,1,0,1,157648.12,0.5044311696760503,1,224,0,True,False,False
766,30,4,127786.28,2,1,1,28879.3,4.424686724168378,2,120,0,True,False,True
553,42,7,0.0,2,1,0,7680.23,0.0,0,294,1,False,True,True
614,35,6,128100.28,1,0,0,69454.24,1.8443573155891477,0,210,0,True,False,False
715,40,7,0.0,1,1,1,141359.11,0.0,1,280,1,False,False,True
695,28,5,171069.39,2,1,1,88689.4,1.9288377321559045,2,140,0,False,False,True
554,35,10,74988.59,2,0,1,190155.13,0.3943527353023013,2,350,0,False,False,False
575,29,4,121823.4,2,1,1,50368.87,2.4185768198329676,2,116,0,False,False,True
477,30,6,131286.46,1,1,0,194144.45,0.6762273336820409,0,180,0,False,False,False
629,59,9,113657.83,1,1,1,116848.79,0.9726832200554234,1,531,0,False,False,True
797,31,8,0.0,2,1,0,117916.63,0.0,0,248,1,False,True,False
531,31,3,96288.26,1,1,0,56794.73,1.6953432942934263,0,93,0,False,False,True
508,54,10,0.0,1,1,1,175749.36,0.0,1,540,1,False,True,True
617,79,7,0.0,1,1,1,160589.18,0.0,1,553,1,False,False,False
806,40,5,80613.93,1,1,1,142838.64,0.5643666562027179,1,200,0,False,False,True
578,34,8,147487.23,2,1,0,66680.77,2.21180736504145,0,272,0,True,False,True
681,37,6,121231.39,1,1,1,146366.08,0.8282695125160658,1,222,0,False,True,False
644,39,9,0.0,1,1,0,3740.93,0.0,0,351,1,False,False,False
724,28,9,0.0,2,1,1,100240.2,0.0,2,252,1,False,False,True
732,41,8,0.0,2,1,1,170886.17,0.0,2,328,1,False,False,True
622,33,3,96926.12,2,1,0,48553.77,1.9962224102801847,0,99,0,True,False,True
554,55,0,108477.27,1,0,1,140003.0,0.774815505271278,1,0,0,True,False,False
705,48,1,156848.13,2,1,1,99475.95,1.5767283777799783,2,48,0,True,False,False
589,32,2,0.0,2,0,1,9468.64,0.0,2,64,1,False,False,True
546,42,9,86351.85,2,1,0,57380.13,1.5048823541815926,0,378,0,True,False,False
686,38,6,149238.97,1,1,1,97825.23,1.5255516848599808,1,228,0,False,False,True
645,38,5,101430.3,2,0,1,4400.32,23.04542728090664,2,190,0,False,False,False
783,44,3,81811.71,1,1,0,164213.53,0.4982001897152463,0,132,0,False,True,False
619,38,1,0.0,1,1,0,112442.63,0.0,0,38,1,False,True,False
509,25,3,108738.71,2,1,0,106920.57,1.0169950740528781,0,75,0,False,True,False
740,40,4,114318.78,2,1,0,129333.69,0.883898820958244,0,160,0,True,False,True
541,37,9,212314.03,1,0,1,148814.54,1.426692602130127,1,333,0,False,False,True
535,49,7,115309.75,1,1,0,111421.77,1.0348849701008151,0,343,0,False,True,False
695,42,5,0.0,1,0,1,72172.13,0.0,1,210,1,False,False,False
492,52,8,125396.24,1,1,0,10014.72,12.51994265015396,0,416,0,True,False,False
634,37,7,51582.5,2,1,1,184312.88,0.2798622653920584,2,259,0,False,False,False
623,28,4,0.0,2,1,0,41227.67,0.0,0,112,1,False,False,False
746,47,8,142382.03,1,1,1,62086.62,2.2932434839666906,1,376,0,False,False,True
652,48,4,59486.31,1,1,0,163944.18,0.3628426892452709,0,192,0,False,False,True
717,39,6,0.0,2,1,0,93275.61,0.0,0,234,1,False,True,False
569,34,3,0.0,1,1,0,133997.53,0.0,0,102,1,False,True,False
574,36,1,0.0,2,0,1,71709.12,0.0,2,36,1,False,True,True
660,48,0,90044.32,2,0,1,187604.97,0.47996510985231444,2,0,0,False,False,False
548,36,2,108913.84,2,1,1,140460.01,0.775402654444817,2,72,0,True,False,False
771,45,0,139825.56,1,0,0,170984.97,0.8177604279462227,0,0,0,False,True,True
505,37,6,159863.9,2,0,1,125307.87,1.275758850909756,2,222,0,True,False,False
458,43,1,106870.12,2,1,0,100564.37,1.0626930522902664,0,43,0,True,False,False
653,27,9,0.0,2,1,0,96429.29,0.0,0,243,1,False,False,False
517,56,9,142147.32,1,0,0,39488.04,3.5996651222719014,0,504,0,False,False,True
665,42,2,156371.61,2,0,1,156774.94,0.9974209690594105,2,84,0,False,True,False
507,29,6,0.0,2,0,1,94780.9,0.0,2,174,1,False,True,False
727,18,4,133550.67,1,1,1,46941.41,2.844989637302388,1,72,0,False,False,True
687,29,4,78939.15,1,1,0,122134.56,0.6463240517339913,0,116,0,True,False,False
655,35,1,82231.51,2,1,0,88798.02,0.9260407378369715,0,35,0,False,True,False
452,35,7,0.0,2,1,0,164241.67,0.0,0,245,1,False,False,False
554,45,6,0.0,2,1,1,181204.5,0.0,2,270,1,False,False,False
754,38,2,0.0,2,1,0,180698.32,0.0,0,76,1,False,False,True
456,29,5,107000.49,1,1,1,153419.62,0.6974322617129302,1,145,0,False,False,True
771,56,2,0.0,1,1,1,25222.6,0.0,1,112,1,False,True,False
666,71,1,53013.29,2,1,1,112222.64,0.4723896854530828,2,71,0,True,False,True
572,48,3,152827.99,1,1,0,38411.79,3.9785704188630917,0,144,0,True,False,False
580,23,5,113923.81,2,0,0,196241.43,0.5805258832149602,0,115,0,False,False,False
618,40,0,140306.38,1,1,0,160618.61,0.8735320674729569,0,0,0,True,False,False
521,38,5,110641.18,1,0,1,136507.69,0.810506495960074,1,190,0,False,False,True
564,37,9,100252.18,1,1,1,146033.52,0.6864964530304205,1,333,0,False,True,True
528,31,9,120962.59,1,1,0,5419.31,22.31654462567639,0,279,0,False,False,True
591,42,9,161651.37,2,1,1,131753.97,1.2269090873763624,2,378,0,False,False,True
631,26,1,149144.61,1,0,1,123697.95,1.205706354015131,1,26,0,False,False,True
627,43,8,71240.3,1,0,1,127734.16,0.5577187988021466,1,344,0,False,False,True
609,31,9,103837.75,1,1,1,150218.11,0.6912419465139955,1,279,0,True,False,True
604,34,7,0.0,2,1,1,188078.55,0.0,2,238,1,False,False,True
662,39,5,139822.11,2,1,1,146219.9,0.9562388824032678,2,195,0,True,False,True
603,40,8,148897.02,1,0,0,105052.9,1.4173392896408414,0,320,0,True,False,False
660,28,1,118402.25,2,1,0,14288.93,8.28571238627481,0,28,0,True,False,True
557,36,1,113110.26,1,1,0,98413.1,1.149329821641411,0,36,0,False,True,True
661,39,5,0.0,2,0,0,181461.46,0.0,0,195,1,False,False,True
561,34,1,78829.53,1,1,1,12148.2,6.488454383827741,1,34,0,False,False,True
741,25,4,0.0,2,1,1,73873.65,0.0,2,100,1,False,True,True
710,30,10,133537.1,2,1,0,155593.74,0.8582365959157746,0,300,0,True,False,False
668,24,7,173962.32,1,0,0,106457.11,1.6340917568421984,0,168,0,False,True,False
539,34,4,91622.42,1,1,1,136603.42,0.6707134366516104,1,136,0,True,False,False
669,50,9,201009.64,1,1,0,158032.5,1.2719432272271387,0,450,0,False,False,True
789,37,3,0.0,1,1,0,121883.87,0.0,0,111,1,False,False,True
603,35,1,105346.03,2,1,1,130379.5,0.8079891548199308,2,35,0,True,False,True
842,46,9,0.0,1,0,0,17268.02,0.0,0,414,1,False,True,True
755,43,6,165048.5,3,1,0,16929.41,9.74864164541792,0,258,0,True,False,True
663,28,8,123674.28,2,1,1,87985.2,1.4056099706544891,2,224,0,True,False,True
663,40,6,156218.19,1,0,1,33607.72,4.648144588666274,1,240,0,False,False,True
636,35,9,95478.17,1,0,0,169286.74,0.5639993185566775,0,315,0,False,False,True
635,33,5,0.0,2,1,0,122949.71,0.0,0,165,1,False,False,False
699,34,2,117468.67,1,1,0,185227.42,0.6341827566201773,0,68,0,False,False,True
469,31,6,0.0,1,1,0,146213.75,0.0,0,186,1,False,True,False
764,39,5,81042.42,1,0,1,109805.17,0.7380497835413073,1,195,0,False,False,False
757,51,1,0.0,1,1,1,22835.13,0.0,1,51,1,False,False,False
685,35,9,0.0,1,1,0,167033.83,0.0,0,315,1,False,False,True
696,38,6,142316.14,1,1,1,8018.49,17.746283117754373,1,228,0,True,False,True
591,31,8,0.0,1,1,1,141677.33,0.0,1,248,1,False,True,True
695,23,1,0.0,2,1,1,141756.32,0.0,2,23,1,False,False,False
699,35,5,0.0,2,1,1,78397.24,0.0,2,175,1,False,False,True
563,26,7,0.0,2,0,0,6139.74,0.0,0,182,1,False,True,True
713,46,5,0.0,1,1,1,55701.62,0.0,1,230,1,False,False,True
725,44,10,0.0,1,0,1,93777.61,0.0,1,440,1,False,False,False
576,29,5,108541.04,1,1,1,126469.09,0.8582348601159373,1,145,0,False,False,False
613,34,3,0.0,1,1,1,41724.72,0.0,1,102,1,False,True,True
610,49,6,113882.33,1,1,0,195813.81,0.5815818017033543,0,294,0,True,False,True
558,38,8,113000.92,1,1,1,152872.39,0.7391797879277746,1,304,0,False,False,True
560,35,1,0.0,2,1,0,3701.63,0.0,0,35,1,False,False,False
506,35,6,110046.93,2,1,0,26318.73,4.1811572535128585,0,210,0,False,True,True
485,51,7,144244.59,2,1,0,51113.14,2.8220095261311253,0,357,0,True,False,True
538,62,3,75051.49,1,0,0,17682.02,4.244268795714759,0,186,0,False,False,False
641,42,7,125437.14,2,0,0,164128.58,0.7642567537186168,0,294,0,False,False,False
695,39,5,0.0,2,0,0,102763.69,0.0,0,195,1,False,True,False
588,33,2,0.0,2,1,1,12483.56,0.0,2,66,1,False,True,True
615,32,4,0.0,2,1,1,6225.63,0.0,2,128,1,False,False,True
762,35,9,0.0,2,1,1,43075.7,0.0,2,315,1,False,False,True
663,26,5,141462.13,1,1,0,440.2,320.63039437896646,0,130,0,False,False,True
811,30,6,0.0,2,1,1,180591.32,0.0,2,180,1,False,False,True
658,29,5,75395.53,2,0,1,54914.92,1.3729266485929763,2,145,0,True,False,True
754,40,2,160625.17,1,0,1,3554.63,45.17488321338272,1,80,0,False,True,True
584,32,8,40172.91,1,1,1,137439.34,0.29229344164893656,1,256,0,True,False,True
665,44,7,0.0,2,1,1,66548.58,0.0,2,308,1,False,False,False
662,33,0,103471.52,1,1,1,162703.0,0.6359494542236208,1,0,0,True,False,True
715,35,2,141005.47,1,1,1,60407.93,2.3341825455276233,1,70,0,False,False,True
786,34,9,0.0,2,1,0,144517.19,0.0,0,306,1,False,False,True
655,28,10,0.0,2,0,1,126565.21,0.0,2,280,1,False,False,True
732,38,5,178787.54,1,1,1,195760.53,0.913292514622255,1,190,0,True,False,True
670,25,7,0.0,2,1,1,144723.38,0.0,2,175,1,False,False,True
576,26,8,0.0,2,0,1,34101.06,0.0,2,208,1,False,True,True
584,47,5,0.0,2,1,0,89286.29,0.0,0,235,1,False,False,True
790,37,6,0.0,2,1,1,119484.01,0.0,2,222,1,False,True,True
626,37,2,133968.96,2,1,0,148689.65,0.9009911517637457,0,74,0,False,False,False
676,48,1,131659.59,2,0,1,14152.15,9.302493791134836,2,48,0,False,True,True
771,50,3,105229.72,1,1,1,16281.68,6.462678134066382,1,150,0,False,False,True
691,30,7,116927.89,1,1,0,21198.39,5.515625213744358,0,210,0,True,False,True
520,38,5,0.0,2,1,0,163185.76,0.0,0,190,1,False,False,True
718,39,7,93148.74,2,1,1,190746.38,0.48833561960326793,2,273,0,True,False,False
764,24,7,106234.02,1,0,0,115676.38,0.9183646794213355,0,168,0,False,False,False
493,32,8,46161.18,1,1,1,79577.4,0.5800717280065948,1,256,0,False,True,True
486,62,9,118356.89,2,1,0,168034.83,0.704355077128491,0,558,0,True,False,True
825,32,9,0.0,2,0,0,9751.03,0.0,0,288,1,False,False,True
684,35,3,99967.76,1,1,1,176882.08,0.5651629313555598,1,105,0,True,False,True
585,34,1,0.0,1,1,1,75503.6,0.0,1,34,1,False,False,False
745,51,3,99183.9,1,1,1,28922.25,3.4292100645674326,1,153,0,True,False,True
842,29,8,0.0,2,1,1,123437.05,0.0,2,232,1,False,False,True
573,35,9,206868.78,2,0,1,102986.15,2.0086853554059902,2,315,0,True,False,False
564,42,7,99824.45,1,1,1,36721.4,2.7183531032830097,1,294,0,False,False,True
715,32,3,104857.19,2,1,0,114149.8,0.918584801858594,0,96,0,True,False,False
714,53,1,99141.86,1,1,1,72496.05,1.3675295753413415,1,53,0,True,False,True
550,33,9,72788.03,1,1,1,103608.06,0.7025257250669005,1,297,0,False,True,False
556,30,7,0.0,2,1,1,186648.19,0.0,2,210,1,False,False,False
545,44,2,127536.44,1,1,0,108398.63,1.1765394402176466,0,88,0,True,False,False
430,38,9,0.0,2,1,1,12050.77,0.0,2,342,1,False,False,True
659,29,9,82916.48,1,1,1,84133.48,0.9855231767047232,1,261,0,True,False,True
628,51,9,155903.82,2,1,1,71159.84,2.1908653692114934,2,459,0,True,False,False
581,30,0,53291.86,1,0,0,196582.28,0.27109050169475246,0,0,0,False,True,True
556,36,2,134208.22,1,0,1,177670.57,0.7553725112014263,1,72,0,False,False,False
626,35,3,0.0,1,0,0,80190.36,0.0,0,105,1,False,False,False
637,39,9,137843.8,1,1,1,117622.8,1.171903985417917,1,351,0,True,False,False
678,22,4,174852.89,1,1,1,28149.06,6.2114570981376245,1,88,0,False,False,False
758,34,1,154139.45,1,1,1,60728.89,2.5381150863273425,1,34,0,False,False,False
653,74,0,121276.32,1,1,1,160348.31,0.7563257989697617,1,0,0,False,False,False
555,32,10,0.0,2,0,1,168605.96,0.0,2,320,1,False,True,True
681,47,9,97023.21,1,1,1,2168.13,44.7290895428121,1,423,0,False,False,True
490,37,3,116465.53,1,0,1,24435.77,4.765995260421079,1,111,0,False,False,False
710,43,9,128284.45,1,1,0,32996.89,3.88765615013566,0,387,0,False,False,True
735,50,2,0.0,2,0,1,147075.69,0.0,2,100,1,False,False,True
564,53,2,45472.28,1,1,1,41055.71,1.1075480719229573,1,106,0,False,False,False
803,34,4,142929.16,2,1,1,114869.56,1.2442627597532387,2,136,0,True,False,True
600,57,9,138456.03,2,1,1,103548.25,1.3371031658848325,2,513,0,True,False,True
634,48,2,107247.69,1,1,1,103712.05,1.0340809570251768,1,96,0,True,False,True
726,35,9,0.0,2,0,1,100556.98,0.0,2,315,1,False,True,False
727,28,5,0.0,2,0,1,19653.08,0.0,2,140,1,False,False,True
693,41,9,181461.48,3,1,1,187929.43,0.9655779535011974,3,369,0,True,False,False
770,30,8,0.0,2,1,0,100557.03,0.0,0,240,1,False,False,False
692,29,4,0.0,1,1,0,76755.99,0.0,0,116,1,False,False,True
786,32,6,114512.59,1,1,0,15796.66,7.248705820988678,0,192,0,False,True,False
556,40,9,129860.37,1,0,0,17992.94,7.216894687878253,0,360,0,False,False,False
712,27,10,0.0,1,1,0,94544.88,0.0,0,270,1,False,True,True
586,34,5,168094.01,1,0,0,20058.61,8.379724730440921,0,170,0,False,True,True
609,48,1,108019.27,3,1,1,184524.65,0.5853889147660502,3,48,0,False,False,True
671,29,3,0.0,2,1,0,158043.11,0.0,0,87,1,False,False,False
693,35,5,124151.09,1,1,0,88705.14,1.3995771882307133,0,175,0,False,False,False
437,28,2,109161.25,1,1,0,152987.42,0.7135262263640607,0,56,0,False,True,True
603,44,9,0.0,1,1,0,138328.24,0.0,0,396,1,False,False,True
703,58,4,92930.92,1,0,1,85148.78,1.091381798050447,1,232,0,False,True,True
698,44,10,116363.37,2,1,0,198059.16,0.5875152781861834,0,440,0,True,False,True
413,39,1,130969.77,2,1,1,158891.79,0.8242650280103961,2,39,0,True,False,True
850,32,4,0.0,1,1,1,180622.02,0.0,1,128,1,False,False,True
716,52,7,65971.61,2,1,0,14608.0,4.515819700184817,0,364,0,False,False,False
696,30,4,114027.7,1,1,1,193716.56,0.5886286199351262,1,120,0,True,False,True
677,40,5,0.0,2,1,0,88947.56,0.0,0,200,1,False,True,True
576,28,1,119336.29,2,0,1,58976.85,2.023408618659378,2,28,0,True,False,True
744,35,7,0.0,2,1,1,43036.6,0.0,2,245,1,False,True,True
786,35,3,0.0,2,1,0,92712.97,0.0,0,105,1,False,False,True
466,29,6,0.0,2,1,1,2797.27,0.0,2,174,1,False,False,True
637,43,3,172196.23,1,1,1,104769.96,1.6435492239452612,1,129,0,False,True,True
803,36,1,0.0,2,1,1,149370.93,0.0,2,36,1,False,False,True
677,36,4,0.0,2,1,0,7824.31,0.0,0,144,1,False,False,True
711,28,5,0.0,2,1,1,93959.96,0.0,2,140,1,False,True,False
482,55,5,97318.25,1,0,1,78416.14,1.2410328915336621,1,275,0,False,False,True
850,33,7,134678.13,1,1,0,113177.95,1.1899574081576125,0,231,0,True,False,False
629,36,1,161757.87,2,1,1,146371.72,1.1051094083651654,2,36,0,False,True,True
573,26,4,129109.02,1,0,0,149814.68,0.8617857623447693,0,104,0,False,False,False
668,42,3,150461.07,1,1,0,108139.23,1.3913514887105383,0,126,0,False,False,True
542,34,8,108653.93,1,0,1,144725.14,0.7507553922187103,1,272,0,False,True,True
740,33,2,126524.11,1,1,0,136869.31,0.9244087340782673,0,66,0,True,False,True
621,50,3,163085.79,1,0,1,131048.36,1.2444607894307915,1,150,0,False,True,True
588,32,3,109109.33,1,0,1,4993.94,21.843972099764965,1,96,0,False,True,True
593,45,4,138825.19,1,0,0,10828.78,12.818837501777505,0,180,0,False,False,True
488,36,0,0.0,2,1,0,136675.22,0.0,0,0,1,False,False,False
598,53,10,167772.96,1,1,1,136886.86,1.2256233679158985,1,530,0,True,False,True
646,46,8,0.0,2,1,0,133059.15,0.0,0,368,1,False,False,False
698,52,8,96781.39,1,1,1,153373.71,0.6310127008553106,1,416,0,True,False,True
590,40,8,0.0,2,1,0,62933.03,0.0,0,320,1,False,False,True
602,26,8,113674.2,1,1,0,197861.16,0.5745120744663861,0,208,0,True,False,False
781,42,3,156555.54,1,1,1,175674.01,0.8911656814478053,1,126,0,False,False,False
782,32,9,0.0,1,1,1,87566.97,0.0,1,288,1,False,False,True
596,60,7,121907.97,1,0,1,30314.04,4.021369260934506,1,420,0,False,True,True
658,39,7,0.0,2,1,0,48378.4,0.0,0,273,1,False,False,True
633,27,3,0.0,2,1,0,44008.91,0.0,0,81,1,False,True,True
506,32,3,0.0,1,1,1,80823.02,0.0,1,96,1,False,False,False
776,31,5,0.0,2,1,0,92647.94,0.0,0,155,1,False,False,False
489,28,1,79460.98,2,1,1,167973.63,0.47305346051365016,2,28,0,True,False,True
496,36,7,0.0,2,0,0,108098.28,0.0,0,252,1,False,False,False
735,33,4,0.0,2,1,0,149474.69,0.0,0,132,1,False,False,False
676,40,8,114005.78,1,1,1,67998.45,1.676569148721056,1,320,0,False,False,True
617,41,7,0.0,2,0,1,14496.67,0.0,2,287,1,False,False,True
534,42,9,144801.97,1,0,1,12483.39,11.598641984109756,1,378,0,False,False,False
570,39,10,129674.89,2,1,0,80552.36,1.6098011305797797,0,390,0,False,False,True
629,31,6,132876.55,1,1,1,130862.11,1.015385848616925,1,186,0,False,True,True
629,39,10,0.0,2,1,1,43174.49,0.0,2,390,1,False,False,False
659,33,8,115409.6,1,0,1,1539.21,74.93108082664052,1,264,0,False,True,False
768,43,2,129264.05,2,0,0,19150.14,6.749679131372859,0,86,0,True,False,False
520,32,5,110029.77,1,1,0,56246.69,1.9561651331814693,0,160,0,True,False,True
850,32,4,156001.68,2,1,1,151677.31,1.028503548068277,2,128,0,False,False,True
706,24,2,141078.57,1,1,1,24402.87,5.780991703365082,1,48,0,False,True,True
649,31,2,0.0,2,1,0,15200.61,0.0,0,62,1,False,False,False
485,39,2,75339.64,1,1,1,70665.16,1.06613462511618,1,78,0,False,False,False
792,42,2,0.0,2,1,0,92664.09,0.0,0,84,1,False,False,False
537,53,3,0.0,1,1,1,91406.62,0.0,1,159,1,False,False,False
687,63,1,137715.66,1,1,1,37938.74,3.6298524976713074,1,63,0,False,True,False
794,30,8,0.0,2,1,1,24113.91,0.0,2,240,1,False,False,True
668,56,9,110993.79,1,1,0,134396.64,0.8258611535143027,0,504,0,True,False,True
671,31,7,41299.03,1,0,1,102681.32,0.40220195648092094,1,217,0,False,False,False
506,37,5,0.0,2,1,1,127543.81,0.0,2,185,1,False,False,True
684,27,9,122550.05,2,0,1,137835.82,0.889095163396834,2,243,0,False,False,False
687,33,9,135962.4,2,1,0,121747.96,1.1167438309123954,0,297,0,True,False,True
722,35,2,163943.89,2,1,1,15068.18,10.879416796401664,2,70,0,False,False,False
603,44,6,108122.39,2,1,0,108488.33,0.9966177319004551,0,264,0,True,False,True
617,38,7,0.0,1,1,1,27239.28,0.0,1,266,1,False,True,True
674,28,5,0.0,1,1,1,151925.25,0.0,1,140,1,False,False,True
683,73,9,124730.26,1,1,1,51999.5,2.3986357823482467,1,657,0,True,False,True
682,50,6,121818.84,2,0,1,124151.37,0.9812043056447493,2,300,0,False,False,True
455,27,5,155879.09,2,0,0,70774.97,2.2024295816786403,0,135,0,False,False,False
585,54,8,87105.32,1,1,1,55346.14,1.573799838618581,1,432,0,False,False,True
648,32,0,0.0,1,0,1,117323.31,0.0,1,0,1,False,False,True
452,35,4,148172.44,1,1,1,4175.68,35.47612936590785,1,140,0,False,False,True
669,25,7,157228.61,2,1,0,124382.9,1.264059174861055,0,175,0,False,True,True
719,54,7,0.0,2,1,1,125041.52,0.0,2,378,1,False,False,False
672,23,10,110741.56,1,1,0,80778.5,1.370911679324581,0,230,0,True,False,False
652,40,8,84390.8,2,0,1,107876.2,0.7822857842064866,2,320,0,False,False,False
850,32,3,137714.25,1,0,1,159403.68,0.8639285245577483,1,96,0,True,False,True
537,37,7,158411.95,4,1,1,117690.58,1.345992211167528,4,259,0,True,False,False
663,33,2,0.0,2,1,0,153295.0,0.0,0,66,1,False,False,False
615,59,4,155766.05,1,1,1,110275.17,1.412508704283074,1,236,0,False,True,True
651,34,10,148962.46,1,1,0,66389.43,2.2437339236995455,0,340,0,True,False,False
708,52,10,105355.81,1,1,0,123.07,849.1642621100991,0,520,0,False,False,True
655,56,5,0.0,2,1,1,41782.7,0.0,2,280,1,False,True,False
601,54,1,131039.97,2,1,1,199661.5,0.6563073686846553,2,54,0,True,False,False
579,31,9,0.0,2,1,0,112395.98,0.0,0,279,1,False,True,False
750,22,5,0.0,2,0,1,105125.65,0.0,2,110,1,False,False,True
713,33,6,94598.48,1,0,0,197519.66,0.4789295459016793,0,198,0,False,False,True
598,34,4,0.0,2,0,0,60894.26,0.0,0,136,1,False,False,False
725,32,0,0.0,2,1,1,138525.19,0.0,2,0,1,False,True,False
513,40,3,141004.46,1,1,0,105028.46,1.3425229454669194,0,120,0,False,False,True
640,43,9,94752.49,1,1,0,184006.36,0.5149385872391192,0,387,0,True,False,False
582,46,8,67563.31,1,1,0,44506.09,1.518034767044981,0,368,0,False,True,False
584,38,1,115341.55,1,0,1,173632.92,0.6642800554177433,1,38,0,False,False,True
681,63,7,0.0,2,1,1,55054.48,0.0,2,441,1,False,False,False
567,42,2,0.0,2,1,1,167984.61,0.0,2,84,1,False,False,True
642,30,5,129753.69,1,1,0,582.53,222.35993008071566,0,150,0,True,False,False
667,37,5,92171.35,3,1,0,178106.34,0.5175045003760093,0,185,0,True,False,False
850,45,4,114347.85,2,1,1,109089.04,1.048196975635906,2,180,0,False,True,False
492,35,4,141359.37,2,1,0,39519.53,3.5768591666154275,0,140,0,False,False,True
756,62,3,0.0,1,1,1,11199.04,0.0,1,186,1,False,False,True
678,23,10,115563.71,1,1,1,91633.53,1.2611371499368198,1,230,0,True,False,True
509,29,1,0.0,2,1,0,69113.14,0.0,0,29,1,False,True,True
585,39,7,0.0,2,1,0,2401.26,0.0,0,273,1,False,False,False
774,43,1,110646.54,1,0,0,108804.28,1.016922524348083,0,43,0,False,True,False
376,46,6,0.0,1,1,0,157333.69,0.0,0,276,1,False,False,False
572,47,2,0.0,2,1,0,36099.7,0.0,0,94,1,False,False,False
607,25,3,0.0,2,0,0,187048.72,0.0,0,75,1,False,False,True
664,32,5,133705.74,1,0,0,134455.84,0.9944138208216108,0,160,0,False,True,True
603,42,8,91611.12,1,0,0,144675.3,0.6332144242007848,0,336,0,False,True,False
627,35,2,137852.96,1,1,1,172269.21,0.8002135714584663,1,70,0,True,False,False
795,56,9,94348.94,1,1,0,29239.29,3.2266759324206427,0,504,0,True,False,False
544,33,6,0.0,2,1,1,124113.04,0.0,2,198,1,False,False,False
748,26,1,77780.29,1,0,1,183049.41,0.42491185897917405,1,26,0,False,False,False
635,35,7,0.0,2,1,1,65951.65,0.0,2,245,1,False,True,False
663,39,4,0.0,1,1,0,76884.05,0.0,0,156,1,False,False,True
472,37,1,0.0,2,1,1,48357.9,0.0,2,37,1,False,False,False
850,34,2,0.0,2,1,1,171706.66,0.0,2,68,1,False,False,False
674,38,10,83727.68,1,1,0,45418.12,1.8434456678156685,0,380,0,True,False,False
529,67,8,103101.56,2,1,1,154002.02,0.6694775206356344,2,536,0,False,False,True
557,39,8,146200.01,1,1,0,177944.64,0.8215992816682668,0,312,0,False,False,True
700,40,4,148571.07,1,1,0,189826.96,0.7826616795544766,0,160,0,True,False,False
757,55,9,117294.12,4,1,0,94187.47,1.245312934799769,0,495,0,False,True,False
657,32,3,118829.03,2,1,1,73127.61,1.624932157195385,2,96,0,False,False,True
570,30,10,176173.52,1,1,0,97045.32,1.8153549768811428,0,300,0,False,False,False
603,31,1,129743.75,1,1,0,109145.2,1.1887152278320272,0,31,0,False,False,True
497,24,6,111769.14,2,1,0,55859.27,2.0008700280181246,0,144,0,True,False,True
624,23,6,0.0,2,0,1,196668.51,0.0,2,138,1,False,True,False
611,26,2,107508.93,2,1,1,120801.65,0.889955063071878,2,52,0,False,False,False
600,37,1,142663.46,1,0,1,88669.89,1.6089097560653782,1,37,0,False,False,True
645,49,8,0.0,2,1,0,162012.6,0.0,0,392,1,False,True,True
524,31,8,107818.63,1,1,0,199725.39,0.5398316667116448,0,248,0,True,False,False
498,29,8,127864.26,1,1,1,46677.9,2.7392303588987743,1,232,0,False,True,True
722,20,6,0.0,2,1,0,195486.28,0.0,0,120,1,False,False,True
638,34,6,114543.27,1,1,1,97755.29,1.1717227607553438,1,204,0,False,False,True
783,59,9,126224.87,1,1,1,4423.63,28.527779723954318,1,531,0,False,True,False
637,34,9,0.0,2,0,0,26057.08,0.0,0,306,1,False,True,False
530,23,1,137060.88,2,1,1,165227.23,0.8295245915301519,2,23,0,True,False,True
650,64,7,142028.36,1,1,0,32275.09,4.400420249168967,0,448,0,False,False,False
638,62,4,108716.59,2,1,1,74241.09,1.4643524986971677,2,248,0,True,False,True
478,48,0,83287.05,2,0,1,44147.95,1.8865012644694836,2,0,0,False,True,True
629,40,2,121647.54,2,1,1,64849.74,1.8758080478341497,2,80,0,True,False,True
651,37,10,117791.06,2,1,1,75837.58,1.5531812436361545,2,370,0,True,False,False
471,42,3,164951.56,1,1,0,190531.77,0.8657385288630403,0,126,0,False,False,True
559,29,1,0.0,2,0,0,155639.76,0.0,0,29,1,False,False,True
777,23,6,0.0,2,1,1,163225.48,0.0,2,138,1,False,False,True
706,68,4,114386.85,1,1,1,28601.68,3.999165462816771,1,272,0,False,True,True
641,77,9,0.0,3,1,1,81514.06,0.0,3,693,1,False,False,True
748,33,1,142645.43,1,0,0,69132.66,2.063328196424144,0,33,0,False,False,True
692,33,9,0.0,1,1,0,113505.93,0.0,0,297,1,False,False,True
637,40,9,154309.67,1,1,1,125334.16,1.2311762317932176,1,360,0,True,False,True
702,38,9,0.0,2,1,1,158527.45,0.0,2,342,1,False,True,False
765,51,3,123372.3,1,1,1,115429.32,1.068803239911316,1,153,0,False,False,True
612,41,5,0.0,3,0,0,151256.22,0.0,0,205,1,False,False,True
727,36,6,140418.81,1,1,1,113033.73,1.2422625329400974,1,216,0,True,False,True
644,34,9,112746.54,2,0,0,141230.07,0.7983125809356255,0,306,0,True,False,True
588,33,9,150186.22,2,1,1,65611.01,2.289005016002406,2,297,0,True,False,True
799,39,7,167395.6,2,0,1,139537.43,1.1996379778674593,2,273,0,True,False,False
730,37,5,124053.03,1,1,0,118591.67,1.046042980565325,0,185,0,True,False,False
716,35,8,112808.18,1,0,1,17848.3,6.320033838862028,1,280,0,False,False,False
800,29,2,0.0,2,0,0,167773.55,0.0,0,58,1,False,False,False
484,54,3,134388.11,1,0,0,49954.79,2.690140822515268,0,162,0,True,False,True
654,37,5,0.0,1,0,1,71492.28,0.0,1,185,1,False,False,False
765,34,9,91835.16,1,0,0,138280.17,0.6641190553999506,0,306,0,False,False,True
805,24,6,143221.35,2,1,0,186035.72,0.7698552737330566,0,144,0,True,False,True
606,36,5,190479.48,2,0,0,179351.89,1.0620374168489841,0,180,0,True,False,True
850,29,10,0.0,2,1,1,199775.67,0.0,2,290,1,False,False,False
775,25,10,60205.2,2,1,0,14073.11,4.277726975275878,0,250,0,True,False,True
600,35,4,143744.77,2,1,0,104076.51,1.3811319083248628,0,140,0,False,False,True
697,56,5,110802.03,1,1,1,50230.31,2.2058359616741035,1,280,0,False,True,True
740,30,8,105209.54,1,1,0,1852.58,56.760182997226984,0,240,0,False,False,False
550,35,9,129847.75,2,1,0,197325.4,0.6580353667831572,0,315,0,True,False,True
547,49,2,0.0,1,0,0,65466.93,0.0,0,98,1,False,False,False
713,26,4,122857.46,2,1,0,144682.17,0.8491482457842193,0,104,0,False,True,False
696,49,5,97036.22,2,1,0,152450.84,0.63650409204638,0,245,0,True,False,True
781,48,9,82794.18,1,1,0,124720.68,0.6638315006661232,0,432,0,True,False,False
730,52,7,0.0,2,0,1,122398.84,0.0,2,364,1,False,True,False
807,36,4,0.0,2,0,1,147007.33,0.0,2,144,1,False,False,False
633,29,8,104944.1,1,1,1,97684.46,1.0743062478284895,1,232,0,True,False,False
678,60,2,0.0,2,1,1,43821.56,0.0,2,120,1,False,False,False
511,29,9,0.0,2,0,1,140676.98,0.0,2,261,1,False,True,False
737,70,9,87542.89,2,1,1,42576.86,2.0560659929832075,2,630,0,False,False,False
746,33,2,107868.14,2,1,1,146192.4,0.7378454841326626,2,66,0,True,False,False
549,25,6,193858.2,1,0,1,21600.11,8.9744554793712,1,150,0,False,True,True
589,36,1,100895.54,1,1,1,68075.14,1.4820984268497008,1,36,0,False,False,True
824,77,3,27517.15,2,0,1,2746.41,10.015669303089092,2,231,0,True,False,True
669,43,1,163159.85,1,0,1,15602.8,10.456417667491253,1,43,0,False,False,True
640,46,8,0.0,2,1,0,89043.19,0.0,0,368,1,False,True,False
684,35,3,137179.39,1,1,1,37264.11,3.6811749650007743,1,105,0,False,False,True
633,37,2,0.0,2,1,0,182258.17,0.0,0,74,1,False,False,True
597,33,2,0.0,2,1,1,4700.66,0.0,2,66,1,False,True,False
697,38,6,132591.36,1,1,1,7387.8,17.944911216977044,1,228,0,True,False,False
764,39,1,129068.54,2,1,1,187905.12,0.6868777876952598,2,39,0,False,False,False
560,27,7,124995.98,1,1,1,114669.79,1.0900420237795518,1,189,0,False,True,False
636,36,5,117559.05,2,1,1,111573.3,1.0536391444983297,2,180,0,False,False,True
761,36,8,108239.11,2,0,0,99444.02,1.0884316781272707,0,288,0,True,False,True
612,38,1,0.0,2,1,1,9209.21,0.0,2,38,1,False,False,False
586,29,2,132450.24,1,1,1,36176.63,3.661108812268797,1,58,0,False,True,True
605,48,10,150315.92,1,0,1,133486.36,1.1260685655930271,1,480,0,False,True,False
620,21,9,0.0,2,0,0,154882.79,0.0,0,189,1,False,True,True
558,41,2,124227.14,1,1,1,111184.67,1.1172945218569983,1,82,0,True,False,True
573,47,8,154543.98,1,1,0,29586.73,5.223245581867889,0,376,0,False,False,False
793,39,3,137817.52,1,0,0,83997.79,1.6407083959185602,0,117,0,False,False,True
694,37,1,95668.82,2,1,0,100335.55,0.9534792655318526,0,37,0,True,False,True
527,39,4,0.0,2,1,0,167183.07,0.0,0,156,1,False,False,True
642,26,1,138023.79,2,0,1,117060.2,1.1790737665426292,2,26,0,False,False,True
608,33,9,89968.69,1,1,0,68777.26,1.308097791366051,0,297,0,False,False,True
621,59,2,0.0,2,1,1,171364.18,0.0,2,118,1,False,True,False
482,45,7,156353.46,1,1,0,72643.95,2.152296339938289,0,315,0,True,False,True
685,40,7,0.0,1,1,0,72852.74,0.0,0,280,1,False,False,False
658,55,8,119327.93,1,0,1,119439.66,0.9990561840498872,1,440,0,True,False,False
734,39,3,92636.96,2,1,1,125671.29,0.737131152778389,2,117,0,False,True,False
630,43,9,0.0,2,1,1,34338.04,0.0,2,387,1,False,False,True
656,40,10,167878.5,1,0,1,151887.16,1.1052770670208922,1,400,0,False,True,False
529,29,4,135759.4,1,0,0,112813.79,1.203382996147934,0,116,0,True,False,True
850,40,4,97990.49,2,0,0,106691.02,0.9184425414384318,0,160,0,True,False,False
611,46,5,0.0,1,1,0,77677.14,0.0,0,230,1,False,False,False
623,33,8,96759.42,1,1,1,174777.98,0.5536101652498486,1,264,0,True,False,True
687,44,7,0.0,3,1,0,155853.52,0.0,0,308,1,False,True,False
776,33,8,115130.34,1,0,0,129525.5,0.8888554851709881,0,264,0,True,False,True
578,40,6,63609.92,1,0,0,74965.61,0.8485100233290527,0,240,0,False,True,True
689,46,7,52016.08,2,1,1,72993.65,0.712601265983192,2,322,0,False,False,False
629,31,6,0.0,2,1,0,93881.75,0.0,0,186,1,False,False,True
676,34,8,82909.14,1,1,0,91817.38,0.9029688827008274,0,272,0,False,False,False
752,38,3,183102.29,1,1,1,71557.12,2.5587912315192187,1,114,0,True,False,True
815,37,1,166115.42,1,1,0,67208.3,2.4716136010938965,0,37,0,False,False,True
608,31,7,79962.92,2,1,0,60901.72,1.3129613915437601,0,217,0,False,False,True
520,45,1,123086.39,1,1,1,41042.4,2.9989325933036737,1,45,0,True,False,False
625,37,7,115895.42,1,1,0,48486.25,2.3902246466854686,0,259,0,False,False,False
647,33,4,0.0,1,1,0,152323.04,0.0,0,132,1,False,False,False
583,31,4,158978.79,1,1,0,12538.92,12.677815328965417,0,124,0,False,False,False
595,44,4,96553.52,2,1,0,143952.24,0.6707283559578097,0,176,0,True,False,False
563,36,4,143680.47,2,1,1,63531.19,2.261538127365041,2,144,0,False,True,False
796,30,2,137262.71,2,1,0,62905.29,2.182018841041174,0,60,0,False,False,True
755,40,2,137430.82,2,0,0,176768.59,0.7774573669600071,0,80,0,True,False,True
530,22,7,0.0,2,1,0,104170.48,0.0,0,154,1,False,True,False
546,34,4,165363.31,2,1,1,25744.13,6.423090891364697,2,136,0,False,False,True
693,39,4,0.0,2,0,1,142331.39,0.0,2,156,1,False,False,False
622,26,9,0.0,2,1,1,153237.59,0.0,2,234,1,False,False,True
744,32,4,96106.83,1,1,1,79812.77,1.2041384588148134,1,128,0,True,False,True
636,34,3,0.0,2,1,1,44756.25,0.0,2,102,1,False,False,False
792,42,0,99045.93,2,1,0,47160.01,2.100165581695557,0,0,0,False,False,False
520,33,4,156297.58,2,1,1,166102.61,0.9409643775954056,2,132,0,False,False,True
727,28,2,110997.76,1,1,0,101433.76,1.0942773463455722,0,56,0,False,False,False
634,31,8,76798.92,1,0,0,196021.73,0.39178578933167596,0,248,0,True,False,False
537,38,3,0.0,2,0,0,141023.01,0.0,0,114,1,False,False,True
569,34,0,151839.26,1,1,0,102299.81,1.4842429888873805,0,0,0,False,True,True
760,49,9,91502.99,1,1,0,117232.9,0.7805164717713904,0,441,0,True,False,False
474,30,9,0.0,2,0,0,63158.22,0.0,0,270,1,False,False,False
633,59,5,0.0,1,1,1,137273.97,0.0,1,295,1,False,False,True
729,62,4,140549.4,1,1,0,30990.16,4.535144860663492,0,248,0,False,False,False
663,42,1,82228.67,2,1,0,71359.78,1.1522950001387318,0,42,0,False,False,False
812,24,1,92476.88,1,0,0,83247.14,1.1108582125678725,0,24,0,False,True,False
687,47,1,91219.29,1,0,0,158845.49,0.5742606588285332,0,47,0,True,False,False
669,51,3,88827.53,1,0,0,85250.77,1.0419435279760174,0,153,0,False,True,True
722,46,6,0.0,1,1,1,93917.68,0.0,1,276,1,False,False,True
510,32,9,103324.78,1,1,1,46127.7,2.2399239518997933,1,288,0,False,False,True
704,24,10,122109.78,1,1,1,127654.37,0.9565581142414926,1,240,0,False,True,True
646,18,10,0.0,2,0,1,52795.15,0.0,2,180,1,False,False,True
654,29,4,96974.97,1,0,1,141404.07,0.6857955658874183,1,116,0,False,False,False
549,41,9,95020.8,3,1,1,131710.59,0.7214308171361382,3,369,0,True,False,True
479,37,6,118433.94,1,0,1,160060.9,0.7399258661805215,1,222,0,False,True,True
631,29,7,0.0,2,0,1,125877.22,0.0,2,203,1,False,False,True
570,57,5,86568.75,1,0,1,103660.31,0.8351114798761466,1,285,0,True,False,False
592,28,2,116498.22,1,1,0,144290.25,0.8073824296345066,0,56,0,False,False,True
683,41,0,148863.17,1,1,1,163911.32,0.9081878043090355,1,0,0,False,True,True
572,37,1,133043.66,1,0,0,111243.09,1.1959616011960725,0,37,0,False,False,True
642,30,8,117494.27,1,0,0,61977.82,1.8957164721754949,0,240,0,False,False,True
640,33,8,81677.22,2,0,0,34925.56,2.338541785964607,0,264,0,True,False,True
584,36,4,82696.09,2,0,0,83058.14,0.9956290180707384,0,144,0,False,True,True
530,36,7,0.0,2,1,0,80619.09,0.0,0,252,1,False,True,False
596,57,6,0.0,2,1,1,72402.0,0.0,2,342,1,False,True,True
587,33,6,132603.36,1,1,0,55775.72,2.377396160978989,0,198,0,True,False,True
502,33,6,125241.17,2,1,1,158736.07,0.7889850178033397,2,198,0,True,False,False
676,32,5,0.0,2,1,1,75465.41,0.0,2,160,1,False,False,False
818,36,4,0.0,2,1,1,8037.03,0.0,2,144,1,False,False,True
610,37,10,140363.95,2,1,1,129563.86,1.083348911116795,2,370,0,False,True,False
605,41,10,0.0,2,0,1,97213.09,0.0,2,410,1,False,False,True
734,29,0,139994.66,1,1,0,17744.72,7.888925329600602,0,0,0,False,False,False
576,50,8,0.0,2,1,1,57802.62,0.0,2,400,1,False,False,False
586,43,8,132558.26,1,1,0,67046.83,1.97707010055359,0,344,0,False,False,False
811,39,7,0.0,2,1,1,177519.39,0.0,2,273,1,False,True,True
783,38,9,114135.17,1,1,0,153269.98,0.7446626230223098,0,342,0,False,False,True
570,35,6,85668.59,1,1,0,105525.36,0.8118217097604806,0,210,0,True,False,True
699,22,9,99339.0,1,1,0,68297.61,1.454480552386059,0,198,0,False,False,True
656,34,6,59877.33,1,1,0,14032.62,4.266705953275063,0,204,0,False,True,False
710,41,2,156067.05,1,1,1,9983.88,15.6303380711636,1,82,0,False,False,False
694,40,9,0.0,2,1,0,40463.03,0.0,0,360,1,False,False,True
698,47,5,156265.31,2,0,0,1055.66,147.8860844547915,0,235,0,False,False,True
571,42,4,108825.34,3,1,0,55558.51,1.9587166985453974,0,168,0,False,False,False
633,43,3,144164.29,1,1,1,158646.46,0.9087084659281656,1,129,0,True,False,True
629,32,2,0.0,2,0,1,77965.44,0.0,2,64,1,False,False,True
584,44,5,95671.75,2,1,1,106564.88,0.8977709375646313,2,220,0,False,False,False
685,43,1,132667.17,1,1,1,41876.98,3.167945779619743,1,43,0,False,False,False
636,20,10,124266.86,1,0,0,100566.81,1.235652441869819,0,200,0,False,False,False
583,40,4,107041.3,1,1,1,5635.63,18.990300942229666,1,160,0,True,False,True
502,64,3,139663.37,1,0,1,100995.11,1.3828589041696755,1,192,0,False,False,False
597,35,9,0.0,3,0,1,73181.39,0.0,3,315,1,False,True,True
648,31,7,125681.51,1,0,1,129980.93,0.9669152473732311,1,217,0,True,False,True
770,70,9,110738.89,1,1,0,22666.77,4.885301465472783,0,630,0,False,False,False
704,50,4,165438.26,1,1,0,120770.75,1.3698423679378664,0,200,0,False,False,True
637,36,9,166939.88,1,1,1,72504.76,2.3024361099035446,1,324,0,False,False,False
667,48,2,0.0,2,1,1,148608.39,0.0,2,96,1,False,False,False
516,53,1,156674.2,1,1,0,118502.34,1.3221078832039672,0,53,0,True,False,False
706,23,2,93301.97,2,0,1,127187.04,0.7335750279664661,2,46,0,True,False,True
651,35,0,181821.96,2,0,1,36923.67,4.9241322942087224,2,0,0,False,False,True
667,33,4,0.0,2,1,1,131834.75,0.0,2,132,1,False,False,True
461,34,5,63663.93,1,0,1,167784.28,0.3794369208073557,1,170,0,True,False,False
712,29,7,147199.07,1,1,1,84932.4,1.7331117087035255,1,203,0,True,False,False
705,39,5,149379.66,2,1,0,96075.55,1.5547983352857695,0,195,0,False,False,False
737,35,0,133377.8,1,0,1,64050.19,2.082362560320893,1,0,0,True,False,True
452,52,1,98443.14,2,0,0,92033.98,1.069627439480076,0,52,0,True,False,True
670,33,1,0.0,2,1,1,86413.11,0.0,2,33,1,False,False,True
541,46,4,124547.13,2,1,0,94499.06,1.3179582108201837,0,184,0,False,False,True
712,29,3,102540.61,1,1,1,189680.79,0.5405928001839291,1,87,0,False,False,True
850,41,5,0.0,2,1,1,34827.43,0.0,2,205,1,False,False,False
678,49,3,204510.94,1,0,1,738.88,276.4109585338163,1,147,0,False,False,False
604,40,1,0.0,2,1,0,123207.17,0.0,0,40,1,False,False,False
512,24,6,0.0,2,1,0,37654.31,0.0,0,144,1,False,False,True
666,36,6,0.0,2,1,0,176692.87,0.0,0,216,1,False,True,False
798,29,8,80204.11,2,1,0,70223.22,1.1421146436371952,0,232,0,True,False,False
446,51,4,105056.13,1,0,0,70613.52,1.4877411897723019,0,204,0,False,False,False
629,34,1,121151.05,1,0,0,119357.93,1.0150145447852121,0,34,0,False,True,True
640,33,7,154575.76,1,1,0,25722.28,6.009177678740814,0,231,0,False,False,True
850,43,4,161256.53,1,1,1,140071.57,1.1512356059434048,1,172,0,False,False,True
734,47,10,91522.04,2,1,1,138835.91,0.659205394300406,2,470,0,True,False,False
589,37,7,85146.48,2,1,0,86490.09,0.984453774371441,0,259,0,False,False,True
573,47,4,152522.47,1,0,1,164038.07,0.9297935546696283,1,188,0,True,False,False
744,39,6,0.0,1,0,0,10662.58,0.0,0,234,1,False,False,False
576,44,9,119530.52,1,1,0,119056.68,1.0039715203588715,0,396,0,True,False,True
724,28,5,97612.12,1,1,1,96498.14,1.0115335742888485,1,140,0,False,False,True
681,59,4,122781.51,1,0,1,140166.95,0.8759599466211783,1,236,0,False,False,True
489,47,8,103894.38,2,1,1,107625.46,0.9653237688947495,2,376,0,False,False,False
552,38,10,132271.12,2,1,1,46562.02,2.840690316049088,2,380,0,True,False,True
747,34,10,0.0,2,1,1,50759.8,0.0,2,340,1,False,False,False
710,38,3,130588.82,1,1,1,154997.64,0.8425159085266812,1,114,0,False,False,True
562,29,9,0.0,1,1,1,25858.68,0.0,1,261,1,False,False,True
699,31,10,125837.86,2,1,0,189392.66,0.6644248809595844,0,310,0,True,False,False
590,30,3,0.0,2,1,0,83090.35,0.0,0,90,1,False,True,True
602,38,2,71667.97,2,0,0,137111.89,0.5226931618172441,0,76,0,True,False,True
668,43,1,147167.25,1,0,0,141679.73,1.0387245322634913,0,43,0,False,True,True
530,29,5,0.0,2,0,0,121451.21,0.0,0,145,1,False,False,False
753,35,4,0.0,2,1,1,106303.4,0.0,2,140,1,False,False,True
662,64,0,98848.19,1,0,1,42730.12,2.313259984760521,1,0,0,False,False,True
691,38,1,0.0,2,0,0,44653.5,0.0,0,38,1,False,False,True
785,33,5,136624.6,2,1,1,169117.74,0.807861979104149,2,165,0,True,False,False
812,38,3,127117.8,2,1,1,174822.74,0.7271197836174882,2,114,0,False,True,True
709,43,8,0.0,2,0,0,168035.62,0.0,0,344,1,False,False,False
670,43,9,111677.88,1,1,0,178827.3,0.6244978004040748,0,387,0,True,False,True
732,43,9,0.0,2,1,0,183147.17,0.0,0,387,1,False,False,False
681,43,8,154100.3,1,0,0,114659.81,1.343966608992209,0,344,0,False,False,False
662,37,4,155187.3,1,1,0,48930.8,3.1715019680453196,0,148,0,False,True,True
558,32,1,108262.87,1,1,1,6935.31,15.608136026215666,1,32,0,True,False,False
594,35,2,133853.27,1,1,1,65361.66,2.047855304542379,1,70,0,False,False,True
717,50,9,90305.76,1,1,1,124626.57,0.7246049971125971,1,450,0,False,False,True
691,58,3,0.0,1,0,1,194930.3,0.0,1,174,1,False,False,True
600,32,1,0.0,1,1,1,101986.16,0.0,1,32,1,False,False,True
594,49,2,126615.94,2,0,1,123214.74,1.027595500380065,2,98,0,False,True,False
608,42,5,0.0,2,1,0,178504.29,0.0,0,210,1,False,False,True
434,58,9,125801.03,2,1,0,60891.8,2.065942607336171,0,522,0,True,False,False
712,37,7,93978.96,2,1,0,60651.77,1.5494586644600075,0,259,0,True,False,True
485,25,3,134467.26,1,1,1,113266.09,1.1871697242332262,1,75,0,False,False,False
615,45,5,0.0,2,1,1,164886.64,0.0,2,225,1,False,False,True
363,28,6,146098.43,3,1,0,100615.14,1.452037714823884,0,168,0,False,True,False
687,28,7,108116.66,1,1,1,27411.19,3.944108807067221,1,196,0,False,False,True
785,31,2,121691.54,2,0,0,81778.72,1.4880405557759306,0,62,0,False,True,False
628,28,4,0.0,2,1,1,176750.81,0.0,2,112,1,False,True,True
561,28,7,0.0,2,1,0,7797.01,0.0,0,196,1,False,False,True
614,35,2,127283.78,1,1,1,31302.35,4.066139247077389,1,70,0,False,True,True
713,40,3,114446.84,2,1,1,87308.18,1.310822527482219,2,120,0,True,False,True
667,39,9,0.0,2,1,0,68873.8,0.0,0,351,1,False,True,True
543,35,5,137482.19,1,0,0,62389.35,2.203581002510805,0,175,0,False,False,True
703,32,6,0.0,2,0,0,33606.52,0.0,0,192,1,False,False,False
594,38,10,0.0,2,1,0,58332.91,0.0,0,380,1,False,True,False
750,36,7,136492.92,3,1,1,26500.29,5.150425507588499,3,252,0,False,False,True
755,30,4,123217.66,2,0,1,144183.1,0.8545856304543982,2,120,0,False,False,True
614,38,4,72594.0,1,1,1,76042.48,0.9546380570694556,1,152,0,False,False,False
660,30,4,0.0,2,1,0,129149.06,0.0,0,120,1,False,True,True
762,20,1,139432.55,1,1,1,85606.83,1.6287359462329554,1,20,0,False,False,True
683,39,4,0.0,2,1,0,171716.81,0.0,0,156,1,False,False,True
480,40,7,0.0,1,1,0,170332.67,0.0,0,280,1,False,False,False
701,42,6,86167.82,1,1,0,153342.38,0.5619272250292122,0,252,0,False,False,False
580,57,0,136820.99,1,0,1,108528.74,1.2606773958916697,1,0,0,False,True,False
445,37,3,0.0,2,1,1,180012.39,0.0,2,111,1,False,False,True
657,41,6,112119.48,1,1,0,17536.82,6.393011218041923,0,246,0,False,True,False
602,25,0,0.0,2,1,1,101274.17,0.0,2,0,1,False,False,False
684,32,9,100249.41,2,0,1,67599.69,1.4829643011040272,2,288,0,False,False,True
805,56,6,151802.29,1,1,0,46791.09,3.2441869982725717,0,336,0,True,False,True
603,45,9,0.0,1,0,0,148516.79,0.0,0,405,1,False,False,True
701,41,0,150844.94,1,0,1,127623.36,1.181944732181223,1,0,0,True,False,True
664,24,7,0.0,1,0,1,35611.35,0.0,1,168,1,False,False,True
748,40,3,95297.11,1,0,0,171515.84,0.5556137228274495,0,120,0,False,False,True
487,33,8,145729.71,1,1,0,41365.85,3.5228621468639743,0,264,0,False,True,True
730,39,6,140094.59,1,1,0,172450.04,0.8123731234094036,0,234,0,False,True,False
731,21,8,132312.06,1,1,0,106663.46,1.2404512243347032,0,168,0,True,False,False
660,38,7,0.0,2,0,1,146585.53,0.0,2,266,1,False,False,True
596,76,9,134208.25,1,1,1,13455.43,9.973540530437864,1,684,0,False,True,False
674,43,8,85957.88,2,1,0,8757.39,9.814347157411351,0,344,0,True,False,True
511,66,4,0.0,1,1,0,1643.11,0.0,0,264,1,False,True,False
773,47,2,118079.47,4,1,1,143007.49,0.8256815382079764,4,94,0,True,False,True
695,39,4,65521.2,1,1,1,1243.97,52.628738041880524,1,156,0,False,True,True
637,45,2,157929.45,1,1,1,145134.49,1.0881518366045413,1,90,0,False,True,False
739,37,8,0.0,2,1,0,191557.1,0.0,0,296,1,False,False,False
641,32,5,122947.92,1,1,1,99154.86,1.2399460808468608,1,160,0,True,False,True
784,28,2,70233.74,2,1,1,179252.73,0.39181187470966433,2,56,0,True,False,True
807,42,7,118274.71,1,1,1,25885.72,4.568933800805973,1,294,0,False,False,True
716,44,1,0.0,1,1,1,152108.47,0.0,1,44,1,False,False,False
589,27,4,0.0,2,1,0,144181.48,0.0,0,108,1,False,True,False
757,46,0,0.0,2,1,0,37460.05,0.0,0,0,1,False,False,True
544,44,2,108895.93,1,0,0,69228.2,1.5729768652533902,0,88,0,True,False,True
598,46,7,131769.04,1,0,0,184980.23,0.7123373544440158,0,322,0,True,False,False
624,37,0,0.0,2,0,0,112104.55,0.0,0,0,1,False,False,True
646,33,2,0.0,2,0,0,198208.0,0.0,0,66,1,False,False,False
694,37,8,98218.04,2,1,0,182354.46,0.5386076183296075,0,296,0,True,False,False
513,88,10,0.0,2,1,1,52952.24,0.0,2,880,1,False,True,True
727,71,8,0.0,1,1,1,198446.91,0.0,1,568,1,False,True,True
739,29,1,0.0,2,1,1,164484.78,0.0,2,29,1,False,False,True
690,26,3,118097.87,1,1,0,61257.83,1.9278505645635085,0,78,0,False,False,False
590,47,3,0.0,2,1,0,171774.5,0.0,0,141,1,False,False,True
662,38,4,0.0,2,1,0,136259.65,0.0,0,152,1,False,True,True
743,36,8,92716.96,1,1,1,33693.78,2.7516713271313837,1,288,0,False,True,False
799,35,7,0.0,2,0,1,140780.8,0.0,2,245,1,False,True,True
669,50,4,112650.89,1,0,0,166386.22,0.6770405202995758,0,200,0,True,False,False
751,37,3,99773.85,2,1,0,54865.92,1.8184700362258353,0,111,0,False,True,False
738,35,8,127290.61,1,1,0,16081.62,7.914793112067561,0,280,0,False,True,True
569,43,7,0.0,2,1,0,52534.81,0.0,0,301,1,False,False,True
703,29,9,0.0,2,1,0,50679.48,0.0,0,261,1,False,True,True
599,27,5,0.0,2,1,0,30546.4,0.0,0,135,1,False,False,True
610,27,4,87262.4,2,1,0,182720.07,0.4775716341853733,0,108,0,False,False,False
713,53,6,115029.4,1,0,0,191521.32,0.6006057153025297,0,318,0,False,False,True
567,35,8,153137.74,1,1,0,88659.07,1.7272458729166351,0,280,0,False,True,True
522,37,3,95022.57,1,1,1,129107.59,0.7359895263359317,1,111,0,True,False,False
511,57,8,122950.31,1,1,1,181258.76,0.6783100121063825,1,456,0,False,True,False
749,43,1,124209.02,1,1,1,167179.48,0.7429636522158568,1,43,0,False,True,False
773,64,2,145578.28,1,0,1,186172.85,0.7819480555405606,1,128,0,False,False,True
531,29,3,114590.58,1,0,0,75585.48,1.5160195315352694,0,87,0,False,False,True
751,43,1,114974.24,1,1,0,125920.54,0.9130625308426185,0,43,0,False,False,True
754,39,7,157691.98,2,1,0,133600.89,1.1803124940822318,0,273,0,False,True,True
773,43,7,138150.57,1,1,1,177357.16,0.7789355166968354,1,301,0,False,True,True
778,35,1,151958.19,3,1,1,131238.37,1.1578704621943858,3,35,0,True,False,False
721,51,0,169312.13,1,1,0,109078.35,1.5521923260452137,0,0,0,False,True,True
575,57,8,137936.94,1,1,1,84475.13,1.6328510787603552,1,456,0,False,False,False
701,41,2,0.0,1,1,0,47856.78,0.0,0,82,1,False,False,False
669,31,6,113000.66,1,1,0,40467.82,2.7922894712521886,0,186,0,False,False,False
636,31,6,0.0,2,1,1,2382.61,0.0,2,186,1,False,False,True
780,37,3,0.0,2,0,0,182156.81,0.0,0,111,1,False,False,False
608,28,9,0.0,2,1,1,125062.02,0.0,2,252,1,False,False,False
591,45,5,0.0,2,1,1,155492.87,0.0,2,225,1,False,False,True
612,63,2,126473.33,1,0,1,147545.65,0.8571752052655889,1,126,0,False,False,False
729,42,1,0.0,2,1,1,149535.97,0.0,2,42,1,False,True,False
728,33,9,150412.14,2,1,0,170764.08,0.880813220126738,0,297,0,True,False,False
586,28,2,0.0,2,1,1,92067.35,0.0,2,56,1,False,True,False
689,39,4,0.0,2,1,0,196112.45,0.0,0,156,1,False,False,True
587,45,8,134980.74,1,1,1,123309.57,1.094640467560891,1,360,0,True,False,False
606,25,3,147386.72,3,1,0,45482.04,3.240476450122947,0,75,0,False,True,False
617,36,7,115617.24,1,1,1,71519.4,1.6165631064703219,1,252,0,False,True,False
655,38,4,0.0,2,0,0,110527.71,0.0,0,152,1,False,False,True
754,48,7,141819.02,1,1,0,93550.53,1.5159454901485843,0,336,0,True,False,False
633,29,7,169988.35,1,1,0,4272.0,39.781968172244326,0,203,0,False,False,False
567,54,5,92316.31,2,1,0,158590.66,0.5821006602743171,0,270,0,False,True,False
808,41,0,0.0,1,1,1,79888.78,0.0,1,0,1,False,False,True
502,33,5,174673.65,2,1,0,33300.56,5.245209233441316,0,165,0,True,False,True
708,37,8,153366.13,1,1,1,26912.34,5.698517166579845,1,296,0,True,False,True
636,52,4,111284.53,1,0,1,32936.44,3.378663611986845,1,208,0,False,True,True
611,30,9,0.0,2,1,1,148887.69,0.0,2,270,1,False,False,True
493,36,9,0.0,2,1,1,65816.53,0.0,2,324,1,False,False,True
646,40,5,93680.43,2,1,1,179473.26,0.521971395786783,2,200,0,False,False,True
724,30,10,0.0,2,1,1,54265.55,0.0,2,300,1,False,False,True
640,44,7,111833.47,1,1,0,67202.74,1.6640959268040736,0,308,0,False,False,True
630,34,9,0.0,2,1,1,114006.35,0.0,2,306,1,False,False,True
675,34,8,0.0,2,1,1,184842.21,0.0,2,272,1,False,False,True
605,75,2,61319.63,1,0,1,186655.11,0.32851659664395666,1,150,0,True,False,True
502,37,10,0.0,1,1,1,76642.68,0.0,1,370,1,False,False,True
667,45,3,0.0,2,0,0,163655.01,0.0,0,135,1,False,True,True
595,52,9,0.0,1,1,1,106340.66,0.0,1,468,1,False,False,True
701,32,5,102500.34,1,0,0,106287.77,0.9643571940855087,0,160,0,True,False,True
808,47,8,139196.0,1,0,1,74028.36,1.8802810128305851,1,376,0,False,True,True
515,29,4,151012.55,2,1,0,9770.97,15.453644454495869,0,116,0,False,True,True
757,47,3,130747.1,1,1,0,143829.54,0.9090357305200968,0,141,0,False,False,True
486,24,1,0.0,1,1,0,98802.76,0.0,0,24,1,False,True,True
651,34,9,0.0,2,1,0,138113.71,0.0,0,306,1,False,False,False
523,28,2,121164.11,1,1,1,59938.81,2.0214296641914613,1,56,0,False,False,False
619,28,3,0.0,2,1,0,53394.12,0.0,0,84,1,False,False,False
513,34,7,60515.13,1,0,0,124571.09,0.4857840147018485,0,238,0,True,False,True
723,68,3,110357.0,1,0,0,141977.54,0.7772794395547383,0,204,0,True,False,False
656,41,2,0.0,2,1,0,158973.77,0.0,0,82,1,False,False,True
528,29,9,170214.23,2,1,0,49284.0,3.4536721111900173,0,261,0,True,False,False
556,35,10,0.0,2,1,1,192751.18,0.0,2,350,1,False,False,True
623,21,10,0.0,2,0,1,135851.3,0.0,2,210,1,False,False,True
513,29,10,0.0,2,0,1,25514.77,0.0,2,290,1,False,False,True
570,42,0,107856.57,2,1,0,127528.84,0.8457359469752335,0,0,0,True,False,True
526,66,7,132044.6,2,1,1,158365.89,0.8337891840901844,2,462,0,False,True,True
567,26,2,0.0,2,1,1,78651.55,0.0,2,52,1,False,False,False
780,43,0,0.0,1,0,1,15705.27,0.0,1,0,1,False,False,False
599,46,7,81742.84,2,1,0,83282.21,0.9815044352877368,0,322,0,False,True,False
640,68,9,0.0,2,1,1,199493.38,0.0,2,612,1,False,False,True
727,31,2,52192.08,2,0,1,160383.47,0.3254185395880287,2,62,0,False,False,False
544,23,1,96471.2,1,1,0,35550.97,2.7135261421518972,0,23,0,False,False,True
713,61,4,149525.34,2,1,0,123663.63,1.2091196973621317,0,244,0,True,False,False
594,21,2,87096.82,2,1,0,168186.11,0.5178566894930297,0,42,0,True,False,False
693,21,1,0.0,2,1,1,3494.02,0.0,2,21,1,False,False,True
547,39,6,74596.15,3,1,1,85746.52,0.8699511076238705,3,234,0,True,False,False
554,33,3,117413.95,1,1,1,12766.74,9.196141995372713,1,99,0,False,False,True
593,35,6,133489.12,2,1,1,78101.29,1.709157567595009,2,210,0,False,False,False
850,39,0,141829.67,1,1,1,92748.16,1.5291747116631569,1,0,0,False,True,True
613,51,7,147262.11,1,1,1,53630.9,2.745793268558451,1,357,0,True,False,False
605,30,9,135422.31,1,0,1,186418.85,0.7264371793025259,1,270,0,False,False,False
572,30,6,117696.67,1,1,0,100843.82,1.1671067487650828,0,180,0,False,False,True
492,38,8,57068.43,2,1,0,188974.81,0.3019880163498175,0,304,0,True,False,False
690,32,2,76087.98,1,0,1,151822.66,0.5011602275956197,1,64,0,False,True,True
557,34,3,0.0,1,0,1,123427.98,0.0,1,102,1,False,True,True
711,38,2,129022.06,2,1,1,14374.86,8.974910718384848,2,76,0,False,False,False
695,31,8,0.0,2,0,1,131644.41,0.0,2,248,1,False,True,False
641,30,2,87505.47,2,0,1,7278.57,12.020692156267472,2,60,0,False,False,True
658,28,9,152812.58,1,1,0,166682.57,0.9167824999188581,0,252,0,True,False,False
587,33,5,100116.82,1,1,0,34215.58,2.925973899203252,0,165,0,False,False,True
507,35,1,0.0,2,0,0,92131.54,0.0,0,35,1,False,False,False
523,45,5,0.0,2,1,1,121428.2,0.0,2,225,1,False,False,True
611,33,7,0.0,2,1,1,3729.89,0.0,2,231,1,False,True,False
588,34,10,0.0,2,1,0,79078.91,0.0,0,340,1,False,True,True
523,61,8,66250.71,1,1,1,21859.06,3.030673749294375,1,488,0,False,False,True
678,40,8,128644.46,1,0,0,167673.37,0.7672279311381937,0,320,0,True,False,False
609,37,6,0.0,2,0,1,22030.72,0.0,2,222,1,False,False,True
676,30,5,0.0,2,0,1,157888.5,0.0,2,150,1,False,True,False
818,26,4,0.0,2,1,1,167036.94,0.0,2,104,1,False,True,True
624,38,8,0.0,2,1,0,95403.41,0.0,0,304,1,False,True,False
679,44,3,118742.74,2,1,0,1568.91,75.63665433050302,0,132,0,False,False,False
597,30,2,119370.11,1,1,1,182726.22,0.6532694472120792,1,60,0,False,True,False
819,28,8,168253.21,1,1,1,102799.14,1.636702148460109,1,224,0,False,True,False
675,40,8,79035.95,1,1,0,142783.98,0.5535312607810708,0,320,0,False,True,False
798,28,3,0.0,2,1,0,2305.27,0.0,0,84,1,False,False,True
741,43,0,0.0,2,1,1,2920.63,0.0,2,0,1,False,True,True
850,31,6,82613.56,2,1,0,149170.92,0.5538144176196163,0,186,0,False,True,True
673,51,8,79563.36,2,1,1,172200.91,0.46203529333675797,2,408,0,False,False,True
437,35,6,126803.34,2,1,1,161133.4,0.7869414600482578,2,210,0,True,False,True
562,42,2,100238.35,1,0,0,86797.41,1.1548408548036768,0,84,0,False,False,True
555,31,8,145875.74,1,1,0,137491.23,1.0609744274276443,0,248,0,False,False,True
501,37,4,0.0,2,0,0,12470.3,0.0,0,148,1,False,False,True
675,32,8,197436.82,1,1,1,52710.7,3.7455976566872256,1,256,0,False,True,True
763,35,9,0.0,1,1,1,31372.91,0.0,1,315,1,False,False,True
686,38,7,111484.88,1,1,1,76076.2,1.4654177598544638,1,266,0,False,True,True
723,37,3,94661.53,2,1,0,121239.65,0.7807738576129376,0,111,0,True,False,True
714,25,2,0.0,1,1,1,132979.43,0.0,1,50,1,False,True,True
632,29,7,80922.75,1,1,0,7820.78,10.345822817824077,0,203,0,False,True,False
611,29,4,78885.88,2,1,1,26927.69,2.9294362258245763,2,116,0,True,False,False
550,48,6,0.0,2,1,1,191870.28,0.0,2,288,1,False,False,False
431,63,6,160982.89,1,1,1,168008.17,0.9581791874812547,1,378,0,False,False,True
553,48,3,0.0,1,0,1,30730.95,0.0,1,144,1,False,True,False
827,35,0,0.0,2,0,1,184514.01,0.0,2,0,1,False,True,False
583,42,7,0.0,2,1,0,144039.05,0.0,0,294,1,False,False,False
707,47,3,0.0,2,1,0,174303.29,0.0,0,141,1,False,False,True
727,37,9,101191.83,1,1,1,34551.35,2.928652609735662,1,333,0,True,False,True
789,43,9,116644.29,2,1,1,60176.1,1.9383501365137237,2,387,0,True,False,False
566,30,5,0.0,1,1,0,54926.51,0.0,0,150,1,False,False,True
707,35,2,0.0,3,1,1,94148.3,0.0,3,70,1,False,False,True
621,34,8,0.0,1,0,0,47972.65,0.0,0,272,1,False,True,True
707,43,10,0.0,2,1,0,118368.2,0.0,0,430,1,False,True,True
738,36,5,0.0,2,1,1,96881.32,0.0,2,180,1,False,True,True
667,27,2,138032.15,1,1,0,166317.71,0.8299255688070212,0,54,0,True,False,True
609,33,6,94126.67,1,0,0,93718.16,1.0043482037184286,0,198,0,True,False,True
625,37,1,177069.24,2,1,1,96088.54,1.8427524993875504,2,37,0,False,False,True
701,42,5,0.0,2,0,0,24210.56,0.0,0,210,1,False,True,False
431,42,8,120822.86,2,1,0,126153.24,0.957739192911788,0,336,0,True,False,True
493,46,4,0.0,2,1,0,1907.66,0.0,0,184,1,False,False,False
578,32,4,0.0,2,1,1,141822.8,0.0,2,128,1,False,False,True
667,36,9,0.0,2,1,1,40062.29,0.0,2,324,1,False,False,True
545,39,6,0.0,1,0,0,38410.74,0.0,0,234,1,False,True,False
681,67,7,0.0,2,0,1,163714.92,0.0,2,469,1,False,True,True
687,35,1,110752.15,2,1,1,47921.22,2.311081373108341,2,35,0,False,False,False
791,42,10,113657.41,2,0,1,139946.68,0.8121421519813691,2,420,0,True,False,False
599,49,10,143888.22,2,1,1,166236.38,0.8655587570015841,2,490,0,True,False,False
752,30,3,0.0,2,1,1,104991.28,0.0,2,90,1,False,False,False
537,48,4,131834.8,1,1,0,166476.95,0.7919054745688542,0,192,0,True,False,True
603,57,6,105000.85,2,1,1,87412.24,1.2012007563156337,2,342,0,False,True,True
608,34,7,86656.13,1,0,1,59890.29,1.4468903575127536,1,238,0,False,True,True
596,33,1,138162.81,1,1,0,85412.54,1.6175750355271543,0,33,0,False,False,False
629,39,2,129669.32,2,1,0,82774.07,1.5665262499929025,0,78,0,False,False,True
515,65,7,92113.61,1,1,1,142548.33,0.6461876039683947,1,455,0,False,False,True
775,66,9,0.0,2,1,1,67622.34,0.0,2,594,1,False,False,False
674,32,7,85757.93,1,1,1,95481.0,0.8981580821516096,1,224,0,False,False,False
682,46,4,0.0,1,1,1,4654.28,0.0,1,184,1,False,True,True
725,36,1,118851.05,1,1,1,102747.02,1.1567235066914185,1,36,0,False,False,False
718,34,5,113922.44,2,1,0,30772.22,3.701999335786115,0,170,0,False,True,True
748,58,9,122330.7,2,0,1,124429.19,0.9831271655214864,2,522,0,False,True,True
653,38,5,114268.22,2,1,1,89524.83,1.2763715231682298,2,190,0,True,False,False
850,39,6,133214.13,1,0,1,20769.88,6.413504386910906,1,234,0,False,True,True
821,31,2,68927.57,1,1,1,25445.0,2.7087781969661244,1,62,0,True,False,False
700,37,3,77608.46,2,1,1,175373.46,0.44253000123279074,2,111,0,False,False,True
555,33,5,127343.4,1,0,1,121789.3,1.0455955851984928,1,165,0,False,True,True
464,33,8,164284.72,2,1,1,3710.34,44.26560757031153,2,264,0,True,False,True
663,34,7,0.0,2,1,1,180427.24,0.0,2,238,1,False,False,True
809,43,2,0.0,2,1,1,132908.07,0.0,2,86,1,False,False,True
753,62,6,0.0,2,1,1,136398.9,0.0,2,372,1,False,False,False
527,28,6,128396.33,2,1,0,79919.97,1.6065411868749842,0,168,0,False,True,True
697,23,10,0.0,2,1,1,79734.23,0.0,2,230,1,False,False,False
641,38,3,0.0,2,1,0,116466.19,0.0,0,114,1,False,False,False
748,49,7,29602.08,1,0,0,163550.58,0.18099537772732005,0,343,0,False,False,False
686,56,5,111642.08,1,1,1,80553.87,1.3859134773602144,1,280,0,True,False,False
469,38,9,113599.42,1,0,0,11950.29,9.505201530546074,0,342,0,True,False,True
641,65,6,38340.02,1,1,0,32607.77,1.175757932605247,0,390,0,False,False,True
739,58,2,101579.28,1,1,1,72168.53,1.4075092355458045,1,116,0,False,False,True
804,33,7,76548.6,1,0,1,98453.45,0.7775026928696469,1,231,0,False,True,True
748,34,5,84009.47,1,1,1,137001.1,0.6131984108272793,1,170,0,False,False,True
641,36,5,66392.64,1,1,0,31106.67,2.1342852100462686,0,180,0,False,False,False
642,40,7,0.0,2,1,0,10712.82,0.0,0,280,1,False,False,False
605,48,6,0.0,2,1,1,40062.99,0.0,2,288,1,False,True,False
709,40,9,131569.63,1,1,1,103970.58,1.2654384015324187,1,360,0,False,False,False
631,40,3,107949.45,1,1,0,52449.62,2.0581158049228017,0,120,0,True,False,True
452,44,3,88915.85,1,1,0,69697.74,1.2757167489684893,0,132,0,False,True,True
686,43,0,0.0,1,1,1,170072.9,0.0,1,0,1,False,False,False
606,31,10,0.0,2,1,0,195209.4,0.0,0,310,1,False,False,True
496,32,4,127845.83,1,1,0,66469.2,1.923355578890992,0,128,0,False,False,True
554,43,2,120847.11,1,1,0,7611.61,15.874596229151368,0,86,0,True,False,False
675,40,7,113208.86,2,1,0,34577.36,3.2739800268144585,0,280,0,False,False,True
655,37,5,93147.0,2,1,0,66214.13,1.4067328720792363,0,185,0,False,False,True
660,41,1,129901.21,1,1,0,26025.6,4.991094111409097,0,41,0,True,False,True
641,33,2,146193.6,2,1,1,55796.83,2.620058880425995,2,66,0,False,False,True
753,38,1,117314.92,1,1,0,122021.33,0.9614217332188296,0,38,0,True,False,False
746,36,7,142400.77,1,1,1,193438.69,0.7361507351464427,1,252,0,False,False,True
790,50,8,121438.58,1,1,1,176471.78,0.6881434065922235,1,400,0,True,False,True
677,38,4,0.0,2,1,0,187800.63,0.0,0,152,1,False,False,True
689,45,0,57784.22,1,1,0,197804.0,0.2921271959758348,0,0,0,False,True,False
631,22,6,139129.92,1,1,1,63747.51,2.182481127794203,1,132,0,True,False,False
623,34,9,0.0,1,1,0,24255.21,0.0,0,306,1,False,False,False
790,32,3,0.0,1,1,0,91044.47,0.0,0,96,1,False,True,True
516,37,8,113143.12,1,0,0,3363.36,33.62990880880761,0,296,0,False,False,False
525,51,10,0.0,3,1,0,171045.35,0.0,0,510,1,False,False,True
539,39,6,62052.28,1,0,1,59755.14,1.0384251727102856,1,234,0,False,True,False
572,26,4,118287.01,2,0,0,60427.3,1.9574770430410915,0,104,0,True,False,True
757,29,8,130306.49,1,1,0,77469.38,1.6820169205314341,0,232,0,False,False,True
680,32,5,92961.61,1,1,0,116957.6,0.7948249209549362,0,160,0,False,False,True
743,30,1,127023.39,1,1,1,138780.89,0.9152735274033232,1,30,0,False,False,False
670,36,2,84266.44,2,0,0,38614.69,2.1821813879280674,0,72,0,True,False,False
686,33,9,141918.09,2,0,1,184036.47,0.7711369320606287,2,297,0,True,False,True
433,49,10,0.0,1,1,1,87711.61,0.0,1,490,1,False,False,False
655,34,1,116114.93,1,1,1,49492.15,2.3460808212853697,1,34,0,False,True,True
632,44,3,107764.75,1,1,0,185667.72,0.5804141376102555,0,132,0,False,False,True
725,39,1,50880.98,2,1,1,184023.54,0.27649018984098533,2,39,0,True,False,True
628,40,10,0.0,2,1,0,103832.58,0.0,0,400,1,False,True,True
741,37,8,170840.08,2,0,0,109843.16,1.5552950652997846,0,296,0,True,False,False
498,73,2,170241.7,2,1,1,165407.96,1.0292169178743402,2,146,0,False,False,True
849,37,7,143452.74,2,1,1,17294.12,8.294405589553586,2,259,0,True,False,True
467,51,10,114514.71,2,1,0,177784.68,0.6441166127665626,0,510,0,True,False,True
589,46,9,0.0,2,1,0,170676.67,0.0,0,414,1,False,False,True
775,51,2,123783.25,1,1,1,134901.57,0.9175751803690618,1,102,0,True,False,True
700,59,5,137648.41,1,1,0,142977.05,0.9627240684846381,0,295,0,True,False,False
506,32,8,0.0,2,0,1,182692.8,0.0,2,256,1,False,True,True
752,36,1,86837.95,1,1,1,105280.55,0.8248164089529456,1,36,0,False,False,False
696,27,2,96129.32,2,1,1,5983.7,16.06251274082243,2,54,0,True,False,False
685,31,10,135213.71,1,1,1,125777.28,1.075016370075978,1,310,0,False,True,True
710,34,8,147833.3,2,0,1,1561.58,94.60846804643602,2,272,0,True,False,True
728,38,1,115934.74,1,1,1,139059.05,0.83370270613307,1,38,0,False,False,True
546,28,8,0.0,1,1,0,159254.29,0.0,0,224,1,False,False,True
769,34,7,115101.5,1,0,0,57841.89,1.9898988449574355,0,238,0,True,False,True
682,47,10,134032.01,1,1,0,144290.97,0.92889444921987,0,470,0,False,True,False
711,39,3,152462.79,1,1,0,90305.97,1.6882726770702197,0,117,0,False,False,False
583,41,5,77647.6,1,1,0,190429.52,0.4077476656577948,0,205,0,True,False,False
691,33,6,0.0,2,1,0,164074.89,0.0,0,198,1,False,False,False
792,25,8,142862.21,1,1,1,130639.01,1.0935563308667842,1,200,0,False,True,True
811,31,7,117799.28,1,1,1,182372.35,0.6459237602423819,1,217,0,False,False,True
712,27,2,133009.51,1,1,0,126809.15,1.0488869384666766,0,54,0,False,False,False
446,25,3,136202.78,1,1,0,176743.51,0.7706195796406915,0,75,0,True,False,True
530,37,4,0.0,2,1,1,164844.37,0.0,2,148,1,False,True,True
520,34,8,120018.86,2,1,1,343.38,348.5070561588943,2,272,0,True,False,True
549,34,6,204017.4,2,1,0,109538.35,1.8625032921959093,0,204,0,True,False,True
523,27,8,61688.61,2,1,0,147059.16,0.41947873577724926,0,216,0,True,False,True
768,25,0,78396.08,1,1,1,8316.19,9.425789238913623,1,0,0,False,False,True
778,38,3,145018.49,2,1,1,126702.41,1.1445508056965474,2,114,0,False,False,True
667,70,3,77356.92,2,1,1,20881.96,3.704308201519325,2,210,0,True,False,True
707,55,1,0.0,2,0,1,54409.48,0.0,2,55,1,False,False,False
594,40,9,122417.17,2,0,1,190882.69,0.6413181241414602,2,360,0,False,False,True
686,35,4,0.0,2,1,1,159676.55,0.0,2,140,1,False,True,False
732,50,6,145338.76,1,0,0,91936.1,1.5808499506727969,0,300,0,True,False,True
631,37,2,121801.72,2,0,1,23146.62,5.261954360750695,2,74,0,True,False,False
630,51,0,108449.23,3,0,0,88372.69,1.2271664790731267,0,0,0,True,False,False
662,42,6,105021.28,1,1,0,48242.38,2.1769055153266623,0,252,0,False,True,False
673,34,1,127122.79,3,0,1,76703.1,1.6573141461799301,3,34,0,True,False,False
568,29,2,129177.01,2,0,1,104617.99,1.2347376895915358,2,58,0,True,False,False
681,46,0,105969.42,1,1,0,5771.56,18.357439333675178,0,0,0,False,False,True
705,31,3,119794.67,1,0,0,182528.44,0.656303279076515,0,93,0,False,False,False
755,38,1,0.0,2,1,0,20734.81,0.0,0,38,1,False,False,False
826,30,5,0.0,2,0,1,157397.57,0.0,2,150,1,False,False,False
646,44,2,113063.83,1,0,0,53072.49,2.1303258933980036,0,88,0,True,False,False
645,24,3,34547.82,1,1,1,11638.17,2.968237425864559,1,72,0,False,False,False
593,43,10,0.0,2,0,0,53478.02,0.0,0,430,1,False,True,True
828,28,8,134766.85,1,1,0,79355.87,1.698237972339383,0,224,0,False,True,True
508,35,1,86893.28,1,0,0,59374.82,1.4634455574676695,0,35,0,False,False,True
729,30,6,63669.42,1,1,0,145111.37,0.4387594248512377,0,180,0,True,False,True
559,28,3,141099.43,1,1,1,15607.27,9.040042874706806,1,84,0,False,False,True
636,35,2,0.0,2,1,1,23129.46,0.0,2,70,1,False,False,False
502,35,6,0.0,2,1,1,80618.47,0.0,2,210,1,False,False,False
764,33,9,168964.77,1,0,1,118982.51,1.4200687977686992,1,297,0,False,True,False
684,41,7,0.0,1,1,1,138394.37,0.0,1,287,1,False,True,False
521,27,4,121325.84,1,1,1,164223.7,0.7387794893216427,1,108,0,False,False,True
674,42,9,0.0,2,1,0,4292.72,0.0,0,378,1,False,False,False
650,24,8,108881.73,1,1,0,104492.83,1.0419919530177044,0,192,0,False,True,True
671,31,0,116234.61,1,1,0,172096.08,0.6754014071592616,0,0,0,False,False,True
663,42,5,124626.07,1,1,1,78004.5,1.5976574728705029,1,210,0,False,False,False
633,63,4,114552.6,1,1,0,73856.28,1.55099944108421,0,252,0,False,True,True
708,47,0,126589.12,2,0,1,132730.07,0.953726358116453,2,0,0,False,False,False
681,34,3,0.0,2,0,0,55816.2,0.0,0,102,1,False,False,True
718,25,7,0.0,2,1,0,30380.12,0.0,0,175,1,False,False,False
578,36,8,129745.1,1,1,1,143683.75,0.9029844851315119,1,288,0,True,False,False
581,39,1,121523.51,1,0,0,161655.55,0.7517388562356428,0,39,0,True,False,True
602,32,10,0.0,2,1,1,116052.92,0.0,2,320,1,False,False,True
656,69,6,163975.09,1,1,1,36108.5,4.541051246901785,1,414,0,False,True,True
590,29,10,0.0,1,1,1,51907.72,0.0,1,290,1,False,True,True
679,26,3,76554.06,1,1,1,184800.27,0.4142507245756482,1,78,0,False,True,False
601,38,0,0.0,2,1,0,165196.65,0.0,0,0,1,False,False,False
509,32,9,170661.47,1,1,1,21646.2,7.883766491740271,1,288,0,True,False,True
422,41,6,153238.88,1,1,0,11663.09,13.137662689502568,0,246,0,False,False,True
497,24,3,0.0,2,1,0,76390.01,0.0,0,72,1,False,True,True
559,43,1,0.0,2,1,1,196645.87,0.0,2,43,1,False,False,False
550,52,5,121016.23,1,1,1,41730.37,2.8998863444933627,1,260,0,True,False,True
766,43,6,112088.04,2,1,1,36706.56,3.0535410144395323,2,258,0,True,False,True
602,56,3,115895.22,3,1,0,4176.17,27.744913422245205,0,168,0,False,False,False
689,73,1,108555.07,1,0,1,167969.15,0.6462759603417632,1,73,0,False,True,True
609,37,1,39344.83,1,1,1,178291.89,0.22067526080260408,1,37,0,False,False,True
640,50,9,117565.03,2,0,0,82559.77,1.4239817530771575,0,450,0,False,False,False
724,28,5,0.0,1,1,0,59351.68,0.0,0,140,1,False,False,False
726,34,3,0.0,2,1,0,196288.46,0.0,0,102,1,False,False,True
620,28,9,71902.52,1,0,1,190208.23,0.37801803834650927,1,252,0,False,False,True
626,34,3,0.0,2,1,1,37870.29,0.0,2,102,1,False,False,False
781,33,3,89276.48,1,1,0,6959.0,12.827080459770114,0,99,0,False,False,True
759,74,6,128917.84,1,1,1,48244.64,2.6721137910078507,1,444,0,False,True,False
829,38,9,0.0,2,1,0,30529.88,0.0,0,342,1,False,False,True
774,47,6,94722.88,1,0,1,61450.96,1.5414134878692234,1,282,0,False,False,False
764,24,7,0.0,2,1,0,186105.99,0.0,0,168,1,False,False,False
660,50,1,0.0,3,1,1,191849.15,0.0,3,50,1,False,False,True
608,33,1,102772.67,2,1,0,70705.58,1.4535092773543847,0,33,0,True,False,True
698,39,9,133191.19,2,0,1,53289.49,2.4993425656247488,2,351,0,True,False,True
734,30,7,123040.38,1,1,1,76503.06,1.6082856256256206,1,210,0,True,False,False
592,41,0,0.0,2,1,0,65906.07,0.0,0,0,1,False,True,True
727,61,0,128213.96,2,1,1,188729.08,0.6793509545484219,2,0,0,False,False,True
850,42,3,0.0,2,1,1,176883.42,0.0,2,126,1,False,False,False
661,35,5,150725.53,2,0,1,113656.85,1.3261339185986714,2,175,0,True,False,False
706,31,1,117020.08,2,1,0,54439.53,2.1495029530388483,0,31,0,True,False,True
699,35,2,167455.66,2,1,1,55324.49,3.0267361391647865,2,70,0,False,True,True
746,35,2,172274.01,1,1,0,22374.97,7.6990633255228715,0,70,0,False,False,True
588,42,2,164307.77,1,1,0,48498.19,3.3878456526799723,0,84,0,True,False,False
547,50,3,81290.02,3,0,1,177747.03,0.45733288858391286,3,150,0,True,False,True
662,29,10,0.0,2,1,0,137508.31,0.0,0,290,1,False,False,False
781,33,3,0.0,2,1,1,42556.33,0.0,2,99,1,False,True,True
831,44,10,0.0,1,0,1,47729.33,0.0,1,440,1,False,True,False
499,46,6,0.0,2,1,0,73457.55,0.0,0,276,1,False,False,False
679,37,8,77373.87,2,0,1,174873.09,0.44245473986455053,2,296,0,True,False,False
681,38,2,99811.44,2,1,0,23531.5,4.2414295123765005,0,76,0,False,True,True
620,43,2,0.0,2,1,0,20670.1,0.0,0,86,1,False,True,False
696,36,7,0.0,2,1,1,82298.59,0.0,2,252,1,False,True,False
533,49,1,102286.6,3,1,0,69409.37,1.473650118851117,0,49,0,True,False,False
457,44,7,0.0,2,0,0,185992.36,0.0,0,308,1,False,True,True
629,41,10,150148.51,1,0,0,6936.27,21.643746026895307,0,410,0,False,True,True
583,40,4,55776.39,2,1,0,26920.43,2.071821221978179,0,160,0,False,False,False
832,27,10,98590.25,1,1,0,30912.89,3.189189390270846,0,270,0,False,False,False
491,68,3,107571.61,1,0,1,113695.99,0.946125398746264,1,204,0,False,False,False
667,40,8,72945.29,2,1,0,98931.5,0.7373238319055921,0,320,0,False,False,True
676,37,5,89634.69,1,1,1,169583.18,0.5285557296677085,1,185,0,False,False,False
735,55,2,103176.62,1,0,1,163516.16,0.6309834392916315,1,110,0,False,True,True
721,40,9,118129.87,1,1,1,160277.65,0.7370281069874247,1,360,0,False,False,True
529,31,5,0.0,2,1,0,26817.23,0.0,0,155,1,False,False,False
534,29,7,174851.9,1,1,1,79178.31,2.208302901351376,1,203,0,False,False,True
497,27,9,75263.16,1,1,1,164825.04,0.4566217813641582,1,243,0,False,True,True
603,39,5,162390.52,2,1,0,54702.66,2.968549453546618,0,195,0,False,True,False
743,39,6,0.0,2,1,0,44265.28,0.0,0,234,1,False,False,True
654,29,4,132954.64,1,1,1,146715.07,0.9062036626253689,1,116,0,False,False,True
590,37,0,64345.21,1,0,1,61759.33,1.0418534033092115,1,0,0,False,True,False
653,38,9,149571.94,1,1,0,118383.18,1.263445335348017,0,342,0,False,True,False
503,42,9,153279.39,1,1,1,151336.96,1.0128284403992232,1,378,0,True,False,True
708,23,4,71433.08,1,1,0,103697.57,0.6888530864022522,0,92,0,True,False,False
728,43,7,0.0,2,1,0,40023.7,0.0,0,301,1,False,False,True
550,45,0,0.0,2,0,1,70399.71,0.0,2,0,1,False,True,True
624,23,5,0.0,2,0,0,132418.59,0.0,0,115,1,False,False,False
757,28,7,120911.75,2,1,1,131249.46,0.9212291522635426,2,196,0,False,False,True
575,40,1,139532.34,1,1,0,181294.39,0.7696408606970093,0,40,0,False,False,False
479,35,9,92833.89,1,1,0,99449.86,0.9334649293128284,0,315,0,True,False,True
697,38,1,182065.85,1,1,0,49503.5,3.6777636376491025,0,38,0,False,False,False
697,42,9,132739.26,2,0,0,174667.65,0.7599489662283415,0,378,0,False,False,True
662,37,5,0.0,2,1,0,151871.84,0.0,0,185,1,False,False,False
587,51,3,83739.32,1,0,1,148798.45,0.5627663274293017,1,153,0,False,True,True
649,45,7,0.0,2,0,1,75204.21,0.0,2,315,1,False,False,True
579,40,10,45408.85,2,1,0,18732.91,2.423885350148474,0,400,0,True,False,True
645,55,1,133676.65,1,0,1,17095.49,7.818952896179273,1,55,0,False,True,False
542,32,7,107871.72,1,1,0,125302.64,0.8608825729244578,0,224,0,False,False,True
595,41,9,150463.11,2,0,1,81548.38,1.8450552291139428,2,369,0,True,False,False
622,52,9,111973.97,1,1,1,162756.29,0.6879812879656573,1,468,0,True,False,False
642,40,8,109219.83,1,1,0,52827.51,2.0674410465106816,0,320,0,False,False,True
539,37,2,127609.59,1,1,0,98646.22,1.293595399850092,0,74,0,False,False,True
552,41,9,124349.34,1,1,0,135635.25,0.916785446368504,0,369,0,False,False,False
541,32,8,0.0,2,0,0,40889.14,0.0,0,256,1,False,False,True
597,38,1,0.0,2,1,0,41303.29,0.0,0,38,1,False,True,True
753,43,5,0.0,2,1,0,109881.71,0.0,0,215,1,False,False,False
731,37,3,116880.53,1,0,0,172718.35,0.6767077921495188,0,111,0,True,False,True
621,42,8,68683.68,1,1,1,74157.71,0.9261714503933521,1,336,0,False,True,True
657,34,3,107136.6,1,1,0,153895.46,0.6961602625557469,0,102,0,False,False,True
850,34,4,71379.53,2,1,1,154000.99,0.46349745220824745,2,136,0,False,False,False
633,60,8,69365.25,1,1,1,10288.24,6.7415329023329225,1,480,0,False,False,False
685,38,4,111798.06,2,1,1,102184.66,1.0940679934934119,2,152,0,True,False,True
444,40,5,84350.07,1,1,0,143835.76,0.586429157608945,0,200,0,False,False,False
597,43,2,85162.26,1,0,1,5104.08,16.681865906117043,1,86,0,False,True,True
621,32,1,0.0,2,1,1,168779.47,0.0,2,32,1,False,False,True
764,24,0,0.0,2,1,0,88724.49,0.0,0,0,1,False,False,False
711,36,8,0.0,2,1,0,55207.41,0.0,0,288,1,False,True,True
561,32,5,0.0,2,1,0,84871.99,0.0,0,160,1,False,False,True
684,25,1,0.0,2,0,1,144978.47,0.0,2,25,1,False,False,False
640,26,5,90402.77,1,1,1,3298.65,27.39768460291243,1,130,0,True,False,True
525,36,3,77910.23,1,1,0,67238.01,1.1587057870126285,0,108,0,False,True,True
850,35,1,211774.31,1,1,0,188574.12,1.1230235992956017,0,35,0,False,False,False
644,44,5,73348.56,1,1,0,157166.79,0.46668951698054667,0,220,0,False,False,True
619,56,7,0.0,2,1,1,42442.21,0.0,2,392,1,False,True,False
580,31,2,0.0,2,0,1,64014.24,0.0,2,62,1,False,False,True
692,28,9,118945.09,1,0,0,16064.25,7.40387420052598,0,252,0,False,True,True
821,40,1,0.0,2,1,0,194273.12,0.0,0,40,1,False,False,False
589,31,10,110635.32,1,1,0,148218.86,0.746427098230966,0,310,0,False,False,False
751,47,5,142669.93,2,1,0,162760.96,0.8765557382081169,0,235,0,False,False,True
824,38,3,0.0,2,1,0,192800.25,0.0,0,114,1,False,True,False
452,33,6,131698.57,2,1,0,151623.91,0.8685813564538967,0,198,0,False,False,False
592,29,7,0.0,2,1,1,91196.67,0.0,2,203,1,False,False,True
584,38,3,0.0,2,1,1,4525.4,0.0,2,114,1,False,True,False
679,34,7,121063.85,1,1,0,56984.58,2.124464645266399,0,238,0,True,False,False
627,21,7,98993.02,1,1,1,169156.64,0.5852116404556129,1,147,0,False,False,False
649,50,5,155393.32,1,1,1,87351.42,1.778924041257243,1,250,0,True,False,False
704,41,9,62078.21,2,1,0,129050.67,0.4810337595786246,0,369,0,True,False,True
680,33,1,123082.08,1,1,0,134960.98,0.9119759505602985,0,33,0,False,False,True
572,39,4,112290.22,1,1,0,49373.97,2.2742336856103407,0,156,0,True,False,True
580,37,9,0.0,2,0,1,77108.66,0.0,2,333,1,False,False,True
752,31,4,144637.86,2,1,0,40496.72,3.5715062477591326,0,124,0,False,True,False
704,36,2,175509.8,2,1,0,152039.67,1.154360869364756,0,72,0,False,True,False
726,32,8,0.0,2,0,0,185075.63,0.0,0,256,1,False,False,False
625,37,4,142711.81,1,1,0,35625.41,4.005786999026845,0,148,0,True,False,False
704,33,3,0.0,2,1,0,73018.74,0.0,0,99,1,False,True,True
682,30,4,0.0,1,0,1,161465.31,0.0,1,120,1,False,False,True
739,30,6,0.0,1,0,0,122604.44,0.0,0,180,1,False,False,False
665,41,8,0.0,2,1,0,132152.32,0.0,0,328,1,False,True,True
562,38,5,0.0,1,1,0,115700.2,0.0,0,190,1,False,False,True
588,41,6,106116.56,2,1,0,198766.61,0.5338724956244129,0,246,0,True,False,True
673,44,8,133444.97,1,0,1,5708.19,23.373713258798535,1,352,0,False,False,False
684,46,3,102955.14,2,1,0,154137.33,0.6679398952875641,0,138,0,True,False,False
757,33,1,122088.67,1,1,0,42581.09,2.867136629507852,0,33,0,True,False,True
637,49,2,108204.52,1,1,0,169037.84,0.6401163188294478,0,98,0,True,False,True
597,33,9,0.0,2,1,0,49374.82,0.0,0,297,1,False,False,True
619,41,3,147974.16,2,1,0,170518.83,0.8677827089084009,0,123,0,True,False,True
458,28,2,171932.26,2,1,1,9578.24,17.948423883314334,2,56,0,True,False,False
708,40,8,83015.71,1,1,0,101089.76,0.8211997812658646,0,320,0,False,True,True
793,41,9,0.0,2,1,0,152153.74,0.0,0,369,1,False,True,True
520,31,3,108914.17,1,1,1,183572.39,0.5933004233347763,1,93,0,True,False,False
521,37,5,105843.26,2,1,1,84908.2,1.2465464284200063,2,185,0,False,False,True
657,36,8,188241.05,2,0,0,183058.51,1.028305221618915,0,288,0,False,True,True
712,52,9,0.0,1,1,1,117977.45,0.0,1,468,1,False,True,True
667,56,8,137464.04,1,1,0,130846.79,1.0505644764806499,0,448,0,True,False,False
679,36,1,97234.58,1,1,0,188997.08,0.5144739036502382,0,36,0,False,False,True
733,24,3,161884.99,1,1,1,9617.24,16.831040814119838,1,72,0,False,False,False
744,29,1,43504.42,1,1,1,119327.75,0.3645761813477473,1,29,0,False,False,True
672,21,3,165878.76,2,1,1,164537.17,1.0081475927439816,2,63,0,True,False,False
716,39,10,115301.31,1,1,0,43527.4,2.64887544683471,0,390,0,True,False,False
638,57,6,0.0,1,1,0,33676.48,0.0,0,342,1,False,False,True
591,35,2,90194.34,2,1,0,57064.57,1.5805386680620206,0,70,0,True,False,False
675,33,6,0.0,2,1,0,34045.61,0.0,0,198,1,False,False,False
592,34,9,0.0,2,1,1,20460.2,0.0,2,306,1,False,False,False
584,36,4,109646.83,1,1,1,70240.79,1.5609913984253536,1,144,0,True,False,False
701,33,9,147510.34,1,1,0,190611.92,0.7738737751879567,0,297,0,False,False,True
774,26,2,93844.69,1,1,0,28415.36,3.302488073771588,0,52,0,False,False,True
553,25,7,128524.19,2,1,0,20682.46,6.213863154423874,0,175,0,True,False,False
793,32,2,0.0,2,1,0,193817.63,0.0,0,64,1,False,False,True
702,35,8,14262.8,2,1,0,54689.16,0.2607928007524571,0,280,0,False,True,False
695,31,5,106089.2,1,0,0,99537.68,1.0658087891059034,0,155,0,False,False,False
649,35,4,108306.44,1,1,1,192486.24,0.5626681540033511,1,140,0,False,False,False
722,37,0,125977.81,1,0,0,160162.42,0.78655794188211,0,0,0,True,False,False
696,32,4,84421.62,1,0,1,52314.71,1.6136953890141221,1,128,0,True,False,True
850,56,7,131317.48,1,1,1,119175.45,1.1018744055557956,1,392,0,False,False,True
765,43,4,148962.76,1,0,1,173878.87,0.8566992832465311,1,172,0,True,False,True
720,71,5,183135.39,2,1,1,197688.5,0.9263789427359572,2,355,0,False,False,True
737,22,10,111543.26,2,0,0,106327.85,1.0490404062491034,0,220,0,True,False,False
673,39,8,138160.0,1,1,1,110468.51,1.2506618342020346,1,312,0,False,True,True
602,53,5,98268.84,1,0,1,45038.29,2.18184700513707,1,265,0,True,False,False
618,37,5,96652.86,1,1,0,98686.4,0.979383994309304,0,185,0,False,False,False
837,38,2,126732.85,1,1,1,79577.38,1.592553781567305,1,76,0,True,False,True
553,35,2,158584.28,2,1,0,43640.16,3.6338236655487615,0,70,0,True,False,True
710,38,4,0.0,2,1,1,136390.88,0.0,2,152,1,False,True,False
645,32,4,0.0,2,0,1,97628.08,0.0,2,128,1,False,False,True
725,29,6,0.0,2,1,1,190776.83,0.0,2,174,1,False,False,False
672,47,1,0.0,1,0,0,91574.92,0.0,0,47,1,False,False,True
692,34,4,109699.08,1,1,1,37898.91,2.894441701840453,1,136,0,False,True,False
639,38,3,0.0,1,1,0,42862.82,0.0,0,114,1,False,False,True
685,40,7,74896.92,1,1,0,198694.2,0.37694378122873623,0,280,0,False,True,True
597,72,6,124978.19,2,1,1,7144.46,17.490573035185978,2,432,0,True,False,False
658,44,6,148481.09,1,1,0,130529.13,1.1375234974484434,0,264,0,False,False,False
650,71,0,0.0,1,1,1,175380.77,0.0,1,0,1,False,True,True
550,22,6,154377.3,1,1,1,51721.52,2.9847211620779497,1,132,0,False,False,True
781,29,9,0.0,2,0,0,172097.4,0.0,0,261,1,False,False,True
655,26,7,106198.5,1,0,1,32020.42,3.316483154088732,1,182,0,False,False,False
649,33,2,0.0,2,1,0,2010.98,0.0,0,66,1,False,False,True
701,36,8,0.0,2,1,0,169161.46,0.0,0,288,1,False,True,True
519,21,1,146329.57,2,1,1,194867.27,0.7509153234644101,2,21,0,False,False,False
573,44,8,0.0,2,0,0,62424.46,0.0,0,352,1,False,True,True
789,31,4,175477.15,1,1,1,172832.9,1.015293585344079,1,124,0,False,False,True
726,56,2,105473.74,1,1,1,46044.7,2.2906316985082213,1,112,0,False,True,False
615,51,6,81818.49,1,1,1,169149.38,0.4837026674134578,1,306,0,False,True,True
651,34,3,0.0,2,1,1,105599.65,0.0,2,102,1,False,False,True
587,40,2,0.0,4,0,1,106174.7,0.0,4,80,1,False,False,True
772,51,9,143930.92,1,0,1,46675.51,3.083583584119721,1,459,0,True,False,False
624,54,3,116726.22,1,1,0,110498.1,1.056354486145136,0,162,0,True,False,True
555,32,4,0.0,2,1,1,54405.79,0.0,2,128,1,False,True,True
652,35,7,104015.54,2,1,1,55207.88,1.8840364086357122,2,245,0,True,False,True
693,68,2,0.0,2,1,1,59864.96,0.0,2,136,1,False,False,True
603,38,8,59360.77,1,1,1,191457.06,0.3100458136889092,1,304,0,False,False,True
847,37,9,112712.17,1,1,0,116097.26,0.9708342743465751,0,333,0,False,True,False
800,40,5,97764.41,1,1,0,98640.15,0.9911118230069298,0,200,0,False,False,False
634,41,7,0.0,2,1,1,131284.93,0.0,2,287,1,False,False,False
595,20,4,95830.43,1,1,0,177738.98,0.5391608010758187,0,80,0,False,False,True
554,41,4,112152.89,1,0,1,36242.19,3.094454158146675,1,164,0,False,True,False
850,71,4,0.0,2,1,1,107236.87,0.0,2,284,1,False,False,False
582,29,0,0.0,1,1,0,142516.35,0.0,0,0,1,False,False,True
666,51,2,148222.65,1,0,0,156953.54,0.9443667574063164,0,102,0,False,False,True
705,25,3,113736.27,1,0,1,196864.61,0.5777355933319183,1,75,0,False,False,True
562,37,2,0.0,1,0,1,52525.15,0.0,1,74,1,False,False,True
548,37,4,0.0,1,1,0,121763.68,0.0,0,148,1,False,True,True
850,38,1,146343.98,1,0,1,103902.11,1.408465829367379,1,38,0,False,True,True
571,33,9,102017.25,2,0,0,128600.49,0.793282021849047,0,297,0,False,False,False
850,37,9,0.0,1,0,0,100101.06,0.0,0,333,1,False,False,False
599,34,8,0.0,2,1,1,174196.68,0.0,2,272,1,False,False,True
528,31,6,102016.72,2,0,0,80181.12,1.2723125804106952,0,186,0,False,False,True
621,34,6,0.0,2,1,1,99128.13,0.0,2,204,1,False,False,True
617,26,2,165947.99,2,0,1,168834.38,0.982898193494752,2,52,0,False,False,False
525,30,5,0.0,2,0,1,149195.44,0.0,2,150,1,False,True,False
784,31,7,0.0,2,1,1,143204.41,0.0,2,217,1,False,False,True
559,39,2,0.0,2,1,1,121151.1,0.0,2,78,1,False,True,False
665,38,9,0.0,1,0,1,87412.74,0.0,1,342,1,False,True,True
715,38,5,118590.41,1,1,1,5684.17,20.85960666083864,1,190,0,False,False,False
850,44,5,128605.32,1,0,1,171096.2,0.7516506406884508,1,220,0,True,False,False
667,36,8,139753.35,1,1,0,79871.16,1.7497129162401517,0,288,0,False,False,True
722,48,10,138311.76,1,1,1,3472.63,39.81764321473502,1,480,0,True,False,False
613,40,7,124339.9,1,0,0,193309.58,0.6432131133226128,0,280,0,False,False,True
707,32,9,0.0,2,0,0,30807.02,0.0,0,288,1,False,False,True
844,29,8,0.0,2,0,0,147342.03,0.0,0,232,1,False,False,False
689,38,2,0.0,1,1,1,82709.8,0.0,1,76,1,False,True,True
619,40,10,0.0,1,1,1,147093.84,0.0,1,400,1,False,False,False
569,38,8,0.0,2,0,0,79618.79,0.0,0,304,1,False,True,True
542,34,8,101116.06,1,1,0,196395.05,0.5148579108388381,0,272,0,False,False,True
755,38,1,82083.52,1,0,1,10333.78,7.942454507981786,1,38,0,True,False,False
462,34,1,94682.56,2,1,0,138478.2,0.6837312751662343,0,34,0,True,False,True
616,45,3,143129.41,2,0,1,64327.26,2.224984944408569,2,135,0,True,False,True
642,32,3,0.0,2,1,1,88698.83,0.0,2,96,1,False,False,True
848,22,7,120811.89,1,1,1,185510.34,0.6512372235573308,1,154,0,False,True,True
567,39,5,0.0,2,0,0,168521.72,0.0,0,195,1,False,False,True
602,33,8,0.0,2,1,1,112928.74,0.0,2,264,1,False,False,False
646,50,6,145295.31,2,1,1,27814.74,5.223492526174029,2,300,0,True,False,True
602,34,5,0.0,2,1,1,77414.45,0.0,2,170,1,False,False,True
503,30,10,136622.55,2,0,0,47310.24,2.8877397844571395,0,300,0,True,False,True
591,58,5,128468.69,1,0,1,137254.55,0.9359817508290194,1,290,0,False,True,True
592,36,1,126477.42,1,0,0,179718.17,0.7037503010947579,0,36,0,False,False,True
614,44,6,118715.86,1,1,0,133591.11,0.8886442470292595,0,264,0,True,False,False
686,35,2,109342.82,2,0,1,86043.27,1.2707739864606906,2,70,0,True,False,True
590,43,7,81076.8,2,1,1,182627.25,0.4439444609473069,2,301,0,False,False,True
684,46,0,0.0,2,1,1,36376.97,0.0,2,0,1,False,False,True
644,26,4,153455.72,2,1,1,82696.84,1.8556194454413804,2,104,0,False,True,False
705,31,3,142905.51,1,1,1,58134.97,2.4581254944228164,1,93,0,False,False,False
628,38,3,0.0,2,1,1,48924.73,0.0,2,114,1,False,False,False
600,27,3,0.0,2,0,1,125698.97,0.0,2,81,1,False,False,False
554,22,8,0.0,2,0,1,142670.61,0.0,2,176,1,False,False,False
524,30,1,0.0,2,1,0,126812.85,0.0,0,30,1,False,False,True
614,39,3,151914.93,1,0,0,56459.45,2.6906432733001595,0,117,0,False,True,True
659,49,1,0.0,1,1,0,116249.72,0.0,0,49,1,False,False,False
468,32,8,137649.47,1,0,0,198714.29,0.6926969233218038,0,256,0,False,False,False
630,26,7,129837.72,2,0,1,197001.15,0.659067527943223,2,182,0,False,False,True
667,36,1,114391.62,1,1,1,53412.54,2.141622142999696,1,36,0,True,False,False
637,51,1,104682.83,1,1,0,55266.96,1.8940961453978038,0,51,0,True,False,True
670,57,3,175575.95,2,1,0,99061.75,1.772371047644044,0,171,0,False,True,False
712,49,5,154776.42,2,0,0,196257.68,0.7886347752873912,0,245,0,True,False,False
418,35,7,0.0,2,1,1,88878.15,0.0,2,245,1,False,False,True
488,34,3,0.0,2,1,1,125979.36,0.0,2,102,1,False,False,True
779,33,3,0.0,2,1,0,30804.68,0.0,0,99,1,False,True,True
661,41,5,28082.95,1,1,0,69586.27,0.40356447378953075,0,205,0,False,True,False
679,29,3,0.0,2,1,1,63687.06,0.0,2,87,1,False,False,True
755,29,9,117035.89,1,1,1,21862.19,5.353102177678555,1,261,0,False,False,True
599,43,4,0.0,1,1,0,170347.1,0.0,0,172,1,False,False,False
535,38,2,119272.29,1,0,0,195896.59,0.6088502160746336,0,76,0,False,False,True
619,58,5,152199.33,1,1,1,86022.09,1.7692846188157156,1,290,0,False,False,True
820,49,1,0.0,2,1,1,119087.25,0.0,2,49,1,False,False,False
636,29,3,97325.15,1,0,1,131924.38,0.7377287827406674,1,87,0,True,False,False
618,49,9,44301.43,3,1,1,89729.3,0.4937176182404383,3,441,0,False,False,False
647,43,9,0.0,2,1,1,78488.39,0.0,2,387,1,False,False,True
637,44,0,157622.58,1,1,1,120454.2,1.3085577044411532,1,0,0,False,True,False
660,34,8,106486.66,2,0,1,182262.66,0.5842451534222456,2,272,0,False,False,True
699,34,8,0.0,1,1,1,76510.46,0.0,1,272,1,False,True,True
796,39,5,86350.87,2,0,0,105080.53,0.8217511678788841,0,195,0,True,False,True
556,37,9,145018.64,2,1,0,90928.02,1.5948554157957493,0,333,0,True,False,True
691,29,9,0.0,2,0,0,199635.93,0.0,0,261,1,False,False,False
747,27,10,0.0,2,0,0,13007.89,0.0,0,270,1,False,False,True
805,26,2,0.0,2,1,1,25042.1,0.0,2,52,1,False,True,True
521,29,2,87212.8,1,1,1,994.86,87.57536199867451,1,58,0,True,False,False
424,34,7,0.0,1,1,1,16250.61,0.0,1,238,1,False,True,True
804,55,7,0.0,2,1,1,118752.6,0.0,2,385,1,False,False,True
682,52,5,112670.48,1,1,0,21085.17,5.3433354658527366,0,260,0,False,False,False
628,33,3,0.0,1,1,1,188193.25,0.0,1,99,1,False,True,False
738,31,9,82674.15,1,1,0,41970.72,1.9697584468780405,0,279,0,False,False,True
629,40,9,0.0,1,1,0,106.67,0.0,0,360,1,False,False,True
679,36,3,0.0,2,1,1,2243.41,0.0,2,108,1,False,False,False
625,43,8,201696.07,1,1,0,133020.9,1.516262134280145,0,344,0,False,False,True
563,57,6,0.0,2,1,1,39297.48,0.0,2,342,1,False,True,True
799,22,8,174185.98,2,0,1,192633.85,0.9042288038742731,2,176,0,False,False,False
688,37,7,138162.41,2,1,1,113926.31,1.2127242361818251,2,259,0,False,True,True
534,33,3,151233.62,1,0,0,199336.63,0.758680736798165,0,99,0,False,True,False
586,51,2,138553.57,1,1,1,92406.22,1.499380351448729,1,102,0,False,False,True
484,40,7,106901.42,2,0,0,118045.98,0.9055836921876358,0,280,0,True,False,True
850,31,3,51293.47,1,0,0,35534.68,1.4434357243198948,0,93,0,True,False,False
587,48,1,0.0,2,1,1,8908.0,0.0,2,48,1,False,True,True
689,30,5,136650.89,1,1,1,41865.72,3.263950221082521,1,150,0,True,False,False
563,22,3,137583.04,1,0,1,5791.85,23.750492417376595,1,66,0,False,False,True
569,35,3,116969.35,1,0,0,94488.82,1.2379042525427606,0,105,0,False,True,True
518,42,7,151027.05,2,1,0,119377.36,1.2651124542169954,0,294,0,False,False,True
659,32,3,150923.74,2,0,1,174652.51,0.8641323040115253,2,96,0,True,False,False
729,36,8,152899.24,2,1,0,177130.33,0.8631970414268328,0,288,0,True,False,True
609,53,7,0.0,2,0,1,52332.85,0.0,2,371,1,False,False,True
636,49,6,113599.74,2,1,0,158887.09,0.7149669934354426,0,294,0,True,False,True
850,54,7,108185.81,2,0,0,24093.4,4.490081097682449,0,378,0,False,True,True
705,35,3,0.0,2,0,1,66331.01,0.0,2,105,1,False,False,False
655,37,7,111852.84,2,1,0,10511.13,10.64035928018394,0,259,0,False,False,False
698,52,10,107304.39,3,1,0,28806.32,3.724900129550406,0,520,0,True,False,True
614,30,3,131344.52,2,1,0,54776.64,2.3977761729055866,0,90,0,True,False,False
703,40,7,0.0,2,0,1,122518.5,0.0,2,280,1,False,False,False
559,34,2,137390.11,2,1,0,9677.0,14.196126265757387,0,68,0,False,False,True
556,38,2,115463.16,1,1,0,150679.65,0.7662772890878823,0,76,0,False,True,True
542,54,8,105770.14,1,0,1,140929.98,0.7505102142907116,1,432,0,False,True,True
580,76,2,130334.84,2,1,1,51672.08,2.522296716201163,2,152,0,True,False,True
623,57,7,71481.79,2,1,1,84421.34,0.8467165207692655,2,399,0,False,False,False
835,23,9,0.0,1,1,0,19793.73,0.0,0,207,1,False,False,True
567,47,2,0.0,1,0,0,110900.43,0.0,0,94,1,False,False,False
501,40,2,0.0,2,0,0,141946.92,0.0,0,80,1,False,False,False
598,32,9,123938.6,2,1,0,198894.42,0.6231345095829758,0,288,0,True,False,True
748,44,4,112610.77,1,0,1,2048.55,54.9441438364519,1,176,0,False,False,True
434,41,4,108128.52,1,0,1,56784.11,1.904170300982071,1,164,0,False,False,True
634,77,5,0.0,2,1,1,161579.85,0.0,2,385,1,False,False,True
570,37,6,0.0,1,1,1,187758.5,0.0,1,222,1,False,False,True
736,29,9,0.0,2,0,0,176152.7,0.0,0,261,1,False,False,False
850,36,7,0.0,1,1,1,40812.9,0.0,1,252,1,False,False,True
765,40,6,138033.55,1,1,1,67972.45,2.0306980151809273,1,240,0,False,False,True
665,41,8,96147.55,1,1,0,137037.97,0.7016073603005043,0,328,0,False,False,False
559,70,9,0.0,1,1,1,122996.76,0.0,1,630,1,False,False,False
568,38,3,132951.92,1,0,1,124486.28,1.0679960233688133,1,114,0,False,False,False
807,34,1,0.0,1,0,0,114448.13,0.0,0,34,1,False,False,False
628,55,7,0.0,3,1,0,85890.75,0.0,0,385,1,False,True,False
616,32,6,0.0,2,1,1,43001.46,0.0,2,192,1,False,True,False
705,24,7,100169.51,1,1,0,121408.55,0.8250546188499998,0,168,0,False,False,False
520,35,4,115680.81,1,1,1,90280.7,1.2813317649091676,1,140,0,False,True,False
651,39,8,0.0,1,1,0,137452.57,0.0,0,312,1,False,False,False
688,35,5,111578.18,1,0,0,166165.93,0.6714824664570742,0,175,0,True,False,True
709,45,4,122917.71,1,1,1,11.58,9770.883147853736,1,180,0,True,False,True
605,52,7,0.0,2,1,1,173952.5,0.0,2,364,1,False,False,True
587,35,3,83286.56,1,1,0,125553.52,0.6633497543537261,0,105,0,False,True,False
562,35,7,0.0,1,0,0,48869.67,0.0,0,245,1,False,False,True
520,43,3,150805.17,3,0,1,25333.03,5.952671959415854,3,129,0,True,False,True
615,32,5,138521.83,1,1,1,56897.1,2.4345598534924715,1,160,0,False,True,True
693,41,4,0.0,2,0,0,156381.47,0.0,0,164,1,False,False,True
639,42,4,0.0,2,0,0,167682.37,0.0,0,168,1,False,False,False
663,35,5,0.0,2,1,1,62634.94,0.0,2,175,1,False,True,True
766,38,7,130933.74,1,0,1,2035.94,64.27962532033344,1,266,0,True,False,False
754,27,7,0.0,2,1,0,144134.64,0.0,0,189,1,False,False,False
821,42,3,87807.29,2,1,1,64613.81,1.358934430047848,2,126,0,True,False,True
607,32,9,144272.07,2,1,0,176580.63,0.8170276262598777,0,288,0,True,False,True
594,31,0,79340.95,1,1,0,78255.86,1.013852970844984,0,0,0,False,False,False
613,32,0,0.0,2,0,1,126675.62,0.0,2,0,1,False,True,False
724,41,5,0.0,1,0,1,115753.94,0.0,1,205,1,False,True,True
775,27,4,152309.37,1,1,0,104112.0,1.4629236502646163,0,108,0,False,False,False
670,37,4,170557.91,2,1,0,198252.88,0.8603004894532202,0,148,0,False,False,True
459,50,5,109387.9,1,1,0,155721.15,0.7024556236861615,0,250,0,True,False,True
745,36,8,67226.37,1,1,0,130789.6,0.514000012233295,0,288,0,False,False,True
600,37,4,0.0,3,1,0,7312.25,0.0,0,148,1,False,False,False
480,28,6,0.0,2,0,0,48131.92,0.0,0,168,1,False,False,False
619,38,3,96143.47,1,0,0,98994.92,0.9711861862589893,0,114,0,False,True,True
682,48,1,138778.15,1,0,1,168840.23,0.8219446754800352,1,48,0,False,False,True
682,59,0,122661.39,1,0,1,84803.76,1.4463974663686332,1,0,0,False,True,False
614,66,2,0.0,2,0,1,180082.7,0.0,2,132,1,False,True,True
679,30,4,77949.69,1,1,1,121151.46,0.6434016279983089,1,120,0,True,False,False
823,71,5,149105.08,1,0,1,162683.06,0.9165315888969084,1,355,0,False,False,True
709,35,1,111827.27,2,1,0,12674.68,8.822190998826098,0,35,0,False,True,False
625,36,9,108546.16,3,1,0,133807.77,0.8112036303749001,0,324,0,False,False,True
627,57,9,0.0,2,1,1,107712.42,0.0,2,513,1,False,False,False
703,37,1,149762.08,1,1,0,20629.4,7.2592911431673635,0,37,0,False,False,True
656,30,3,0.0,2,0,1,17104.0,0.0,2,90,1,False,False,True
835,29,10,130420.2,2,0,0,106276.55,1.2271660383589948,0,290,0,True,False,False
655,36,1,135515.76,1,1,0,86013.96,1.575490589078923,0,36,0,False,True,False
668,36,3,133686.52,1,1,0,190958.48,0.700077943236963,0,108,0,False,True,False
790,37,3,0.0,3,0,0,98897.32,0.0,0,111,1,False,True,False
561,35,5,0.0,2,1,0,59981.62,0.0,0,175,1,False,False,False
656,33,7,138705.02,2,1,0,37136.15,3.7349398109440273,0,231,0,False,False,True
660,30,1,84440.1,2,1,1,60485.98,1.3960045616428527,2,30,0,True,False,True
660,35,7,0.0,2,1,0,13218.6,0.0,0,245,1,False,False,True
790,42,1,85839.62,1,1,0,198182.73,0.4331315189193381,0,42,0,True,False,True
667,56,2,168883.08,1,0,1,18897.78,8.936189531811047,1,112,0,False,True,True
472,19,9,0.0,2,1,0,3453.4,0.0,0,171,1,False,False,True
673,57,4,0.0,2,1,1,49684.09,0.0,2,228,1,False,True,False
587,44,5,125584.17,2,1,1,41852.24,3.00058418416352,2,220,0,True,False,False
600,37,8,177657.35,1,1,1,77142.32,2.3029518304371654,1,296,0,False,True,True
663,39,8,0.0,2,1,1,101168.9,0.0,2,312,1,False,False,False
630,31,1,0.0,2,1,1,169802.73,0.0,2,31,1,False,True,False
572,33,9,68193.72,1,1,0,19998.31,3.409803638225519,0,297,0,False,False,True
753,32,6,177729.13,1,1,1,161642.08,1.0995158592622711,1,192,0,False,False,True
587,39,10,0.0,2,1,1,170409.45,0.0,2,390,1,False,False,True
640,44,3,137148.68,1,1,0,92381.01,1.484582117232565,0,132,0,False,False,True
560,26,3,116576.45,1,1,0,157567.37,0.7398467725470537,0,78,0,False,True,False
514,45,3,109032.23,1,0,1,155407.21,0.7015860358986182,1,135,0,True,False,False
590,32,5,0.0,2,1,0,59249.83,0.0,0,160,1,False,False,True
504,49,7,0.0,3,0,1,87822.14,0.0,3,343,1,False,False,False
651,45,4,0.0,2,0,0,193009.21,0.0,0,180,1,False,True,True
703,43,8,0.0,2,1,0,9704.66,0.0,0,344,1,False,False,True
584,35,3,146311.58,1,1,1,105443.47,1.3875699692928418,1,105,0,False,False,True
666,74,7,105102.5,1,1,1,46172.47,2.276253008491673,1,518,0,True,False,True
729,31,8,164870.81,2,1,1,9567.39,17.23077863674035,2,248,0,False,True,True
430,36,1,138992.48,2,0,0,122373.42,1.1357968438175234,0,36,0,True,False,True
504,73,8,0.0,1,1,1,34595.58,0.0,1,584,1,False,False,False
596,48,2,131326.47,1,0,0,1140.02,115.09567755166431,0,96,0,True,False,True
698,27,6,125427.37,2,0,0,27654.44,4.535359770085018,0,162,0,False,True,True
557,27,2,0.0,2,0,1,4497.55,0.0,2,54,1,False,False,False
790,37,8,0.0,2,1,1,149418.41,0.0,2,296,1,False,True,True
771,41,10,108309.0,4,1,1,137510.41,0.7876364586764109,4,410,0,False,False,False
771,36,5,77846.9,1,0,0,99805.99,0.7799744286447271,0,180,0,True,False,False
750,32,5,0.0,2,1,0,95611.47,0.0,0,160,1,False,False,False
724,37,6,125489.4,1,1,0,118570.53,1.0583434320194738,0,222,0,True,False,True
725,44,5,0.0,1,1,1,117356.14,0.0,1,220,1,False,False,True
649,46,5,0.0,2,1,1,76946.6,0.0,2,230,1,False,False,True
487,40,6,136093.74,1,0,1,193408.43,0.7036561764335896,1,240,0,False,True,False
725,33,4,0.0,1,1,1,67879.8,0.0,1,132,1,False,False,False
514,46,3,106511.85,1,1,0,55072.32,1.934000891901923,0,138,0,False,False,False
705,43,7,79974.55,1,1,1,103108.33,0.7756286458267162,1,301,0,True,False,False
576,39,1,0.0,2,1,1,68814.23,0.0,2,39,1,False,False,True
698,40,7,105061.74,3,1,0,107815.31,0.9744512680873609,0,280,0,False,False,False
506,41,3,57745.76,1,1,0,4035.46,14.306040441376851,0,123,0,True,False,False
560,41,4,152532.3,1,0,0,10779.69,14.148658388284979,0,164,0,True,False,True
763,23,2,0.0,2,1,0,153983.99,0.0,0,46,1,False,False,False
562,57,3,0.0,3,1,0,6554.97,0.0,0,171,1,False,False,False
810,69,3,27288.43,1,1,1,110509.9,0.24692975986984092,1,207,0,True,False,True
714,49,4,93059.34,1,1,0,7571.51,12.289100971804592,0,196,0,True,False,False
679,41,8,147726.98,3,1,0,172749.4,0.8551469634802583,0,328,0,False,False,True
823,53,4,124954.94,1,0,1,131259.6,0.9519607559313304,1,212,0,True,False,False
779,24,10,122200.31,2,1,0,43705.56,2.795926057781715,0,240,0,True,False,False
729,44,6,0.0,2,1,0,151733.43,0.0,0,264,1,False,False,True
773,33,9,0.0,2,1,1,1118.31,0.0,2,297,1,False,False,True
684,59,9,122471.09,1,0,1,15807.07,7.74737776338288,1,531,0,True,False,True
729,32,9,0.0,2,0,0,150803.44,0.0,0,288,1,False,False,False
584,37,1,0.0,2,1,1,180363.56,0.0,2,37,1,False,False,False
630,50,1,81947.76,1,0,1,63606.22,1.288340537442133,1,50,0,False,False,True
534,62,2,0.0,2,0,0,42763.12,0.0,0,124,1,False,False,True
603,24,3,0.0,1,1,1,198826.03,0.0,1,72,1,False,False,False
682,46,2,0.0,1,1,1,114442.66,0.0,1,92,1,False,False,False
791,31,10,75499.24,1,1,0,22184.14,3.403144627439809,0,310,0,False,False,False
678,54,7,128914.97,1,0,0,191746.23,0.6723172480770647,0,378,0,False,False,True
797,59,4,129321.44,1,1,1,93624.55,1.3812622729586101,1,236,0,False,True,True
521,35,6,96423.84,1,1,0,10488.44,9.192467853383974,0,210,0,False,False,True
816,40,9,109003.26,1,1,1,79580.56,1.3697049919604491,1,360,0,True,False,False
648,49,10,0.0,2,1,1,159835.78,0.0,2,490,1,False,True,False
743,45,10,144677.19,3,1,0,22512.44,6.426258714794363,0,450,0,True,False,True
638,34,7,0.0,2,0,0,3946.29,0.0,0,238,1,False,True,False
602,37,3,107592.89,2,0,1,153122.73,0.702653272618163,2,111,0,False,True,True
626,39,0,0.0,2,1,1,83295.09,0.0,2,0,1,False,False,False
836,32,4,109196.67,2,1,0,55218.02,1.9775191591592898,0,128,0,True,False,False
616,39,2,121704.32,2,1,0,55556.3,2.190608974878189,0,78,0,True,False,True
714,26,3,119545.48,2,1,0,65482.94,1.8255694449662008,0,78,0,True,False,True
803,31,9,157120.86,2,1,0,141300.53,1.1119544140817157,0,279,0,False,False,True
653,37,7,135847.47,1,1,0,144880.81,0.9376433798004042,0,259,0,False,False,True
581,38,1,0.0,2,1,0,46176.22,0.0,0,38,1,False,False,True
679,33,4,96110.22,1,1,0,1173.23,81.8495695051225,0,132,0,False,True,True
570,32,9,117337.54,2,0,1,62810.91,1.868077885229091,2,288,0,False,False,True
661,42,3,0.0,2,1,0,35989.41,0.0,0,126,1,False,True,False
511,40,1,0.0,1,1,1,184118.73,0.0,1,40,1,False,True,False
696,33,4,0.0,2,1,1,73371.65,0.0,2,132,1,False,False,False
537,38,1,96939.06,1,1,1,102606.92,0.9447522179574442,1,38,0,False,True,False
729,38,10,0.0,2,1,0,189727.12,0.0,0,380,1,False,True,False
696,27,4,87637.26,2,0,0,196111.35,0.4468727237218869,0,108,0,False,False,True
508,49,1,93817.41,2,1,1,132468.76,0.7082175584827812,2,49,0,False,False,True
714,20,3,0.0,2,0,1,150465.93,0.0,2,60,1,False,True,True
708,41,5,0.0,1,0,1,157003.99,0.0,1,205,1,False,True,False
706,34,8,0.0,2,1,1,37479.97,0.0,2,272,1,False,False,True
681,31,4,97338.19,2,0,0,48226.76,2.018302114798614,0,124,0,True,False,True
611,37,4,0.0,2,1,0,125696.26,0.0,0,148,1,False,True,False
850,30,9,121535.18,1,0,0,40313.47,3.014678848562315,0,270,0,False,False,True
458,39,9,0.0,2,1,0,116343.09,0.0,0,351,1,False,False,False
561,49,8,0.0,2,1,1,12513.07,0.0,2,392,1,False,False,False
850,35,7,110349.82,1,0,0,126355.8,0.8733192040317578,0,245,0,False,True,True
661,33,9,0.0,2,1,1,84174.81,0.0,2,297,1,False,False,True
508,26,7,205962.0,1,1,0,156424.4,1.3166787491034064,0,182,0,False,False,True
479,35,2,113090.4,1,1,0,195649.79,0.5780216885400769,0,70,0,False,False,False
620,40,5,108197.11,2,1,0,49722.34,2.1759823455141993,0,200,0,True,False,True
634,53,3,113781.5,2,1,1,106345.05,1.0699175004619352,2,159,0,True,False,False
616,44,5,102016.38,1,0,1,178235.37,0.572365673739877,1,220,0,False,False,True
631,32,2,146810.99,2,1,1,180990.29,0.8111494757565405,2,64,0,True,False,False
616,40,9,0.0,2,0,0,93717.55,0.0,0,360,1,False,False,True
682,61,10,73688.2,1,1,1,172141.33,0.42806554320485846,1,610,0,False,False,True
850,31,8,0.0,2,1,0,178667.7,0.0,0,248,1,False,False,True
549,37,1,130622.34,2,1,1,128499.94,1.0165088286513702,2,37,0,True,False,False
699,47,1,0.0,2,0,1,30117.44,0.0,2,47,1,False,True,True
714,72,3,0.0,1,1,1,86733.61,0.0,1,216,1,False,False,False
581,27,5,102258.11,2,1,0,194681.6,0.5252555184695499,0,135,0,False,False,False
699,39,1,0.0,2,0,0,93826.63,0.0,0,39,1,False,False,False
577,40,1,0.0,2,1,1,108787.0,0.0,2,40,1,False,True,False
743,25,6,0.0,2,1,0,129740.11,0.0,0,150,1,False,True,True
514,43,1,95556.31,1,0,1,199273.98,0.47951985743518827,1,43,0,True,False,True
684,60,2,116563.58,1,1,0,120257.7,0.9692735743858865,0,120,0,False,False,True
495,30,10,129755.99,1,0,0,172749.65,0.7511172316862484,0,300,0,False,False,True
715,33,3,85227.84,1,1,1,68087.15,1.2517279438492601,1,99,0,False,False,False
714,52,2,0.0,1,0,1,144045.08,0.0,1,104,1,False,False,False
698,36,2,82275.35,2,1,1,93249.26,0.8823069233265409,2,72,0,False,False,True
702,34,4,100054.77,1,1,0,109496.45,0.913763471204124,0,136,0,False,False,True
568,43,9,0.0,1,1,0,125870.79,0.0,0,387,1,False,True,False
740,37,7,0.0,2,1,1,194270.91,0.0,2,259,1,False,False,False
620,42,4,106920.91,1,0,1,119747.08,0.8928820403634029,1,168,0,False,True,True
621,40,6,0.0,1,1,0,155155.25,0.0,0,240,1,False,False,False
625,44,7,0.0,1,1,0,4791.8,0.0,0,308,1,False,False,False
496,43,3,0.0,2,0,1,199505.53,0.0,2,129,1,False,True,False
814,48,7,0.0,2,1,1,132870.15,0.0,2,336,1,False,False,False
508,38,3,166328.65,2,0,1,22614.19,7.354731487995458,2,114,0,False,False,False
586,47,5,157099.47,2,1,1,65481.86,2.3990929840266597,2,235,0,True,False,False
717,36,2,164557.95,1,0,1,82336.73,1.9985728292485112,1,72,0,False,True,False
548,39,7,131468.44,1,1,0,164975.82,0.7968903752660526,0,273,0,False,True,True
507,42,6,0.0,2,1,0,34777.23,0.0,0,252,1,False,False,True
769,27,2,0.0,1,1,1,57876.05,0.0,1,54,1,False,False,False
709,45,3,104118.5,1,0,1,174032.0,0.5982687191509656,1,135,0,False,False,False
744,31,9,120718.28,1,1,1,58961.49,2.047374186537916,1,279,0,False,False,True
600,39,7,88477.36,2,1,0,58632.37,1.508993257593756,0,273,0,True,False,False
660,26,4,115021.76,1,0,1,162443.05,0.708070009335522,1,104,0,True,False,True
653,30,2,88243.29,2,1,1,96658.26,0.912931570136167,2,60,0,False,True,False
691,60,6,101070.69,1,1,0,177355.8,0.5698720883552252,0,360,0,False,False,False
681,30,2,111093.01,1,1,0,68985.99,1.6103472553303164,0,60,0,False,True,True
642,19,3,113905.48,1,1,1,176137.2,0.6466824345882948,1,57,0,True,False,False
691,44,6,134066.1,2,1,1,197572.41,0.6785634767350526,2,264,0,False,False,False
707,44,6,0.0,2,1,1,192542.17,0.0,2,264,1,False,False,False
775,74,0,161371.5,1,1,1,134869.93,1.1964883759606315,1,0,0,True,False,False
707,37,1,0.0,2,0,1,6035.51,0.0,2,37,1,False,False,True
663,58,5,216109.88,1,0,1,74176.71,2.9134072755818425,1,290,0,False,True,False
747,42,4,80214.36,1,1,0,115241.96,0.696045641312927,0,168,0,False,False,True
837,26,4,89900.24,2,1,0,175477.03,0.5123162141722243,0,104,0,False,False,True
850,48,2,0.0,1,1,0,169425.3,0.0,0,96,1,False,True,True
754,27,8,0.0,2,0,0,121821.16,0.0,0,216,1,False,True,False
555,33,1,56084.69,2,0,0,178798.13,0.3136742891310489,0,33,0,False,True,True
666,47,5,0.0,1,0,0,166650.9,0.0,0,235,1,False,True,False
690,30,5,0.0,2,0,1,78700.03,0.0,2,150,1,False,True,False
683,30,10,57657.49,1,0,0,79240.9,0.727613674078991,0,300,0,False,False,True
532,44,3,148595.55,1,1,0,74838.64,1.9855193050100186,0,132,0,False,False,True
542,29,9,0.0,1,1,0,8342.35,0.0,0,261,1,False,False,True
614,19,5,97445.49,2,1,0,122823.34,0.7933727956527185,0,95,0,False,False,False
850,41,1,176958.46,2,0,1,125806.3,1.4065834017580854,2,41,0,True,False,True
757,31,10,39539.39,2,0,0,192519.39,0.20537767454138234,0,310,0,False,False,True
700,28,3,99705.69,2,0,0,146723.72,0.6795425474316802,0,84,0,True,False,False
637,40,2,133463.1,1,0,1,93165.34,1.432524879693675,1,80,0,False,False,True
705,46,4,115518.07,1,0,0,76544.9,1.509134649928997,0,184,0,True,False,False
618,41,4,115251.64,1,0,0,136435.75,0.8447257795278764,0,164,0,False,True,True
563,35,3,106250.72,1,0,0,39546.32,2.6866730792377336,0,105,0,False,False,True
605,35,6,0.0,2,1,1,45206.57,0.0,2,210,1,False,False,True
795,29,4,0.0,2,0,0,155711.64,0.0,0,116,1,False,True,True
498,34,2,0.0,2,1,1,148528.24,0.0,2,68,1,False,False,True
557,46,4,96173.17,2,1,1,116378.31,0.8263768705966722,2,184,0,False,False,False
491,33,5,83134.3,1,1,0,187946.55,0.4423271279673505,0,165,0,False,False,True
665,37,3,111911.63,1,1,1,110359.68,1.0140534654190243,1,111,0,True,False,False
629,40,9,137409.19,1,1,0,175877.7,0.7812724906426985,0,360,0,False,False,False
850,33,3,0.0,2,1,1,11159.19,0.0,2,99,1,False,False,False
593,31,8,112713.34,1,1,1,176868.89,0.6372669763067077,1,248,0,False,True,True
726,29,7,0.0,2,1,1,91844.14,0.0,2,203,1,False,False,True
534,51,3,0.0,2,0,1,20856.31,0.0,2,153,1,False,True,True
625,40,7,141267.67,1,0,1,177397.49,0.7963296079915901,1,280,0,False,False,False
820,36,4,0.0,2,1,0,31422.69,0.0,0,144,1,False,False,True
586,41,3,63873.56,1,1,0,83753.64,0.7626271213153086,0,123,0,False,True,True
530,36,2,0.0,2,1,1,14721.8,0.0,2,72,1,False,True,False
496,29,4,0.0,2,1,0,164806.89,0.0,0,116,1,False,False,False
628,40,5,181768.32,2,1,1,129107.97,1.407867478146561,2,200,0,True,False,True
577,41,6,0.0,1,1,1,167621.18,0.0,1,246,1,False,False,True
690,29,5,0.0,2,1,0,108577.97,0.0,0,145,1,False,False,True
648,45,5,118886.55,1,0,0,51636.7,2.302320785007853,0,225,0,True,False,False
693,57,9,0.0,2,1,1,135502.77,0.0,2,513,1,False,True,False
561,31,1,81480.27,2,1,1,65234.6,1.2490154148961612,2,31,0,False,False,False
679,39,2,146186.28,2,1,1,193974.47,0.7536328175928637,2,78,0,True,False,True
702,44,9,0.0,1,0,0,59207.41,0.0,0,396,1,False,True,True
769,27,7,188614.07,1,1,0,171344.09,1.1007847963428659,0,189,0,True,False,True
450,46,5,177619.71,1,1,0,54227.06,3.2754206954849576,0,230,0,False,True,False
633,46,3,0.0,2,1,0,120250.58,0.0,0,138,1,False,True,False
599,41,1,0.0,2,1,0,96069.82,0.0,0,41,1,False,False,False
633,37,7,141546.35,1,1,1,124830.11,1.1339028388035644,1,259,0,False,False,True
850,35,2,0.0,2,1,1,56991.66,0.0,2,70,1,False,False,True
539,29,4,0.0,2,1,1,100919.19,0.0,2,116,1,False,False,False
513,37,6,0.0,2,1,0,110142.34,0.0,0,222,1,False,False,False
612,35,3,0.0,1,1,1,48108.72,0.0,1,105,1,False,False,False
643,48,8,0.0,2,1,0,174729.3,0.0,0,384,1,False,True,True
679,35,8,119182.73,1,0,0,121210.09,0.983265887634539,0,280,0,False,True,False
674,41,4,126605.14,1,1,1,166694.93,0.7594974874311569,1,164,0,False,True,False
519,39,4,111900.14,1,1,1,97577.17,1.1467743246260922,1,156,0,False,True,True
631,35,9,112392.45,2,1,0,24472.23,4.59246490961757,0,315,0,False,False,True
733,44,6,168165.84,1,0,1,197193.49,0.8527917793240573,1,264,0,False,False,False
673,29,4,99097.36,1,1,1,9796.69,10.114359609254834,1,116,0,True,False,False
575,54,9,68332.96,1,1,1,144390.75,0.47324698260115283,1,486,0,False,False,False
650,32,4,79450.09,1,1,1,118324.75,0.6714522409534696,1,128,0,False,True,False
507,33,7,0.0,2,1,1,85411.01,0.0,2,231,1,False,False,True
617,51,10,167273.71,1,0,0,93439.75,1.7901580413256528,0,510,0,True,False,False
399,46,2,127655.22,1,1,0,139994.68,0.9118511371208027,0,92,0,True,False,True
734,37,2,130404.92,1,0,0,34548.74,3.774411037536028,0,74,0,False,True,False
678,46,1,0.0,2,0,0,82106.19,0.0,0,46,1,False,False,False
678,26,3,0.0,2,1,0,4989.33,0.0,0,78,1,False,False,True
757,57,3,89079.41,1,1,1,53179.21,1.6750481053008253,1,171,0,False,False,True
540,41,3,0.0,2,1,0,121098.65,0.0,0,123,1,False,False,True
573,27,2,128243.03,1,1,1,11631.34,11.02469752431583,1,54,0,False,False,True
627,35,7,0.0,2,0,1,193022.44,0.0,2,245,1,False,False,False
621,40,7,0.0,2,0,1,131283.6,0.0,2,280,1,False,True,False
652,38,1,103895.31,1,0,1,159649.44,0.6507674516900799,1,38,0,False,True,False
678,28,4,0.0,2,1,1,144423.17,0.0,2,112,1,False,False,False
653,41,8,102768.42,1,1,0,55663.85,1.8461995316613626,0,328,0,False,False,True
820,31,2,94222.53,1,1,0,103570.8,0.9097315099283781,0,62,0,False,True,False
752,36,2,119912.46,1,1,0,124354.92,0.9642682069337754,0,72,0,False,False,False
622,59,5,119380.37,1,1,1,60429.43,1.9755009189906476,1,295,0,False,False,True
640,37,5,158024.38,1,1,0,81298.09,1.943741067704448,0,185,0,False,True,True
850,20,7,0.0,2,1,0,31288.77,0.0,0,140,1,False,False,True
632,21,1,0.0,2,1,0,84008.66,0.0,0,21,1,False,False,False
675,33,3,0.0,2,1,0,45348.08,0.0,0,99,1,False,True,True
717,36,2,99472.76,2,1,0,94274.72,1.055125964564365,0,72,0,False,False,False
782,23,10,98052.66,1,1,1,142587.32,0.6876626360419984,1,230,0,False,True,True
584,39,2,112687.69,1,1,1,127749.61,0.882091208801273,1,78,0,False,False,False
839,47,2,136911.07,1,1,1,168184.62,0.814047419749679,1,94,0,True,False,True
664,32,10,107209.73,1,1,1,112340.2,0.954322456943668,1,320,0,False,False,True
617,34,1,61687.33,2,1,0,105965.25,0.582141294987791,0,34,0,False,False,True
744,47,9,0.0,2,1,0,113163.17,0.0,0,423,1,False,False,True
614,37,9,0.0,2,1,1,62023.1,0.0,2,333,1,False,True,False
645,41,2,93925.3,1,1,0,123982.14,0.7575651011903716,0,82,0,True,False,True
429,39,6,48023.83,1,1,0,74870.99,0.6414124961818164,0,234,0,False,False,False
657,28,7,0.0,2,0,1,5177.62,0.0,2,196,1,False,False,False
599,34,2,101506.66,1,0,0,198030.24,0.5125790254103343,0,68,0,False,True,True
758,51,8,81710.46,1,1,1,116520.07,0.7012505120318583,1,408,0,False,False,True
747,21,4,81025.6,2,1,0,167682.57,0.48320536114540025,0,84,0,False,False,False
671,23,9,123943.18,1,1,1,159553.27,0.7768089189966524,1,207,0,True,False,False
850,34,8,199229.14,1,0,0,68106.29,2.9252248914910584,0,272,0,False,True,True
725,43,2,165896.0,2,1,0,130795.52,1.2683517879527682,0,86,0,False,False,True
773,41,7,190238.93,1,1,1,57549.65,3.3055913356321778,1,287,0,False,False,False
827,46,1,183276.32,1,1,1,13460.27,13.61508386652968,1,46,0,False,True,True
650,50,7,129667.77,1,0,0,42028.16,3.08518585667665,0,350,0,False,True,False
668,38,10,86977.96,1,0,1,37094.75,2.3446880033427013,1,380,0,False,False,True
752,38,0,145974.79,2,1,1,137694.23,1.0601296065230437,2,0,0,False,False,True
667,27,3,106116.5,2,1,0,3674.71,28.869660555375695,0,81,0,True,False,False
603,30,6,129548.5,2,1,1,19282.85,6.71797903426961,2,180,0,False,True,True
678,60,10,117738.81,1,1,0,147489.76,0.7982792277970497,0,600,0,False,False,False
535,58,1,0.0,2,1,1,11779.98,0.0,2,58,1,False,True,True
647,28,8,0.0,2,1,1,91055.27,0.0,2,224,1,False,False,True
608,40,7,96202.32,1,0,0,161154.85,0.596952080858374,0,280,0,True,False,False
526,31,5,145537.21,1,1,0,132404.64,1.0991768175434218,0,155,0,True,False,True
685,38,4,0.0,2,1,1,35884.91,0.0,2,152,1,False,True,True
621,43,5,0.0,1,1,1,47578.45,0.0,1,215,1,False,False,False
826,55,4,115285.85,1,1,0,140126.17,0.8227230308012358,0,220,0,False,False,True
704,41,4,109026.8,2,1,1,43117.1,2.5285622511195998,2,164,0,True,False,True
609,32,4,99883.16,1,1,1,120594.85,0.8282470748371523,1,128,0,False,True,True
676,49,1,0.0,1,1,0,79342.31,0.0,0,49,1,False,False,False
685,23,8,0.0,2,1,1,112239.03,0.0,2,184,1,False,False,True
779,34,5,0.0,2,0,1,111676.63,0.0,2,170,1,False,True,False
712,30,1,89571.59,1,1,1,177613.19,0.5043042450606001,1,30,0,False,False,False
738,29,9,139106.19,1,1,0,141872.05,0.9804976350335741,0,261,0,True,False,False
690,35,9,107944.33,2,0,0,48478.47,2.226598805638758,0,315,0,False,False,False
564,62,5,114931.35,3,0,1,18260.98,6.293476939521345,3,310,0,True,False,False
676,29,4,140720.93,1,1,0,36221.18,3.884938178762294,0,116,0,False,False,True
676,23,1,107787.47,1,0,1,116378.82,0.9261697603587975,1,23,0,False,False,True
646,30,5,0.0,2,1,0,13935.32,0.0,0,150,1,False,False,False
681,38,3,0.0,2,1,1,112491.96,0.0,2,114,1,False,False,True
743,37,8,69143.91,2,0,1,105780.18,0.6536503941438355,2,296,0,False,False,True
524,22,9,0.0,2,1,0,74405.34,0.0,0,198,1,False,False,True
446,32,8,0.0,2,0,0,133292.94,0.0,0,256,1,False,False,True
598,38,6,0.0,2,0,0,173783.38,0.0,0,228,1,False,True,False
561,24,8,143656.55,1,0,1,180932.46,0.7939744810053375,1,192,0,False,True,True
850,43,8,92244.83,2,1,0,54949.73,1.6786825215970742,0,344,0,True,False,False
536,44,4,121898.82,1,0,0,131007.18,0.9304672425798146,0,176,0,True,False,False
730,23,8,0.0,2,1,0,183284.53,0.0,0,184,1,False,False,True
644,51,4,95560.04,1,0,0,72628.84,1.3157132109887617,0,204,0,True,False,False
814,29,1,131968.57,2,1,1,147693.92,0.8935213885487734,2,29,0,True,False,True
589,38,4,0.0,1,1,0,95483.48,0.0,0,152,1,False,False,True
783,72,5,121215.9,2,1,1,105206.48,1.1521604737609912,2,360,0,False,False,False
543,41,6,143350.41,1,1,1,192070.16,0.7463401064480477,1,246,0,True,False,True
653,58,1,132602.88,1,1,0,5097.67,26.00734701402523,0,58,0,True,False,True
513,48,2,0.0,1,1,1,114709.13,0.0,1,96,1,False,True,True
740,36,7,0.0,1,1,1,13177.4,0.0,1,252,1,False,False,True
607,47,4,148826.32,1,1,1,79450.61,1.873169341691125,1,188,0,True,False,True
600,53,7,106261.63,1,1,0,93629.66,1.1349020716077405,0,371,0,True,False,True
677,29,3,86616.35,1,0,0,91903.9,0.9424562781745044,0,87,0,False,False,False
586,57,3,0.0,2,0,1,6057.81,0.0,2,171,1,False,True,False
632,41,0,106134.46,1,0,1,105570.39,1.0053335472801865,1,0,0,False,False,True
591,40,2,99886.42,2,1,1,88695.19,1.1261635928217435,2,80,0,False,False,True
590,37,1,0.0,2,0,0,133535.99,0.0,0,37,1,False,True,True
478,43,1,0.0,2,1,1,197916.43,0.0,2,43,1,False,True,True
607,31,1,102523.88,1,1,1,166792.71,0.6146747380341862,1,31,0,False,False,False
644,32,3,136659.74,1,1,1,14187.78,9.631535621808217,1,96,0,False,True,True
505,43,6,127146.68,1,0,0,137565.87,0.9242536375218829,0,258,0,True,False,True
536,41,9,0.0,1,1,0,121299.14,0.0,0,369,1,False,False,False
728,34,4,106328.08,1,1,0,88680.65,1.198986261532121,0,136,0,False,False,True
590,22,7,125265.61,1,1,1,161253.08,0.7768213368616782,1,154,0,False,True,True
620,37,0,107548.94,1,1,0,71175.94,1.511008200127738,0,0,0,False,False,True
687,41,2,154007.21,1,1,0,158408.23,0.9722110889624297,0,82,0,True,False,False
543,23,5,0.0,2,1,0,117832.39,0.0,0,115,1,False,True,True
642,39,4,0.0,1,1,1,76821.24,0.0,1,156,1,False,False,False
676,34,4,89437.03,1,1,1,189540.95,0.4718587626644128,1,136,0,True,False,False
539,37,1,130922.81,2,0,0,2186.83,59.84139992595403,0,37,0,False,True,False
807,33,10,101952.97,2,1,0,178153.65,0.5722722926401304,0,330,0,False,False,True
630,40,0,118633.08,1,0,1,60032.46,1.976115985985149,1,0,0,False,False,False
687,34,5,128270.56,1,1,0,191092.62,0.6712445972816884,0,170,0,False,False,True
588,34,6,121132.26,2,1,0,86460.28,1.4010000777226521,0,204,0,False,True,True
528,36,1,156948.41,1,1,1,149912.28,1.046927997306176,1,36,0,False,False,False
606,30,8,180307.73,2,1,1,1914.41,94.1353182869464,2,240,0,False,True,True
806,31,10,138653.51,1,1,0,190803.37,0.7266789015366892,0,310,0,True,False,True
619,39,5,0.0,2,1,1,158444.61,0.0,2,195,1,False,False,True
745,46,2,122220.19,1,1,1,118024.1,1.0355440495284478,1,92,0,False,False,True
749,42,2,56726.83,2,0,1,185543.35,0.3057319180023536,2,84,0,False,False,True
601,34,5,0.0,2,1,0,27022.57,0.0,0,170,1,False,False,False
632,41,3,126550.7,1,0,0,177644.52,0.7123776608607975,0,123,0,True,False,True
766,27,7,158786.67,2,0,1,47579.25,3.337239085544948,2,189,0,False,False,False
600,26,6,108909.12,1,1,0,82547.01,1.3193427679237817,0,156,0,False,False,False
672,43,4,92599.55,2,1,1,167336.78,0.5533690598739867,2,172,0,False,False,False
616,31,7,76665.71,2,1,1,163809.08,0.4680158266206818,2,217,0,False,True,True
737,36,9,0.0,1,0,1,188670.9,0.0,1,324,1,False,False,True
841,34,4,0.0,2,1,0,141582.66,0.0,0,136,1,False,False,True
654,29,1,0.0,1,1,0,180345.44,0.0,0,29,1,False,False,True
625,49,2,80816.45,1,1,1,20018.79,4.0368280586359795,1,98,0,False,True,False
626,34,7,113014.7,2,1,1,56646.28,1.995059603920965,2,238,0,False,False,True
573,44,4,0.0,1,1,1,94862.93,0.0,1,176,1,False,True,False
453,40,1,111524.49,1,1,1,120373.84,0.9264767454727251,1,40,0,True,False,False
751,29,10,147737.63,1,0,1,94951.27,1.5559146716555592,1,290,0,False,False,True
615,39,5,113193.51,2,1,1,52166.25,2.1698193790165283,2,195,0,True,False,True
705,32,3,0.0,2,0,0,129576.99,0.0,0,96,1,False,False,True
584,31,6,152622.34,1,1,0,99298.8,1.5369853715717452,0,186,0,True,False,False
549,24,9,0.0,2,1,1,14406.41,0.0,2,216,1,False,True,False
790,41,7,109508.68,1,0,0,86776.38,1.2619496002299215,0,287,0,False,True,False
745,59,8,0.0,1,1,1,36124.98,0.0,1,472,1,False,True,False
489,40,3,221532.8,1,1,0,171867.08,1.288970005366907,0,120,0,False,True,True
794,28,5,0.0,2,0,1,86699.98,0.0,2,140,1,False,True,False
714,37,9,148466.93,2,0,1,151280.96,0.9813921633484918,2,333,0,False,False,True
457,42,4,126772.57,1,0,1,126106.4,1.0052746309891412,1,168,0,True,False,True
544,47,5,105245.21,1,0,0,99922.08,1.0532622693375746,0,235,0,True,False,True
589,38,2,0.0,1,1,0,79915.28,0.0,0,76,1,False,False,True
611,58,8,0.0,2,0,1,107665.68,0.0,2,464,1,False,False,True
501,39,9,117301.66,1,0,0,182025.95,0.6444191917735258,0,351,0,False,False,False
632,36,7,0.0,2,1,1,52526.65,0.0,2,252,1,False,False,False
455,43,6,0.0,1,1,1,81250.79,0.0,1,258,1,False,True,False
694,30,9,0.0,2,1,1,26960.31,0.0,2,270,1,False,False,False
701,41,9,164046.1,1,1,0,49405.93,3.3203054713174853,0,369,0,True,False,True
709,62,3,0.0,2,1,1,82195.15,0.0,2,186,1,False,True,True
601,44,1,100486.18,2,1,1,62678.53,1.603173795336372,2,44,0,False,False,True
579,37,5,152212.88,2,0,0,120219.14,1.2661179732447492,0,185,0,False,True,True
634,25,9,0.0,2,1,1,8227.91,0.0,2,225,1,False,True,True
621,36,7,116338.68,1,1,1,155743.48,0.7469842911928563,1,252,0,False,True,False
584,40,4,82441.75,1,0,0,80852.11,1.0196484711596128,0,160,0,False,False,False
637,33,0,132255.99,2,0,1,74588.41,1.7731202056699469,2,0,0,False,False,True
655,38,6,0.0,1,1,1,188639.28,0.0,1,228,1,False,False,False
460,35,8,102742.91,2,1,1,189339.6,0.5426353882896748,2,280,0,True,False,False
574,41,1,0.0,2,0,0,70550.0,0.0,0,41,1,False,False,True
691,36,7,129934.64,1,0,0,75664.56,1.717223000794549,0,252,0,False,True,True
749,38,9,129378.32,1,1,1,13549.34,9.547975917947447,1,342,0,False,True,True
613,34,5,144094.2,1,1,0,44510.26,3.2372527760391416,0,170,0,False,False,True
588,38,1,124271.26,1,1,0,75969.19,1.6357897749103956,0,38,0,False,False,True
551,43,7,0.0,2,1,0,178393.68,0.0,0,301,1,False,False,True
850,81,5,0.0,2,1,1,44827.47,0.0,2,405,1,False,False,True
678,48,2,0.0,2,1,1,32301.88,0.0,2,96,1,False,False,False
645,36,4,59893.85,2,1,0,43999.64,1.3612040643045191,0,144,0,False,True,True
733,35,8,102918.38,1,1,1,45959.86,2.239261406335739,1,280,0,False,True,True
676,31,3,78990.15,1,1,1,124777.14,0.6330447785164933,1,93,0,False,False,True
727,45,6,114422.85,2,1,1,104678.78,1.0930749949990342,2,270,0,True,False,True
720,33,6,97188.62,1,0,0,91881.29,1.057751390393078,0,198,0,False,True,True
644,49,10,0.0,2,1,1,145089.64,0.0,2,490,1,False,True,True
668,32,1,134446.04,1,0,1,111241.37,1.208586620367761,1,32,0,False,True,True
685,25,10,128509.63,1,1,0,121562.33,1.0571414093378324,0,250,0,False,True,False
627,37,7,147361.57,1,1,1,133031.96,1.1077072178203058,1,259,0,True,False,False
718,45,3,105266.32,2,1,1,193724.51,0.5433787217801105,2,135,0,False,True,True
557,32,6,184686.41,2,1,0,14956.44,12.347461196568396,0,192,0,False,False,False
701,23,5,186101.18,2,1,1,76611.33,2.429128313941111,2,115,0,True,False,True
803,42,5,0.0,1,1,0,196466.83,0.0,0,210,1,False,False,True
726,48,6,99906.19,1,1,0,64323.24,1.5531654940656898,0,288,0,False,True,False
510,63,8,0.0,2,1,1,115291.86,0.0,2,504,1,False,False,True
625,41,6,97663.16,2,1,0,57128.78,1.709496518278208,0,246,0,False,False,True
706,32,5,88348.43,2,1,1,104181.78,0.8480137504489705,2,160,0,True,False,True
850,36,3,0.0,2,1,0,195033.07,0.0,0,108,1,False,False,True
821,37,5,106453.53,2,0,1,127413.0,0.8354931954102375,2,185,0,True,False,False
635,36,9,81231.85,2,1,0,196731.08,0.4129059683606253,0,324,0,True,False,False
815,28,6,0.0,2,0,1,185547.71,0.0,2,168,1,False,True,True
841,52,3,112383.03,1,1,0,85516.37,1.3141544226629047,0,156,0,True,False,False
527,32,7,0.0,2,1,1,44099.75,0.0,2,224,1,False,False,False
719,69,3,0.0,2,1,1,58320.06,0.0,2,207,1,False,False,True
731,70,3,0.0,2,1,1,141180.66,0.0,2,210,1,False,True,True
688,46,3,0.0,2,0,1,104902.68,0.0,2,138,1,False,True,False
652,38,6,0.0,2,1,1,145700.22,0.0,2,228,1,False,False,True
686,41,7,152105.57,2,0,1,132374.41,1.1490470171159433,2,287,0,False,False,False
669,29,9,0.0,1,1,1,93901.61,0.0,1,261,1,False,True,True
507,34,4,0.0,2,1,1,60688.38,0.0,2,136,1,False,True,False
687,24,3,110495.27,1,1,0,158615.41,0.6966194103119595,0,72,0,False,False,False
784,40,8,0.0,2,1,0,108891.3,0.0,0,320,1,False,True,False
658,50,2,0.0,2,1,0,52137.73,0.0,0,100,1,False,True,True
772,36,3,112029.83,1,1,1,186948.35,0.5992523108531803,1,108,0,False,True,True
600,49,6,0.0,1,0,1,148087.88,0.0,1,294,1,False,False,False
729,67,2,94203.8,1,0,1,102391.06,0.920030322663691,1,134,0,False,False,True
834,36,8,142882.49,1,1,0,89983.02,1.5878651565022321,0,288,0,False,False,True
677,27,2,0.0,2,0,1,114685.92,0.0,2,54,1,False,False,False
697,62,7,0.0,1,1,0,129188.18,0.0,0,434,1,False,True,True
766,62,7,142724.48,1,0,1,5893.23,24.21427056629959,1,434,0,True,False,False
507,31,0,106942.08,1,0,1,44001.11,2.430385270160908,1,0,0,False,False,False
710,32,3,0.0,1,1,0,94790.34,0.0,0,96,1,False,False,False
679,39,0,86843.61,1,0,1,159830.58,0.543344500504844,1,0,0,False,False,True
514,32,8,0.0,2,1,0,95857.18,0.0,0,256,1,False,False,True
720,45,1,102882.4,2,1,1,35633.15,2.887185466750294,2,45,0,False,False,False
444,45,6,0.0,1,1,0,130009.85,0.0,0,270,1,False,False,True
796,40,1,99745.95,1,1,0,177524.19,0.5618692761292073,0,40,0,True,False,False
611,37,1,117524.72,2,0,1,161064.29,0.7296713028610944,2,37,0,True,False,True
548,33,0,101084.36,1,1,0,42749.85,2.3644994193097917,0,0,0,True,False,False
461,40,7,0.0,2,1,0,176547.8,0.0,0,280,1,False,False,False
775,33,1,118897.1,2,1,1,26362.4,4.509930433859062,2,33,0,True,False,False
629,37,6,129101.3,1,1,1,23971.33,5.385429785089726,1,222,0,False,False,False
542,67,10,129431.36,1,0,1,21343.74,6.063852733741427,1,670,0,False,False,True
529,31,6,0.0,1,1,0,10625.91,0.0,0,186,1,False,True,True
520,45,7,107023.03,1,1,0,32903.93,3.2524922557197358,0,315,0,False,True,True
664,43,9,189026.53,2,1,1,56099.86,3.3694052105440093,2,387,0,False,False,True
608,30,8,85859.76,1,0,0,142730.27,0.6015483502669037,0,240,0,False,False,False
580,39,3,119688.81,1,1,0,137041.26,0.8733715424716434,0,117,0,True,False,True
796,45,2,109730.22,1,1,1,123882.73,0.8857516640805052,1,90,0,False,False,False
656,45,5,127864.4,1,1,0,87107.57,1.4678739416799058,0,225,0,False,False,True
850,33,8,73059.38,1,1,1,186281.0,0.39219774320653633,1,264,0,False,False,True
671,38,6,132129.72,1,0,1,76068.95,1.7369502674840722,1,228,0,False,False,False
682,43,5,125851.93,1,1,1,193318.33,0.6510054116161069,1,215,0,False,False,False
850,31,4,164672.66,1,0,1,61936.1,2.658707947256168,1,124,0,True,False,False
715,28,7,160376.61,1,0,0,196853.11,0.8146977982832058,0,196,0,False,False,True
717,28,4,128206.79,1,1,1,54272.12,2.36225206879575,1,112,0,False,False,True
664,33,7,97286.16,2,1,0,143433.33,0.6782627283161571,0,231,0,True,False,True
730,42,4,0.0,2,0,1,85982.47,0.0,2,168,1,False,True,True
664,38,4,74306.19,2,1,0,154395.56,0.48126842981475754,0,152,0,False,False,False
725,33,7,115182.84,2,1,1,177279.41,0.6497211959290933,2,231,0,True,False,False
383,48,8,95808.19,1,0,0,137702.01,0.695759591602246,0,384,0,False,True,False
641,32,7,0.0,2,1,1,24267.28,0.0,2,224,1,False,True,True
635,29,1,0.0,1,0,1,24865.54,0.0,1,29,1,False,False,True
544,22,4,0.0,2,1,0,70007.67,0.0,0,88,1,False,True,True
663,35,9,0.0,2,1,1,195580.28,0.0,2,315,1,False,False,True
706,37,7,0.0,2,1,1,110899.3,0.0,2,259,1,False,True,False
652,51,3,0.0,1,1,0,173989.47,0.0,0,153,1,False,False,False
690,48,2,0.0,2,1,1,3149.1,0.0,2,96,1,False,True,False
752,45,3,105426.5,2,0,1,89773.45,1.1743486036394541,2,135,0,True,False,False
647,26,8,109958.15,1,1,1,136592.24,0.8050043325716558,1,208,0,False,True,False
731,40,7,118991.79,1,1,1,156048.64,0.7625252451719849,1,280,0,False,False,False
648,44,2,0.0,2,1,1,58652.23,0.0,2,88,1,False,False,False
771,38,5,137657.71,2,1,0,72985.61,1.886068006172639,0,190,0,True,False,False
661,37,5,136425.18,1,1,0,81102.81,1.6821056865269337,0,185,0,False,False,False
540,67,1,88382.01,1,0,1,59457.0,1.4864611995021695,1,67,0,False,True,True
726,37,2,132057.92,2,1,0,34743.98,3.800776975551576,0,74,0,False,False,True
634,36,1,0.0,1,1,1,143960.72,0.0,1,36,1,False,True,False
747,41,5,0.0,2,1,1,22750.17,0.0,2,205,1,False,False,True
731,43,9,79120.27,1,0,0,548.52,143.98069224050082,0,387,0,True,False,False
562,33,6,0.0,2,1,0,111590.35,0.0,0,198,1,False,False,True
749,66,6,182532.23,2,1,1,195429.92,0.9339987244597733,2,396,0,True,False,True
722,29,1,107233.85,2,1,0,24924.92,4.302101988612658,0,29,0,True,False,True
605,33,5,150092.8,1,0,0,71862.79,2.0885733969778104,0,165,0,False,True,True
659,38,3,0.0,2,1,0,158553.1,0.0,0,114,1,False,False,False
667,28,6,165798.1,1,1,0,147090.9,1.1271735561237568,0,168,0,False,False,True
665,52,3,0.0,1,1,0,116137.01,0.0,0,156,1,False,False,True
669,38,9,121858.98,1,1,0,130755.34,0.931954657036133,0,342,0,False,False,False
794,33,0,0.0,2,0,0,178122.71,0.0,0,0,1,False,False,True
556,36,7,154872.08,2,1,1,32044.64,4.832859633947082,2,252,0,False,False,True
586,29,3,0.0,2,1,1,142238.54,0.0,2,87,1,False,False,True
773,25,1,124532.78,2,0,1,11723.57,10.621522153904152,2,25,0,False,False,True
670,27,5,79336.61,1,1,1,26170.08,3.0314610631276966,1,135,0,False,False,False
741,36,3,0.0,2,1,1,89804.83,0.0,2,108,1,False,False,False
493,31,3,0.0,1,1,1,176570.28,0.0,1,93,1,False,False,False
687,36,4,97157.96,1,0,1,63185.05,1.5376488956027479,1,144,0,False,False,False
850,81,1,0.0,2,1,1,59568.24,0.0,2,81,1,False,False,False
681,18,1,98894.39,1,1,1,9596.4,10.304289703461354,1,18,0,False,False,False
754,38,2,0.0,2,0,0,3524.69,0.0,0,76,1,False,False,False
654,29,2,91955.61,1,1,0,37065.66,2.4808172627369176,0,58,0,False,False,True
565,32,4,90322.99,2,0,1,118740.37,0.7606699333181014,2,128,0,True,False,False
550,40,7,114354.95,1,1,0,54018.93,2.1169029652574523,0,280,0,False,False,False
528,32,4,85615.66,2,1,0,156192.43,0.5481386765115537,0,128,0,False,False,False
683,42,4,148283.94,1,1,1,44692.63,3.3177868971484306,1,168,0,False,False,False
522,41,5,144147.68,1,1,1,14789.9,9.74570039686564,1,205,0,False,False,True
818,31,1,186796.37,1,0,0,178252.63,1.0479246341294703,0,31,0,False,False,False
490,29,4,0.0,2,1,0,32089.57,0.0,0,116,1,False,False,True
561,37,1,100443.36,2,0,1,101693.73,0.9876948392507655,2,37,0,False,False,True
658,32,8,0.0,1,1,1,80410.68,0.0,1,256,1,False,False,True
805,33,3,105663.56,2,0,1,33330.89,3.170044062907924,2,99,0,True,False,False
777,42,5,147531.82,1,1,1,38819.45,3.8003634682235785,1,210,0,False,False,False
648,35,7,0.0,2,0,0,122899.01,0.0,0,245,1,False,True,True
583,40,3,54428.37,1,1,0,109638.78,0.49642903333078564,0,120,0,False,True,False
705,48,9,114169.16,1,0,0,173273.2,0.6588930146553843,0,432,0,True,False,True
550,57,5,0.0,1,1,1,133501.94,0.0,1,285,1,False,False,True
666,33,2,147229.65,1,1,1,56410.17,2.6099378899604457,1,66,0,False,False,False
608,37,5,146093.39,2,0,0,160593.41,0.9097040799863458,0,185,0,False,False,True
654,40,5,105683.63,1,1,0,173617.09,0.6087132395017133,0,200,0,False,True,True
726,27,7,123826.07,1,0,1,78970.58,1.5679826844036804,1,189,0,False,True,False
703,28,9,0.0,2,0,1,2151.17,0.0,2,252,1,False,False,True
738,35,3,0.0,1,1,1,15650.73,0.0,1,105,1,False,True,True
805,39,2,0.0,1,0,0,166650.32,0.0,0,78,1,False,False,True
624,27,9,94667.29,2,0,1,4470.52,21.171165509714815,2,243,0,True,False,True
541,39,9,100116.67,1,1,1,199808.1,0.5010616133099043,1,351,0,True,False,False
434,33,3,0.0,1,1,1,2739.71,0.0,1,99,1,False,True,True
625,55,8,118772.71,4,0,0,135853.62,0.8742633117666518,0,440,0,True,False,False
700,44,2,58781.76,1,1,0,16874.92,3.483173658087974,0,88,0,False,False,False
762,34,8,98592.88,1,0,1,191790.29,0.5140633862987208,1,272,0,True,False,False
682,33,8,74963.5,1,1,1,32770.56,2.2874559526613933,1,264,0,False,False,False
562,29,9,120307.58,1,1,1,6795.61,17.701115703269718,1,261,0,False,True,False
557,24,4,0.0,1,0,0,20515.72,0.0,0,96,1,False,False,False
563,30,7,90727.79,1,1,0,122268.75,0.7420297334377473,0,210,0,False,False,True
704,44,3,0.0,2,0,1,152884.85,0.0,2,132,1,False,False,True
525,35,7,165358.77,1,0,1,94738.54,1.7454039781067123,1,245,0,False,False,True
747,43,1,130788.71,1,0,1,101495.0,1.2886095018522898,1,43,0,False,False,True
593,36,2,70181.48,2,1,0,80608.12,0.8706394512184229,0,72,0,False,False,True
716,34,9,0.0,1,1,1,66695.71,0.0,1,306,1,False,True,True
551,31,9,82293.82,2,1,1,91565.25,0.8987352872919881,2,279,0,True,False,True
767,45,7,132746.2,2,1,0,26628.88,4.984859113146586,0,315,0,True,False,False
603,26,4,109166.37,1,1,1,92840.67,1.1758337608532892,1,104,0,True,False,True
735,43,10,123180.01,2,1,1,196673.28,0.6263147880851527,2,430,0,True,False,True
691,30,9,0.0,1,1,0,49594.02,0.0,0,270,1,False,False,True
527,53,8,0.0,1,1,1,51711.57,0.0,1,424,1,False,True,True
736,26,4,135889.13,1,1,1,165692.03,0.8201258073438575,1,104,0,False,True,False
603,35,9,145623.36,1,1,0,163181.62,0.8923950356968162,0,315,0,True,False,False
602,29,3,88814.4,2,1,1,62487.97,1.4212812277110662,2,87,0,False,False,False
715,31,7,0.0,1,1,1,149970.59,0.0,1,217,1,False,True,True
750,37,2,113817.06,1,0,0,88333.74,1.2884745005192746,0,74,0,False,True,False
682,48,9,101198.01,1,1,1,49732.9,2.034789348914925,1,432,0,False,True,False
585,38,5,0.0,1,1,1,87363.56,0.0,1,190,1,False,False,False
553,41,9,110112.54,2,0,0,81898.81,1.3444785769344276,0,369,0,True,False,True
637,33,5,0.0,2,1,0,139947.17,0.0,0,165,1,False,False,True
629,34,8,0.0,2,1,1,180595.02,0.0,2,272,1,False,True,True
760,32,2,0.0,1,1,1,114565.35,0.0,1,64,1,False,True,False
725,36,4,118520.26,1,0,0,131173.9,0.9035284951618031,0,144,0,False,True,False
382,36,0,0.0,1,1,1,179540.73,0.0,1,0,1,False,True,True
618,40,1,133245.52,2,1,1,54495.82,2.4450145898421227,2,40,0,True,False,False
636,34,8,0.0,2,1,0,38570.13,0.0,0,272,1,False,False,True
716,31,8,109578.04,2,1,1,51503.51,2.127542617141683,2,248,0,False,False,True
785,54,1,0.0,2,1,0,45113.92,0.0,0,54,1,False,True,False
679,38,7,110555.37,2,1,0,46522.68,2.3763247017432843,0,266,0,True,False,True
584,54,1,77354.37,1,0,0,138192.98,0.5597520962924722,0,54,0,True,False,False
570,33,8,0.0,1,1,1,124641.42,0.0,1,264,1,False,False,False
844,38,7,111501.66,1,1,1,119333.38,0.9343632572608161,1,266,0,False,False,True
425,39,4,0.0,2,1,0,197226.32,0.0,0,156,1,False,False,True
516,51,8,120124.35,2,0,1,168773.54,0.7117444965336597,2,408,0,False,False,True
620,35,0,76989.97,1,1,1,17242.79,4.464793992503968,1,0,0,True,False,True
547,32,2,0.0,2,1,0,132002.83,0.0,0,64,1,False,False,False
578,40,7,0.0,2,0,0,102233.73,0.0,0,280,1,False,False,False
563,61,1,82182.1,1,1,0,106826.92,0.7692942069825941,0,61,0,False,True,True
515,48,5,129387.94,1,0,1,147955.91,0.8744974465876585,1,240,0,False,False,True
543,36,4,0.0,2,1,1,141210.5,0.0,2,144,1,False,False,True
556,39,9,89588.35,1,1,1,94898.1,0.9440379308128317,1,351,0,False,False,False
525,33,5,0.0,2,1,0,161002.29,0.0,0,165,1,False,True,True
535,40,8,0.0,1,1,1,27689.77,0.0,1,320,1,False,False,False
698,52,1,107906.75,1,1,0,168886.39,0.6389272165316783,0,52,0,True,False,False
850,34,2,72079.71,1,1,1,115767.93,0.622617052779187,1,68,0,False,False,True
701,40,5,169742.64,1,1,1,153537.55,1.1055375995149104,1,200,0,False,False,True
598,59,8,118210.42,2,0,0,60192.14,1.96385202699178,0,472,0,True,False,True
581,38,3,135157.05,1,1,1,32919.42,4.105568823241016,1,114,0,True,False,False
589,41,7,92618.62,1,1,1,101178.85,0.91538601806585,1,287,0,True,False,False
601,50,2,115625.07,1,1,0,185855.21,0.6221211010382705,0,100,0,False,False,True
537,38,1,0.0,2,0,1,41233.97,0.0,2,38,1,False,True,False
637,41,9,0.0,2,1,0,145477.36,0.0,0,369,1,False,False,False
849,41,10,84622.13,1,1,1,198072.16,0.42722663686488366,1,410,0,True,False,True
600,36,4,0.0,2,1,0,143635.36,0.0,0,144,1,False,True,True
668,43,10,113034.31,1,1,1,100423.88,1.125560817199881,1,430,0,False,True,True
442,34,4,0.0,2,1,0,68343.08,0.0,0,136,1,False,False,True
632,31,3,136556.44,1,1,0,82152.83,1.662204184515804,0,93,0,False,True,True
850,30,10,153972.89,2,1,0,62811.03,2.451328033817726,0,300,0,False,False,True
765,42,4,123311.39,2,1,1,82868.34,1.4880218667121037,2,168,0,False,False,True
719,47,9,116393.59,1,1,0,63051.32,1.8459842556150194,0,423,0,False,True,False
437,26,1,120923.52,1,0,1,78854.57,1.53348102106167,1,26,0,False,False,False
746,25,3,104833.79,1,0,0,71911.3,1.4578005431616008,0,75,0,False,True,False
582,30,2,0.0,2,1,1,132029.95,0.0,2,60,1,False,False,True
583,40,4,0.0,2,1,0,114093.73,0.0,0,160,1,False,True,False
596,29,6,0.0,2,1,0,116696.77,0.0,0,174,1,False,True,False
744,29,6,123737.04,2,1,0,141558.04,0.8741020001265902,0,174,0,True,False,True
745,34,7,132944.53,1,1,1,31802.92,4.180130310980533,1,238,0,False,True,True
494,27,2,0.0,2,1,0,22404.64,0.0,0,54,1,False,True,True
722,37,2,0.0,1,0,0,120906.83,0.0,0,74,1,False,False,True
550,38,2,103391.38,1,0,1,90878.13,1.137680125238875,1,76,0,True,False,True
711,34,4,133467.77,2,1,1,42976.64,3.1055164964851487,2,136,0,True,False,True
703,36,7,135095.47,1,1,0,143859.66,0.9390716683768864,0,252,0,False,True,True
521,29,3,60280.62,1,1,0,154271.41,0.39074141643343746,0,87,0,False,True,True
611,38,7,0.0,1,1,1,63202.0,0.0,1,266,1,False,False,True
837,31,9,104678.62,1,0,1,50972.6,2.0535849930159924,1,279,0,False,True,True
624,34,6,0.0,1,1,0,582.59,0.0,0,204,1,False,True,False
594,31,9,0.0,1,0,1,5719.11,0.0,1,279,1,False,False,False
717,76,9,138489.66,1,1,1,68400.14,2.0246688870974956,1,684,0,False,False,False
564,33,2,115761.51,1,0,1,112350.21,1.030353923202073,1,66,0,True,False,False
803,37,1,0.0,2,0,0,7455.2,0.0,0,37,1,False,True,False
651,39,6,0.0,1,1,0,24176.44,0.0,0,234,1,False,False,False
427,40,8,0.0,2,1,1,82870.75,0.0,2,320,1,False,True,True
527,31,1,112203.25,1,1,0,182266.01,0.6155982368943232,0,31,0,False,False,False
606,47,0,137138.2,2,0,1,53784.22,2.549737641679257,2,0,0,True,False,False
718,43,0,93143.39,1,1,0,167554.86,0.5558945536133443,0,0,0,False,False,False
718,28,4,65643.3,1,1,0,28760.99,2.2822934018126007,0,112,0,True,False,True
796,56,6,94231.13,1,0,0,121164.6,0.7777053057963647,0,336,0,False,True,True
539,39,3,139153.68,2,1,0,147662.33,0.9423712711883174,0,117,0,False,False,True
660,35,6,100768.77,1,1,0,19199.61,5.248206697599712,0,210,0,False,False,False
575,41,2,100062.39,1,0,0,126307.25,0.7922078724073843,0,82,0,False,True,True
833,37,8,151226.18,2,1,1,136129.49,1.1108913219955354,2,296,0,False,False,True
677,42,5,99580.13,1,1,0,21007.96,4.739888599911657,0,210,0,False,False,True
622,32,5,179305.09,1,1,1,149043.78,1.2030283113571638,1,160,0,False,False,True
654,38,8,0.0,2,1,0,88659.44,0.0,0,304,1,False,False,True
707,35,3,56674.48,1,1,0,17987.4,3.150612617019857,0,105,0,False,True,False
677,36,10,68806.84,1,1,0,33075.24,2.0802497502739126,0,360,0,True,False,False
850,28,2,101100.22,2,1,1,35337.31,2.860924022682466,2,56,0,True,False,True
558,58,2,142537.18,1,1,1,88791.83,1.6052780387785814,1,116,0,True,False,True
536,35,8,0.0,2,1,0,64833.28,0.0,0,280,1,False,False,True
750,43,6,113882.31,1,1,1,74564.41,1.527280678802678,1,258,0,False,False,True
724,36,1,0.0,2,1,0,52462.25,0.0,0,36,1,False,True,True
617,24,4,137295.19,2,1,1,91195.12,1.5054937644276973,2,96,0,False,False,False
757,34,9,101861.36,2,0,0,187011.96,0.5446754064531143,0,306,0,True,False,False
787,51,0,58137.08,1,0,1,142538.31,0.407866994725876,1,0,0,False,False,True
707,57,1,92053.0,1,1,1,164064.44,0.5610748979187816,1,57,0,False,False,False
712,38,7,132767.66,2,1,1,59115.77,2.245854433521994,2,266,0,True,False,True
644,18,8,0.0,2,1,0,59172.42,0.0,0,144,1,False,True,True
696,33,2,163139.27,1,1,1,7035.36,23.18517955306437,1,66,0,False,False,True
695,46,3,122549.64,1,1,1,56297.85,2.176769862972334,1,138,0,False,True,True
620,41,3,0.0,2,1,1,137309.06,0.0,2,123,1,False,False,True
558,31,7,0.0,1,1,0,198269.08,0.0,0,217,1,False,False,True
717,28,1,90537.16,1,0,1,74800.99,1.2103576388809976,1,28,0,False,False,False
686,22,5,0.0,2,1,0,158974.45,0.0,0,110,1,False,True,True
608,28,4,96679.71,1,1,1,49133.45,1.9676562981777554,1,112,0,True,False,True
706,28,6,124923.35,2,1,1,50299.14,2.4835586938724226,2,168,0,True,False,False
760,34,6,121303.77,2,1,1,59325.21,2.044691039592787,2,204,0,True,False,True
643,33,0,137811.75,1,1,1,184856.89,0.745501044072287,1,0,0,False,False,False
581,34,1,0.0,2,0,1,81175.25,0.0,2,34,1,False,True,True
555,27,5,0.0,2,0,0,96398.51,0.0,0,135,1,False,True,True
513,44,1,63562.02,2,0,1,52629.73,1.2076978601664843,2,44,0,False,False,True
688,34,9,91025.58,2,0,1,163783.0,0.5557660088897572,2,306,0,True,False,False
637,36,2,152606.82,1,1,1,71692.8,2.1285915936942943,1,72,0,False,False,True
676,41,4,101457.14,1,1,1,79101.67,1.2826007010888507,1,164,0,False,False,False
593,43,9,0.0,2,1,1,76357.43,0.0,2,387,1,False,False,True
637,28,3,123675.69,1,1,1,166458.41,0.7429780629403889,1,84,0,True,False,True
584,26,0,146286.22,1,1,0,105105.35,1.3917924083559174,0,0,0,False,False,False
691,38,7,0.0,2,0,0,81617.4,0.0,0,266,1,False,False,True
773,52,2,0.0,2,1,0,57337.79,0.0,0,104,1,False,True,True
661,28,7,95357.49,1,0,0,102297.15,0.9321526342362986,0,196,0,False,True,False
850,46,3,0.0,2,1,1,187980.21,0.0,2,138,1,False,False,False
648,32,8,0.0,1,1,0,133653.38,0.0,0,256,1,False,True,True
508,25,2,111395.53,1,0,1,48197.06,2.3112036044604287,1,50,0,False,False,False
715,21,6,76467.16,1,1,1,173511.72,0.44070060108561493,1,126,0,False,False,True
585,39,7,165610.41,2,0,0,131852.01,1.256022975888074,0,273,0,True,False,False
531,37,1,143407.29,2,0,1,84402.46,1.6990688533384768,2,37,0,False,True,True
599,28,4,126833.79,2,1,0,60843.09,2.084570415959874,0,112,0,False,True,False
582,43,5,153313.67,1,0,0,170563.73,0.8988591603903104,0,215,0,False,False,False
677,18,8,134796.87,2,1,1,114858.9,1.1735764178795212,2,144,0,False,True,True
630,28,9,0.0,2,0,0,32599.35,0.0,0,252,1,False,False,True
778,31,9,182275.23,2,1,0,190631.23,0.956161662694708,0,279,0,True,False,True
566,65,4,120100.41,1,1,0,107563.16,1.1165467196508576,0,260,0,True,False,True
602,33,5,164704.38,1,0,1,180716.1,0.9113934431218739,1,165,0,False,False,True
457,41,8,73700.12,3,1,1,185750.02,0.396768319226457,3,328,0,False,False,True
601,26,7,105514.69,2,1,0,50070.59,2.10727660136217,0,182,0,True,False,False
724,36,6,94615.11,2,1,1,10627.21,8.902261998963137,2,216,0,True,False,True
629,43,0,0.0,2,1,1,41263.69,0.0,2,0,1,False,False,False
627,41,3,0.0,2,1,0,132719.8,0.0,0,123,1,False,False,True
429,60,7,0.0,2,1,1,163691.48,0.0,2,420,1,False,False,True
798,34,9,154495.79,1,1,0,191395.88,0.8072011936662709,0,306,0,False,False,True
669,29,7,0.0,2,1,1,138145.62,0.0,2,203,1,False,False,True
653,55,7,0.0,2,1,1,41967.03,0.0,2,385,1,False,True,True
676,26,1,108348.66,1,0,0,60231.74,1.7988333255302682,0,26,0,True,False,False
684,56,8,78707.16,1,1,1,99398.36,0.7918276334978415,1,448,0,False,True,True
665,28,8,137300.23,1,1,0,90174.83,1.5225834904985074,0,224,0,False,False,True
562,33,8,92659.2,2,1,0,1354.25,68.3705589374654,0,264,0,True,False,True
528,22,5,93547.23,2,0,1,961.57,97.18485928296123,2,110,0,True,False,True
636,30,8,141787.31,2,1,1,109685.61,1.2926583290339633,2,240,0,True,False,True
668,37,6,167864.4,1,1,0,115638.29,1.4516208115771032,0,222,0,True,False,False
607,27,5,100912.19,1,0,0,7631.27,13.221779365771912,0,135,0,False,True,False
516,32,3,145166.09,2,0,0,111421.45,1.3028441754781015,0,96,0,True,False,True
624,40,3,149961.99,2,1,0,104610.86,1.4335084951170927,0,120,0,True,False,False
769,45,5,126674.81,1,1,0,124118.71,1.0205857715909905,0,225,0,True,False,False
850,41,3,136416.82,1,0,1,57844.26,2.358305935525227,1,123,0,False,False,True
672,68,0,126061.51,2,1,1,184936.77,0.6816428574866021,2,0,0,True,False,True
466,41,3,33563.95,2,1,0,178994.13,0.18751320217483008,0,123,0,False,False,False
675,33,0,141816.25,1,1,0,64815.05,2.1879804462012107,0,0,0,True,False,False
850,33,7,118004.26,1,1,0,183983.82,0.6413804138841454,0,231,0,False,False,False
647,41,1,85906.65,3,1,0,189159.97,0.45414574687368114,0,41,0,True,False,False
635,37,3,0.0,2,1,0,91086.73,0.0,0,111,1,False,True,False
789,32,7,69423.52,1,1,0,107499.39,0.6457978431520109,0,224,0,False,False,False
612,42,5,141927.1,1,1,1,43018.98,3.2990973031600666,1,210,0,True,False,True
714,44,7,0.0,1,0,1,6923.11,0.0,1,308,1,False,True,True
748,60,0,152335.7,1,1,0,126743.33,1.2019133321388027,0,0,0,False,False,True
622,42,9,115766.26,1,0,0,72155.85,1.604369647510943,0,378,0,True,False,True
753,35,3,0.0,2,1,1,184843.77,0.0,2,105,1,False,False,True
705,33,7,68423.89,1,1,1,64872.55,1.0547270806052698,1,231,0,False,True,True
554,43,10,0.0,2,1,0,149629.13,0.0,0,430,1,False,False,False
504,43,7,102365.49,1,1,0,194690.77,0.5257823173521922,0,301,0,True,False,False
525,36,2,114628.4,1,0,1,168290.06,0.6811318438424477,1,72,0,False,False,True
597,29,5,0.0,2,1,1,174825.57,0.0,2,145,1,False,False,False
591,42,10,0.0,2,0,0,171099.22,0.0,0,420,1,False,False,False
583,33,7,122531.86,1,1,0,13549.24,9.04278153006884,0,231,0,False,False,True
544,30,4,73218.89,1,0,1,126796.69,0.5774465607378179,1,120,0,False,False,True
850,31,4,0.0,2,1,1,33082.81,0.0,2,124,1,False,False,False
601,42,4,96763.89,1,1,1,199242.65,0.4856560798800865,1,168,0,False,True,False
669,39,3,119452.03,1,1,1,171575.54,0.6962025810754779,1,117,0,False,False,True
492,35,8,121063.49,1,0,0,85421.48,1.4172322086645108,0,280,0,False,False,True
630,21,1,85818.18,1,1,1,133102.3,0.644748702699332,1,21,0,False,True,False
658,31,2,36566.96,1,1,0,103644.98,0.3528063510036762,0,62,0,False,True,False
639,60,5,162039.78,1,1,1,84361.72,1.9207510141920507,1,300,0,False,False,False
493,54,3,167831.88,2,1,0,150159.95,1.1176799294357154,0,162,0,False,False,True
598,39,5,0.0,2,1,1,83103.46,0.0,2,195,1,False,True,False
576,63,3,148843.56,1,1,0,69414.13,2.1442524129825875,0,189,0,True,False,True
650,23,4,93911.3,2,1,0,69055.45,1.3599207604792891,0,92,0,True,False,True
709,30,9,115479.48,2,1,1,134732.99,0.8570924085303196,2,270,0,True,False,True
644,26,8,96659.64,2,1,1,138775.69,0.6965120727407463,2,208,0,False,True,True
613,50,5,101242.98,2,1,0,12493.61,8.102932384444172,0,250,0,True,False,False
749,30,1,0.0,2,0,1,126551.65,0.0,2,30,1,False,False,True
634,36,1,69518.95,1,1,0,116238.39,0.5980670579912712,0,36,0,False,False,False
437,43,6,0.0,1,1,0,148330.97,0.0,0,258,1,False,False,False
595,39,9,136422.41,1,1,1,151757.81,0.8989422755753027,1,351,0,False,False,False
573,23,2,0.0,1,1,0,122964.18,0.0,0,46,1,False,False,False
636,39,3,118336.14,1,1,0,184691.77,0.6407188543438923,0,117,0,False,False,False
648,44,9,111369.79,2,1,1,91947.74,1.2112160536403216,2,396,0,True,False,True
756,39,5,149363.12,2,1,1,109098.39,1.3690555006769516,2,195,0,True,False,False
622,35,5,0.0,2,1,0,51112.8,0.0,0,175,1,False,False,False
526,43,3,0.0,2,1,0,31705.19,0.0,0,129,1,False,True,False
668,69,9,0.0,1,0,1,134483.07,0.0,1,621,1,False,True,False
850,48,6,111962.99,1,1,0,111755.8,1.0018449884033902,0,288,0,True,False,False
783,37,1,136689.66,1,1,0,197890.65,0.6907298008784101,0,37,0,False,True,False
600,46,10,95502.21,1,0,0,19842.18,4.81284804149335,0,460,0,False,False,True
685,43,9,108589.47,2,0,1,194808.51,0.557413598545574,2,387,0,True,False,True
675,34,10,84944.58,1,0,0,146230.63,0.5808906048575126,0,340,0,False,False,False
567,45,4,0.0,2,0,1,121053.19,0.0,2,180,1,False,False,False
630,40,8,0.0,2,1,1,42495.81,0.0,2,320,1,False,False,True
561,56,7,152759.0,2,1,0,133167.11,1.147113974959921,0,392,0,False,False,True
720,29,2,0.0,2,1,0,39925.52,0.0,0,58,1,False,False,True
652,40,4,79927.36,2,1,1,33524.6,2.384069487197843,2,160,0,False,False,False
651,34,2,90355.12,2,0,0,193597.94,0.4667128859279911,0,68,0,True,False,True
648,43,1,107963.38,1,0,0,186438.86,0.5790788514859431,0,43,0,True,False,False
711,28,8,0.0,2,0,0,105159.89,0.0,0,224,1,False,False,False
689,31,3,139799.63,1,0,1,120663.57,1.1585806007513224,1,93,0,False,True,False
705,25,0,97544.29,1,0,1,59887.15,1.6287744737481453,1,0,0,False,False,True
660,31,6,172325.67,1,0,1,45438.38,3.792430046360668,1,186,0,False,False,False
587,32,3,125445.04,2,1,1,130514.78,0.9611484527005086,2,96,0,True,False,False
467,28,10,126315.26,1,1,0,32349.29,3.9046098195719416,0,280,0,True,False,True
634,74,5,108891.7,1,1,0,10078.02,10.80379838516046,0,370,0,True,False,True
578,39,2,0.0,2,1,0,70563.9,0.0,0,78,1,False,False,True
850,63,8,169832.57,1,0,0,184107.26,0.9224603502308913,0,504,0,False,False,True
714,28,7,77776.39,1,1,0,177737.07,0.4375899321962931,0,196,0,True,False,True
718,35,3,97560.16,1,1,1,53511.74,1.8231202513644416,1,105,0,False,False,True
524,28,1,93577.3,1,1,1,51670.82,1.8109929164484626,1,28,0,False,False,True
601,44,4,0.0,2,1,0,58561.31,0.0,0,176,1,False,True,False
733,40,5,125725.02,2,1,1,50783.1,2.475676835860043,2,200,0,True,False,True
755,30,6,154221.37,2,0,1,62688.55,2.460080986384493,2,180,0,True,False,False
555,26,7,0.0,2,1,0,93122.41,0.0,0,182,1,False,False,False
522,32,8,124450.36,2,1,1,165786.1,0.750663712677283,2,256,0,True,False,True
850,38,1,0.0,2,1,1,80006.65,0.0,2,38,1,False,False,True
624,42,3,145155.37,1,1,0,72169.95,2.011271432619357,0,126,0,False,False,True
616,37,5,144235.73,2,0,0,154957.66,0.9308013505021275,0,185,0,False,False,True
679,50,6,132598.38,2,1,1,184017.98,0.7205690413021526,2,300,0,True,False,False
769,38,2,0.0,2,0,0,75578.67,0.0,0,76,1,False,False,False
526,61,6,133845.28,2,1,1,45180.8,2.9623715743949997,2,366,0,True,False,True
646,36,6,124445.52,1,1,0,88481.32,1.406445038963716,0,216,0,False,False,True
588,37,7,70258.88,2,1,0,139607.61,0.5032560670864069,0,259,0,True,False,False
419,27,2,121580.42,1,0,1,134720.51,0.9024573729911429,1,54,0,False,True,False
759,38,1,104091.29,1,0,0,91561.91,1.136828110858425,0,38,0,False,False,False
647,42,9,0.0,2,1,1,51362.82,0.0,2,378,1,False,False,False
554,43,5,99906.89,1,0,0,24983.39,3.998772433507482,0,215,0,True,False,True
710,54,6,171137.62,1,1,1,167023.95,1.0246230877482674,1,324,0,False,False,True
632,32,6,111589.33,1,1,1,170382.99,0.6549284941619222,1,192,0,False,False,True
570,43,9,0.0,2,0,1,11417.26,0.0,2,387,1,False,False,False
740,31,8,0.0,2,0,0,86657.48,0.0,0,248,1,False,True,False
653,36,3,0.0,2,0,0,110525.6,0.0,0,108,1,False,True,False
641,41,7,104405.54,3,1,0,17384.21,6.0054230003549,0,287,0,True,False,True
481,37,8,152303.66,2,1,1,175082.2,0.8698930565582534,2,296,0,False,False,True
535,29,5,0.0,2,0,1,52709.55,0.0,2,145,1,False,False,False
528,36,7,0.0,2,1,0,60536.56,0.0,0,252,1,False,True,True
756,32,4,0.0,2,1,0,147040.25,0.0,0,128,1,False,False,False
677,44,4,148770.61,2,1,1,191057.76,0.778664165935129,2,176,0,True,False,False
668,46,7,161806.09,1,1,1,173052.19,0.935007843542208,1,322,0,True,False,False
617,37,9,101707.8,1,1,0,123866.28,0.8211030386717139,0,333,0,False,True,False
727,58,5,106913.43,1,1,0,25881.0,4.130802488215748,0,290,0,True,False,True
716,22,8,0.0,2,1,1,92606.98,0.0,2,176,1,False,False,False
452,32,5,0.0,2,0,1,75279.39,0.0,2,160,1,False,False,False
599,38,9,89111.63,1,0,0,157239.6,0.5667215083127386,0,342,0,True,False,True
439,43,8,0.0,1,0,1,104889.3,0.0,1,344,1,False,False,False
627,31,8,128131.73,1,1,0,96131.47,1.3328663041738134,0,248,0,False,False,True
543,41,4,0.0,1,0,0,194902.16,0.0,0,164,1,False,True,False
683,42,8,0.0,2,0,1,198134.9,0.0,2,336,1,False,False,False
648,43,7,81153.82,1,1,1,144532.85,0.5614865998518687,1,301,0,False,True,False
699,28,7,0.0,2,1,1,22684.78,0.0,2,196,1,False,False,True
665,63,7,104469.58,1,1,1,25165.36,4.151159722740992,1,441,0,True,False,True
673,35,6,0.0,2,1,0,98618.79,0.0,0,210,1,False,True,False
657,38,5,123770.46,1,0,0,47019.66,2.632256969595918,0,190,0,True,False,False
707,33,2,0.0,2,0,0,130866.95,0.0,0,66,1,False,False,True
677,39,0,111213.64,2,1,1,147578.26,0.7535858358417029,2,0,0,True,False,False
727,52,1,154733.97,1,1,0,80259.67,1.9278928272091425,0,52,0,False,True,False
850,38,5,146756.68,1,1,0,78268.61,1.8750148365374504,0,190,0,True,False,True
554,38,4,137654.05,2,1,1,172629.67,0.7973904636991792,2,152,0,False,False,False
498,45,7,109200.74,2,0,1,165990.44,0.6578697070162173,2,315,0,True,False,True
749,34,2,0.0,1,0,0,174189.04,0.0,0,68,1,False,True,True
684,36,5,174180.39,1,1,0,119830.08,1.453549362986631,0,180,0,False,True,False
527,33,9,132168.28,1,0,0,98734.15,1.3386142624992214,0,297,0,False,True,True
593,38,5,85626.6,1,1,1,125079.65,0.6845711147167848,1,190,0,True,False,False
561,49,1,102025.32,1,1,0,133051.64,0.7668041761516344,0,49,0,True,False,False
628,32,9,149136.31,2,1,1,16402.11,9.091953294222863,2,288,0,False,False,True
652,26,1,131908.35,1,1,1,179269.79,0.7358050354996484,1,26,0,True,False,False
741,32,8,0.0,2,1,0,143598.7,0.0,0,256,1,False,False,True
767,34,8,0.0,2,1,0,94767.77,0.0,0,272,1,False,False,False
470,34,9,0.0,2,0,1,89013.67,0.0,2,306,1,False,True,True
707,52,7,0.0,1,1,0,109688.82,0.0,0,364,1,False,True,False
679,48,8,0.0,2,1,0,23344.94,0.0,0,384,1,False,False,True
660,52,4,86891.84,1,1,0,90877.76,0.9561292429606214,0,208,0,True,False,False
670,35,2,124268.64,2,0,1,84321.03,1.4737387133587747,2,70,0,False,True,True
776,31,2,0.0,2,1,1,112349.51,0.0,2,62,1,False,False,False
577,39,10,0.0,2,1,0,10553.31,0.0,0,390,1,False,False,False
631,31,8,137687.72,1,1,0,190067.12,0.7244124895853129,0,248,0,False,False,False
752,38,10,101648.5,2,1,0,172001.44,0.5909712676169012,0,380,0,True,False,False
748,40,0,0.0,1,0,0,60416.76,0.0,0,0,1,False,False,True
684,31,8,0.0,2,1,0,188637.05,0.0,0,248,1,False,True,False
648,33,7,134944.0,1,1,1,117036.38,1.1529991529202037,1,231,0,False,False,True
587,45,6,0.0,1,0,0,158684.81,0.0,0,270,1,False,True,True
547,62,10,127738.75,2,1,1,85153.0,1.5000910115790216,2,620,0,False,False,True
559,40,5,139129.44,1,0,1,32635.54,4.262996016121807,1,200,0,False,True,False
614,39,8,125997.22,1,1,1,128049.34,0.9839663057513163,1,312,0,True,False,False
790,40,9,0.0,2,1,1,70607.1,0.0,2,360,1,False,False,False
427,37,5,0.0,2,1,1,121485.1,0.0,2,185,1,False,False,True
700,28,8,159900.38,1,0,0,22698.56,7.044206143202776,0,224,0,False,True,True
749,40,1,139290.41,1,1,0,182855.42,0.7617474409703525,0,40,0,False,False,True
734,43,3,55853.33,2,0,1,94811.85,0.5890902973594824,2,129,0,False,True,False
792,70,3,0.0,2,1,1,172240.27,0.0,2,210,1,False,False,False
473,33,5,125827.43,1,0,1,145698.73,0.8636078460818012,1,165,0,False,False,False
640,32,6,118879.35,2,1,1,19131.71,6.213408868895207,2,192,0,False,True,False
580,33,7,131647.01,2,0,0,79775.19,1.6502042777425194,0,231,0,True,False,False
749,54,3,144768.94,1,1,0,93336.3,1.5510298669449405,0,162,0,True,False,True
628,30,8,89182.09,1,1,1,13126.9,6.793324903449904,1,240,0,False,False,True
533,36,7,85311.7,1,0,1,156731.91,0.5443126143705237,1,252,0,False,False,True
497,41,5,80542.81,1,0,0,88729.22,0.9077269277592234,0,205,0,True,False,True
573,56,3,154669.77,1,0,1,115462.27,1.3395581988973635,1,168,0,False,True,True
808,25,7,0.0,2,0,1,23180.37,0.0,2,175,1,False,True,True
638,34,5,133501.36,1,0,1,155643.04,0.857735124325994,1,170,0,False,False,True
648,27,7,0.0,2,1,1,163060.43,0.0,2,189,1,False,True,False
613,27,5,125167.74,1,1,0,199104.52,0.6286502754921109,0,135,0,False,False,False
624,36,10,0.0,2,0,1,186180.42,0.0,2,360,1,False,True,False
675,39,7,0.0,2,0,1,36267.21,0.0,2,273,1,False,False,True
454,34,4,0.0,2,1,0,198817.72,0.0,0,136,1,False,False,True
691,41,2,0.0,1,1,1,56850.92,0.0,1,82,1,False,False,True
644,34,10,122196.99,2,1,1,182099.71,0.6710407114832228,2,340,0,True,False,False
787,35,1,106266.8,1,1,1,16607.15,6.398473038839365,1,35,0,False,False,False
598,23,6,0.0,2,1,0,153229.19,0.0,0,138,1,False,True,False
516,43,2,112773.73,2,1,1,139366.58,0.8091819489152355,2,86,0,False,False,False
466,41,2,152102.18,2,1,0,181879.56,0.8362750807452979,0,82,0,True,False,True
555,55,4,146798.81,1,1,1,74149.77,1.9797341281823504,1,220,0,False,False,True
625,31,5,0.0,2,0,1,90.07,0.0,2,155,1,False,False,True
841,33,7,154969.79,2,1,1,99505.75,1.5573796752481617,2,231,0,True,False,False
750,37,1,133199.71,2,1,1,27366.77,4.8670282598837975,2,37,0,True,False,False
714,33,10,103121.33,2,1,1,49672.01,2.0760032460283764,2,330,0,False,True,False
704,36,3,114370.41,1,0,1,66810.48,1.7118376961564092,1,108,0,False,False,True
670,42,5,49508.79,3,1,1,100324.01,0.4934840275620207,3,210,0,True,False,False
532,39,0,0.0,2,1,0,94977.3,0.0,0,0,1,False,True,False
677,43,3,133214.88,2,1,1,95936.84,1.3885540887724803,2,129,0,False,True,False
803,50,8,98173.02,1,0,0,22457.25,4.371356628410495,0,400,0,True,False,False
850,36,3,169025.83,1,1,0,174235.06,0.9700967182109145,0,108,0,True,False,False
730,38,5,118866.36,1,1,1,163317.5,0.7278193223670313,1,190,0,False,True,True
725,45,8,116917.07,1,0,0,173464.43,0.6740078988649209,0,360,0,True,False,True
729,45,7,91091.06,2,1,0,71133.12,1.2805536920960012,0,315,0,False,True,False
602,33,5,0.0,2,0,1,64038.34,0.0,2,165,1,False,True,True
663,34,10,0.0,1,1,1,114083.73,0.0,1,340,1,False,False,True
717,41,3,135756.96,1,1,1,103706.41,1.309038187338783,1,123,0,False,False,False
653,31,7,102575.04,1,1,1,11043.54,9.287398117078665,1,217,0,False,False,False
474,33,5,0.0,2,1,0,181945.52,0.0,0,165,1,False,False,True
699,39,9,0.0,1,1,0,80963.92,0.0,0,351,1,False,False,True
688,36,0,89772.3,1,1,0,177383.68,0.5060882371577974,0,0,0,False,True,True
586,32,1,149814.54,1,1,0,31830.06,4.706552028113421,0,32,0,True,False,True
689,28,3,0.0,2,1,1,192449.02,0.0,2,84,1,False,True,False
850,42,0,0.0,2,1,0,44165.84,0.0,0,0,1,False,False,True
595,26,8,118547.72,1,1,1,151192.18,0.7840811338183377,1,208,0,True,False,False
645,31,7,161171.7,2,1,0,12599.94,12.790450553688853,0,217,0,False,False,True
696,28,8,0.0,1,0,0,176713.47,0.0,0,224,1,False,True,True
850,38,7,115378.94,1,0,1,162087.82,0.7118254053549159,1,266,0,False,True,True
578,37,1,135650.88,1,1,0,199428.19,0.6801957125734703,0,37,0,True,False,True
709,28,8,124695.72,2,1,0,145251.35,0.8584764377306116,0,224,0,True,False,True
468,36,3,61636.97,1,0,0,107787.42,0.5718329482888793,0,108,0,False,False,True
550,44,9,0.0,2,1,0,26257.01,0.0,0,396,1,False,False,True
561,49,5,94754.0,1,1,1,26691.31,3.5498613645652997,1,245,0,True,False,True
648,23,9,168372.52,1,1,0,134676.72,1.2501883756273866,0,207,0,False,False,True
776,37,2,0.0,1,0,1,8065.0,0.0,1,74,1,False,False,True
550,34,8,122359.5,1,0,0,116495.55,1.0503272414504978,0,272,0,False,False,True
512,75,2,0.0,1,1,0,123304.62,0.0,0,150,1,False,False,False
602,23,7,113758.48,2,0,0,84077.6,1.35300159612553,0,161,0,False,False,True
781,28,4,0.0,2,1,0,177703.15,0.0,0,112,1,False,False,False
731,40,5,171325.98,1,1,1,159718.27,1.0726694405753296,1,200,0,False,True,False
711,28,8,0.0,2,1,1,64286.39,0.0,2,224,1,False,False,True
720,26,10,51962.91,2,1,0,45507.24,1.1418351929233037,0,260,0,False,False,True
748,27,2,90971.85,1,1,1,131662.47,0.6909422180654968,1,54,0,True,False,False
538,37,1,134752.08,1,1,0,162511.55,0.8291795310577552,0,37,0,False,False,True
656,75,3,0.0,2,1,1,1276.87,0.0,2,225,1,False,False,False
585,36,5,146050.97,2,0,0,86424.57,1.6899046196629075,0,180,0,True,False,True
738,35,6,101744.84,1,0,0,85185.44,1.194378354113636,0,210,0,True,False,True
659,38,9,0.0,2,1,1,35701.06,0.0,2,342,1,False,True,False
614,40,3,113348.5,1,1,1,77789.01,1.45710869557672,1,120,0,False,True,False
620,25,1,137712.01,1,1,1,76197.05,1.8072904752811916,1,25,0,True,False,False
757,43,5,131433.33,2,1,1,3497.43,37.569232484285806,2,215,0,True,False,False
551,50,1,121399.98,1,0,1,84508.44,1.4365256709782954,1,50,0,True,False,True
593,46,7,98752.51,1,1,0,145560.38,0.6784252114125325,0,322,0,False,False,False
708,34,4,0.0,1,1,1,62868.33,0.0,1,136,1,False,False,False
683,40,4,95053.1,1,1,1,116816.54,0.8136885950517363,1,160,0,False,True,True
600,40,1,141136.79,1,1,1,67803.83,2.081515284383133,1,40,0,False,False,True
731,25,8,96950.21,1,1,0,97877.92,0.9905116443867588,0,200,0,False,True,True
791,31,1,130240.33,1,0,0,96546.55,1.3489760226955525,0,31,0,True,False,True
756,23,1,112568.31,1,1,1,113408.11,0.9925861335125546,1,23,0,False,False,False
701,30,3,156660.72,2,1,0,45742.42,3.424770600886423,0,90,0,False,False,True
763,37,6,0.0,2,1,1,149705.25,0.0,2,222,1,False,True,False
757,30,6,161378.02,1,0,0,71926.28,2.243627452616031,0,180,0,True,False,False
479,35,4,138718.92,1,1,1,47251.79,2.935676814003999,1,140,0,True,False,True
654,31,5,150593.59,2,1,1,105218.45,1.4312333888838993,2,155,0,True,False,True
746,21,8,166883.07,2,0,1,194563.65,0.857725542640968,2,168,0,False,False,False
645,38,1,68079.8,1,0,1,166264.89,0.4094634203082785,1,38,0,False,True,True
681,33,10,0.0,1,0,0,158336.36,0.0,0,330,1,False,True,True
610,33,4,111582.11,1,0,0,113943.17,0.9792700232052242,0,132,0,False,False,True
838,34,8,0.0,2,1,0,27472.07,0.0,0,272,1,False,False,False
630,37,6,0.0,2,1,1,82647.65,0.0,2,222,1,False,False,True
785,36,4,135438.4,1,0,0,190627.01,0.7104853059107106,0,144,0,False,False,False
655,37,1,0.0,1,1,1,106040.97,0.0,1,37,1,False,True,True
701,35,10,159693.9,2,1,1,71173.64,2.2436910112927864,2,350,0,False,True,True
666,43,5,0.0,2,1,0,29346.1,0.0,0,215,1,False,True,True
529,29,8,0.0,2,1,0,19842.11,0.0,0,232,1,False,False,False
636,37,9,157098.52,1,1,1,153535.27,1.0232013582197874,1,333,0,True,False,False
551,36,5,0.0,1,1,0,183479.12,0.0,0,180,1,False,False,False
601,44,3,0.0,2,1,0,30607.11,0.0,0,132,1,False,False,True
592,38,4,0.0,2,1,0,35338.96,0.0,0,152,1,False,False,False
472,40,4,0.0,1,1,0,70154.22,0.0,0,160,1,False,True,True
594,28,5,185013.02,1,1,0,16481.12,11.225074201619694,0,140,0,True,False,True
415,32,5,145807.59,1,1,1,3064.65,47.56172100533329,1,160,0,False,False,True
604,40,5,155455.43,1,0,1,113581.85,1.3686523097457053,1,200,0,False,True,True
745,40,6,131184.67,1,1,1,49815.62,2.633351479887636,1,240,0,False,False,False
539,36,6,0.0,3,1,1,118959.64,0.0,3,216,1,False,True,True
704,39,5,0.0,1,1,0,6416.92,0.0,0,195,1,False,False,True
709,37,7,0.0,1,1,0,159486.76,0.0,0,259,1,False,False,True
619,41,8,0.0,3,1,1,79866.73,0.0,3,328,1,False,True,False
618,34,5,134954.53,1,1,1,151954.39,0.8881194013585171,1,170,0,False,False,True
667,44,2,122806.95,1,0,0,15120.86,8.121153746959699,0,88,0,False,False,True
614,41,7,146997.64,2,0,0,137791.18,1.066806839110899,0,287,0,False,True,False
792,47,0,0.0,1,1,1,5557.88,0.0,1,0,1,False,True,True
774,42,3,137781.65,1,0,0,199316.19,0.6912682744523941,0,126,0,False,False,False
729,42,4,97495.8,2,0,0,2002.5,48.66274020464188,0,168,0,True,False,False
657,31,3,125167.02,1,0,0,98820.39,1.2665984560630041,0,93,0,False,True,True
544,37,2,79731.91,1,1,1,57558.95,1.385197693882639,1,74,0,True,False,True
652,58,6,0.0,2,0,1,170025.43,0.0,2,348,1,False,True,True
749,22,4,94762.16,2,1,1,42241.54,2.243287453832085,2,88,0,True,False,True
799,28,7,167658.33,2,1,1,111138.25,1.5085429315025969,2,196,0,True,False,True
499,28,4,141792.61,1,1,1,22001.91,6.444266235693369,1,112,0,False,False,False
664,25,6,172812.72,2,1,1,108008.65,1.5999748170649568,2,150,0,True,False,True
657,37,0,163607.18,1,0,1,44203.55,3.701138909908595,1,0,0,False,True,False
678,40,4,113794.22,1,1,0,16618.76,6.84692318059948,0,160,0,False,True,False
474,37,5,142688.57,2,1,1,110953.33,1.2860117311329806,2,185,0,True,False,False
564,28,1,0.0,1,1,1,162428.05,0.0,1,28,1,False,False,False
558,47,9,0.0,2,1,0,103787.28,0.0,0,423,1,False,False,False
616,37,6,0.0,2,1,0,86242.18,0.0,0,222,1,False,False,False
503,37,8,0.0,2,1,1,97893.32,0.0,2,296,1,False,False,False
661,41,5,0.0,1,0,1,88279.6,0.0,1,205,1,False,False,True
726,44,2,0.0,2,1,1,26733.86,0.0,2,88,1,False,False,False
790,46,8,182364.53,1,0,0,139266.48,1.3094552296056479,0,368,0,False,True,True
793,63,0,0.0,2,0,1,27166.75,0.0,2,0,1,False,True,True
591,49,3,0.0,2,1,0,50123.44,0.0,0,147,1,False,False,True
606,37,8,154712.58,2,1,0,89099.18,1.7363890847358558,0,296,0,False,True,True
850,50,10,0.0,2,1,1,33741.84,0.0,2,500,1,False,True,False
687,31,3,0.0,2,0,0,48228.1,0.0,0,93,1,False,True,True
679,47,10,198546.1,2,1,0,191198.92,1.0384214595905688,0,470,0,False,False,True
715,37,9,165252.52,1,1,0,85286.3,1.9375982121605442,0,333,0,False,False,True
557,48,10,0.0,2,1,1,185094.48,0.0,2,480,1,False,True,True
817,34,5,129278.43,1,0,0,165562.84,0.7808373495082017,0,170,0,False,False,True
504,32,8,170291.22,2,0,1,15658.99,10.874286637475503,2,256,0,True,False,True
545,30,3,0.0,2,1,0,170307.43,0.0,0,90,1,False,False,True
614,27,9,106414.57,2,0,0,77500.81,1.3730591582312723,0,243,0,False,False,False
683,30,8,110829.52,2,0,0,24938.84,4.443874539692316,0,240,0,False,False,True
850,31,4,0.0,2,0,0,152298.28,0.0,0,124,1,False,False,True
499,38,9,0.0,2,0,1,183042.2,0.0,2,342,1,False,False,False
684,37,4,138476.41,2,1,1,52367.29,2.6442797731222463,2,148,0,True,False,True
726,34,9,0.0,2,0,0,14121.61,0.0,0,306,1,False,False,True
637,43,8,0.0,1,1,0,12156.93,0.0,0,344,1,False,True,True
514,38,4,112230.38,1,1,0,16717.11,6.713102138937955,0,152,0,False,False,True
579,33,1,0.0,2,1,1,54816.57,0.0,2,33,1,False,True,True
825,32,1,0.0,2,1,1,42935.15,0.0,2,32,1,False,True,False
549,38,8,107283.4,1,0,0,157442.75,0.6814078043745782,0,304,0,False,False,False
511,46,1,0.0,1,1,1,115779.48,0.0,1,46,1,False,False,False
833,34,3,144751.81,1,0,0,166472.81,0.869517012916326,0,102,0,False,False,False
577,59,7,111396.97,1,0,1,191070.01,0.5830134566201329,1,413,0,True,False,False
676,61,8,0.0,2,1,1,118522.73,0.0,2,488,1,False,False,False
691,24,6,0.0,2,1,1,92811.2,0.0,2,144,1,False,False,True
679,24,6,114948.76,2,0,1,135768.25,0.8466479707297492,2,144,0,False,False,False
850,61,3,141784.02,1,1,1,92053.75,1.5402140573951912,1,183,0,True,False,True
689,33,2,161814.64,2,1,0,169381.9,0.9553186301568813,0,66,0,True,False,True
491,36,0,53369.13,1,1,1,103934.12,0.5134850472102211,1,0,0,False,False,False
714,24,7,0.0,2,1,0,166335.0,0.0,0,168,1,False,False,False
513,30,5,0.0,2,1,0,162523.66,0.0,0,150,1,False,False,True
630,23,4,137964.51,1,0,1,174570.55,0.7903035173829872,1,92,0,True,False,False
750,22,3,121681.82,1,1,0,128643.35,0.9458776852617313,0,66,0,False,True,True
443,59,4,110939.3,1,1,0,72846.58,1.5228961620962562,0,236,0,True,False,True
675,31,2,90826.27,2,1,0,60270.87,1.5069429569714694,0,62,0,False,True,True
632,40,3,193354.86,2,1,0,149188.41,1.2960360926422323,0,120,0,False,False,True
710,24,2,110407.44,2,0,0,15832.43,6.9730589013246025,0,48,0,True,False,False
701,51,9,0.0,2,0,0,61961.57,0.0,0,459,1,False,False,True
572,51,8,97750.07,3,1,1,193014.26,0.5064370039964716,3,408,0,True,False,True
731,39,2,126816.18,1,1,1,74850.93,1.694227256398065,1,78,0,False,True,False
633,40,4,150578.0,1,0,1,34670.62,4.342975609446573,1,160,0,False,False,True
696,40,3,153639.11,1,1,1,138351.68,1.1104888607867949,1,120,0,False,True,True
710,21,4,109130.96,2,1,1,56191.99,1.9420742694062019,2,84,0,False,False,True
594,36,6,153880.15,1,0,0,135431.72,1.1362110278815931,0,216,0,False,False,True
606,40,5,0.0,2,1,1,70899.27,0.0,2,200,1,False,False,True
568,27,1,116320.68,1,0,1,45563.94,2.5528548923799743,1,27,0,False,True,False
579,33,1,65667.79,2,0,0,164608.98,0.39892957887486524,0,33,0,False,False,False
748,38,4,115221.36,1,0,1,70956.75,1.6238023330784868,1,152,0,False,False,True
639,43,6,99610.92,2,1,0,187296.78,0.5318318241679105,0,258,0,False,False,True
605,36,7,128829.25,1,1,0,190588.59,0.675951136680655,0,252,0,False,False,True
796,40,2,113228.38,2,1,1,46415.09,2.4394208990890878,2,80,0,True,False,True
704,42,8,129735.3,2,1,1,179565.57,0.7224913857852272,2,336,0,False,False,True
707,44,3,0.0,2,1,1,135077.01,0.0,2,132,1,False,True,True
756,36,2,136815.64,1,1,1,170041.95,0.8045946038927224,1,72,0,True,False,True
730,34,5,74197.38,2,1,0,96875.52,0.7658964215477599,0,170,0,False,False,False
781,19,3,0.0,2,1,1,124297.32,0.0,2,57,1,False,False,False
520,29,8,95947.76,1,1,0,4696.44,20.425542423107053,0,232,0,False,False,False
670,36,7,0.0,2,0,0,59571.5,0.0,0,252,1,False,False,True
664,48,10,0.0,1,1,0,140173.17,0.0,0,480,1,False,False,True
525,47,6,118560.0,1,1,0,82522.61,1.4366797574657726,0,282,0,False,True,False
716,41,8,126145.54,2,1,1,138051.19,0.9137525453236199,2,328,0,True,False,True
646,30,10,100548.67,2,0,0,136983.77,0.7340134965368779,0,300,0,True,False,False
730,47,7,0.0,1,1,0,33373.26,0.0,0,329,1,False,False,False
643,35,6,0.0,2,1,1,41549.64,0.0,2,210,1,False,True,False
710,33,1,0.0,2,1,0,168313.17,0.0,0,33,1,False,True,True
637,60,3,0.0,2,1,1,70174.03,0.0,2,180,1,False,False,True
539,39,3,0.0,2,1,0,36692.17,0.0,0,117,1,False,False,True
542,31,3,0.0,2,1,1,115217.59,0.0,2,93,1,False,False,False
643,41,7,154902.66,1,1,1,49667.28,3.1187441964972415,1,287,0,True,False,True
446,45,10,125191.69,1,1,1,128260.86,0.9760632661962021,1,450,0,False,True,False
819,39,9,133102.92,1,1,0,27046.46,4.921087599353138,0,351,0,False,False,False
705,49,7,0.0,1,1,0,63405.2,0.0,0,343,1,False,False,False
503,31,4,0.0,2,1,1,21645.06,0.0,2,124,1,False,True,True
554,46,4,0.0,2,0,1,57320.92,0.0,2,184,1,False,True,True
850,49,6,128663.9,1,1,0,65769.3,1.956261412826154,0,294,0,False,False,True
662,26,0,0.0,2,0,1,72929.96,0.0,2,0,1,False,False,True
593,35,9,114193.24,1,1,0,71154.1,1.6048496875136147,0,315,0,False,False,True
733,51,10,141556.96,1,1,0,130189.53,1.0873061197308282,0,510,0,False,False,True
444,45,4,0.0,2,1,0,161653.5,0.0,0,180,1,False,False,False
671,34,6,37266.67,2,0,0,156917.12,0.23749118329992738,0,204,0,True,False,False
743,32,9,0.0,2,1,0,175252.78,0.0,0,288,1,False,False,True
750,33,3,161801.47,1,0,1,153288.97,1.055525485457398,1,99,0,False,True,False
697,25,5,82931.85,2,1,1,128373.88,0.646013067353987,2,125,0,False,True,False
666,30,7,109805.3,1,0,1,163625.56,0.6710725935936073,1,210,0,False,False,True
575,37,0,0.0,2,0,0,30114.32,0.0,0,0,1,False,True,False
806,32,3,63763.49,1,1,0,156593.09,0.4071896327632799,0,96,0,False,False,False
437,49,9,111634.29,2,0,1,166440.32,0.670712597088271,2,441,0,False,False,True
560,30,0,108883.29,1,1,0,27914.95,3.9003970848206846,0,0,0,False,False,False
577,34,2,0.0,2,1,1,84033.35,0.0,2,68,1,False,False,False
672,43,5,0.0,2,1,1,64515.5,0.0,2,215,1,False,True,True
594,32,4,120074.97,2,1,1,162961.79,0.7368244615841444,2,128,0,True,False,False
771,32,9,77487.2,1,0,0,33143.04,2.337892423494541,0,288,0,True,False,True
673,36,5,73088.06,2,0,0,196142.26,0.3726259061871409,0,180,0,True,False,True
711,35,8,0.0,1,1,1,67508.01,0.0,1,280,1,False,False,False
682,42,0,0.0,1,0,1,91981.85,0.0,1,0,1,False,False,False
539,28,5,0.0,2,1,0,48382.4,0.0,0,140,1,False,True,True
774,60,5,85891.55,1,1,0,74135.48,1.1585598614878938,0,300,0,False,False,True
560,31,5,125341.69,1,1,0,79547.39,1.5756659562814535,0,155,0,False,True,False
834,49,8,160602.25,2,1,0,129273.94,1.242330880215454,0,392,0,False,False,False
592,66,5,149950.19,1,1,1,76267.59,1.9660805319725985,1,330,0,False,False,False
639,34,7,149940.04,2,0,0,156648.81,0.9571670722103015,0,238,0,False,True,True
670,43,1,97792.21,1,0,0,120225.62,0.8133989793608105,0,43,0,False,True,True
668,39,0,122104.79,1,1,0,112946.67,1.0810740053336203,0,0,0,True,False,False
704,31,5,132084.66,3,1,1,54474.48,2.4246626188516376,3,155,0,False,False,True
663,28,8,61274.7,2,1,0,136054.45,0.45036564136166535,0,224,0,False,True,False
595,23,10,101126.66,2,0,0,37042.8,2.72992133636398,0,230,0,False,True,False
850,30,6,86449.39,1,1,1,188809.23,0.45786390917483655,1,180,0,False,False,True
767,47,5,0.0,1,1,0,121964.46,0.0,0,235,1,False,True,True
850,27,8,111837.78,2,1,1,110805.79,1.009304393710891,2,216,0,True,False,False
609,32,7,71872.19,1,1,1,151924.9,0.47307397882783647,1,224,0,False,False,True
850,35,2,128548.49,4,1,0,75478.95,1.7030812818503458,0,70,0,False,False,False
647,52,7,130013.12,1,1,1,190806.36,0.6813841981776804,1,364,0,True,False,True
489,38,2,126444.08,2,1,1,82662.73,1.5296198223815936,2,76,0,True,False,True
553,33,4,118082.89,1,0,0,94440.45,1.250329066315691,0,132,0,False,False,True
677,28,0,143988.0,2,1,0,8755.69,16.443199428094406,0,0,0,True,False,True
690,31,2,137260.45,2,1,0,55387.28,2.478149709649767,0,62,0,True,False,True
683,43,2,112499.42,2,1,0,30375.18,3.7035407348784473,0,86,0,False,False,True
602,35,7,90602.42,2,1,1,51695.41,1.7525863014472376,2,245,0,True,False,True
647,32,9,80958.36,1,1,1,128590.73,0.629576723168745,1,288,0,False,True,True
655,32,2,0.0,1,1,1,71047.51,0.0,1,64,1,False,False,False
501,42,9,114631.23,1,0,1,91429.74,1.2537493407578237,1,378,0,False,False,True
829,22,7,150126.44,1,1,0,152107.93,0.9869666429183349,0,154,0,False,False,False
552,55,3,0.0,1,1,1,40333.94,0.0,1,165,1,False,True,True
717,64,10,98362.35,2,1,1,21630.21,4.54724215612534,2,640,0,True,False,False
520,30,3,143396.54,2,1,1,898.51,159.41628219808564,2,90,0,False,False,True
710,58,7,170113.0,2,0,1,10494.64,16.20796826110652,2,406,0,True,False,True
655,41,8,125561.97,1,0,0,164040.94,0.76542602458859,0,328,0,True,False,True
750,39,7,119565.92,1,1,0,87067.73,1.3732360630504201,0,273,0,False,True,False
726,24,6,0.0,2,1,1,54724.03,0.0,2,144,1,False,False,False
417,34,7,0.0,2,1,0,55003.79,0.0,0,238,1,False,False,True
529,35,5,0.0,2,1,1,187288.5,0.0,2,175,1,False,True,True
669,22,10,0.0,2,1,0,176163.74,0.0,0,220,1,False,True,True
575,37,9,133292.45,1,1,0,111175.09,1.198930903218489,0,333,0,False,True,False
593,35,4,161637.75,1,1,1,20008.46,8.078066574510258,1,140,0,False,True,True
645,44,8,113755.78,2,1,0,149756.71,0.7595988213227887,0,352,0,False,True,True
741,42,6,106036.52,1,1,0,194686.78,0.5446490786427376,0,252,0,False,False,True
607,39,10,0.0,3,1,0,132741.13,0.0,0,390,1,False,False,False
443,35,9,108308.0,1,1,0,129031.19,0.839387442776876,0,315,0,False,False,False
790,25,5,152885.77,1,1,0,58214.79,2.6261907637086086,0,125,0,True,False,False
737,44,7,0.0,2,0,0,57898.58,0.0,0,308,1,False,False,True
639,35,10,128173.9,2,1,0,59093.39,2.168969000272276,0,350,0,True,False,True
850,26,8,123126.29,1,1,0,74425.41,1.6543360078767737,0,208,0,True,False,False
591,40,1,86376.29,1,0,1,136767.16,0.6315526216043266,1,40,0,False,True,False
797,29,1,0.0,2,1,1,132975.39,0.0,2,29,1,False,False,False
599,30,9,105443.68,1,1,1,121124.53,0.870532248651461,1,270,0,False,False,True
635,40,10,123497.58,1,1,0,131953.23,0.9359122477543917,0,400,0,False,False,False
596,54,1,123544.0,1,1,1,120314.75,1.0268314829937062,1,54,0,True,False,True
710,49,10,129164.88,1,1,1,193266.72,0.6683210212238236,1,490,0,True,False,True
678,28,5,138668.18,1,1,1,54144.01,2.561051886406522,1,140,0,False,True,True
613,59,8,91415.76,1,0,0,27965.0,3.268817850246728,0,472,0,True,False,True
696,32,8,101160.99,1,1,1,115916.55,0.8726977925258083,1,256,0,True,False,True
676,30,1,128207.23,1,1,1,55400.17,2.3141610547214073,1,30,0,False,False,True
623,28,7,0.0,1,0,0,129526.57,0.0,0,196,1,False,False,True
729,28,0,0.0,2,1,1,31165.06,0.0,2,0,1,False,True,False
718,48,9,0.0,2,1,1,72105.63,0.0,2,432,1,False,False,True
850,28,9,97408.03,1,1,1,175853.64,0.5539121970281818,1,252,0,False,True,True
615,34,1,83503.11,2,1,1,73124.53,1.141914595354044,2,34,0,False,False,True
685,57,7,101868.51,1,0,1,113483.96,0.8976388589289717,1,399,0,True,False,True
485,41,2,100254.76,2,1,1,12706.67,7.8893109437056514,2,82,0,False,False,True
630,50,3,129370.91,4,1,1,47775.34,2.7078447197922655,4,150,0,True,False,True
744,30,1,124037.28,1,1,1,142210.94,0.8722001823475581,1,30,0,False,True,False
584,49,8,172713.44,1,1,0,113860.81,1.5168689132905933,0,392,0,False,False,True
715,37,9,105489.31,1,0,0,143096.49,0.7371849079952416,0,333,0,True,False,False
850,44,3,140393.65,2,0,1,186285.52,0.7536436345474702,2,132,0,True,False,True
628,33,8,152143.89,1,1,1,32174.03,4.728632420855552,1,264,0,True,False,True
835,28,2,163569.61,2,1,1,154559.28,1.05829007297347,2,56,0,False,False,True
717,22,5,112465.06,1,1,1,92977.75,1.209578102523426,1,110,0,False,False,False
744,44,5,120654.68,1,1,0,82290.81,1.4661808994114967,0,220,0,False,True,True
671,51,3,96891.46,1,1,0,176403.33,0.5492578328434455,0,153,0,True,False,True
688,26,8,146133.39,1,1,1,175296.76,0.8336295341138416,1,208,0,True,False,True
705,38,1,189443.72,1,0,1,106648.58,1.7763194191669578,1,38,0,False,False,True
762,44,7,159316.64,1,0,0,24780.13,6.428949769441507,0,308,0,False,False,False
430,66,6,135392.31,2,1,1,172852.06,0.783279798460033,2,396,0,True,False,False
573,40,7,147754.68,1,1,1,110454.46,1.337685615541323,1,280,0,False,False,True
724,31,5,0.0,1,1,0,134889.95,0.0,0,155,1,False,False,True
758,33,7,0.0,1,1,0,188156.34,0.0,0,231,1,False,False,False
738,38,7,0.0,2,0,0,69227.42,0.0,0,266,1,False,False,False
694,22,4,0.0,2,1,1,11525.72,0.0,2,88,1,False,False,False
581,55,6,0.0,1,1,1,22442.13,0.0,1,330,1,False,False,False
627,27,1,62092.9,1,1,1,105887.04,0.5864014481711061,1,27,0,False,False,True
712,32,1,0.0,2,1,0,1703.58,0.0,0,32,1,False,False,False
581,43,5,93259.57,3,1,0,141035.65,0.6612435136540751,0,215,0,True,False,False
670,35,2,79585.96,1,0,1,198802.9,0.40032393730706495,1,70,0,True,False,False
846,37,6,127103.97,1,1,1,41516.44,3.0614597142791076,1,222,0,False,False,False
652,37,4,92208.54,1,0,1,197699.8,0.4664044859707194,1,148,0,False,False,False
632,37,1,138207.08,1,1,0,60778.11,2.2739240505496046,0,37,0,False,True,True
611,40,2,125879.29,1,1,0,93203.43,1.3505719631566868,0,80,0,False,False,False
478,38,4,171913.87,1,1,0,51820.87,3.3173999703214103,0,152,0,False,False,False
623,39,1,160903.2,1,0,0,78774.36,2.0425574697468853,0,39,0,False,False,False
595,31,4,0.0,2,1,0,189995.86,0.0,0,124,1,False,False,True
584,36,9,0.0,1,1,1,105818.51,0.0,1,324,1,False,False,True
678,22,6,118064.93,2,1,1,195424.01,0.6041444234798811,2,132,0,False,False,False
724,33,9,119278.44,1,1,1,197148.24,0.6050159767291013,1,297,0,True,False,False
702,46,9,98444.19,1,0,1,109563.28,0.8985062467439205,1,414,0,False,False,False
778,34,5,139064.06,2,0,0,67949.32,2.0465548948113854,0,170,0,False,False,True
627,30,6,0.0,1,1,1,113408.47,0.0,1,180,1,False,True,False
624,45,5,151855.33,1,1,0,68794.15,2.207355169659489,0,225,0,True,False,False
793,63,4,103729.79,2,1,1,80272.06,1.2922117333013092,2,252,0,False,False,True
550,29,9,145294.08,2,1,0,147484.13,0.9851439260351195,0,261,0,True,False,True
678,38,3,124483.53,1,1,0,126253.31,0.9859744986131562,0,114,0,False,True,True
796,44,8,165326.2,1,1,1,57205.55,2.8899872479637385,1,352,0,False,False,True
539,20,0,83459.86,1,1,1,146752.67,0.5687071403393182,1,0,0,False,False,True
679,58,9,109327.65,1,1,1,3829.13,28.544109468869202,1,522,0,False,True,True
488,43,10,112751.13,1,1,1,28332.0,3.97949846468782,1,430,0,False,False,True
692,42,2,0.0,2,1,0,145222.93,0.0,0,84,1,False,False,False
714,33,3,35016.6,1,1,0,53667.08,0.6524660468569026,0,99,0,True,False,True
633,32,5,163340.12,2,1,1,74415.2,2.194953786944241,2,160,0,False,True,True
653,27,6,107751.68,2,1,1,33389.42,3.227023799041761,2,162,0,False,True,False
750,37,3,0.0,2,1,0,16870.2,0.0,0,111,1,False,False,True
780,47,7,86006.21,1,1,1,37973.13,2.2648632108227367,1,329,0,False,True,True
610,29,9,0.0,3,0,1,83912.24,0.0,3,261,1,False,True,True
775,48,4,178144.91,2,0,0,50168.41,3.5508671519158783,0,192,0,False,True,True
763,67,9,148564.66,1,0,1,87236.4,1.7029927531081854,1,603,0,False,True,True
657,36,8,0.0,2,0,1,123866.43,0.0,2,288,1,False,True,True
705,44,0,184552.12,1,1,0,68860.3,2.6800557061803945,0,0,0,False,True,True
584,41,3,88594.93,1,1,0,178997.89,0.4949468122400088,0,123,0,True,False,False
527,36,6,0.0,2,1,1,102280.29,0.0,2,216,1,False,True,False
661,39,6,132628.98,1,0,0,38812.67,3.41706878014885,0,234,0,False,True,True
584,32,9,85534.83,1,0,0,169137.24,0.5057095899779968,0,288,0,False,True,True
626,29,7,0.0,2,1,0,49361.84,0.0,0,203,1,False,True,True
611,27,7,0.0,2,1,1,157474.1,0.0,2,189,1,False,False,True
611,43,9,127216.31,2,0,1,17913.25,7.101403072972634,2,387,0,True,False,False
710,24,7,103099.17,2,1,0,173276.62,0.5949941486961791,0,168,0,True,False,False
552,33,3,144962.74,1,1,0,58844.84,2.4634322494164413,0,99,0,True,False,True
726,51,8,107494.86,2,1,0,140937.91,0.762705345174019,0,408,0,True,False,False
624,80,3,0.0,1,1,1,65801.44,0.0,1,240,1,False,False,True
628,45,9,0.0,2,1,1,96862.56,0.0,2,405,1,False,False,True
622,46,4,107073.27,2,1,1,30984.59,3.455582740235058,2,184,0,False,True,False
607,36,4,98266.3,1,1,1,46416.36,2.1170161336189737,1,144,0,False,True,False
501,41,3,144260.5,1,1,0,172114.67,0.8381601744919565,0,123,0,False,False,False
609,40,6,0.0,2,1,1,97416.34,0.0,2,240,1,False,False,True
598,64,1,62979.93,1,1,1,152273.57,0.4135945351873264,1,64,0,False,True,False
810,51,5,0.0,2,0,1,184524.74,0.0,2,255,1,False,False,False
596,32,3,96709.07,2,0,0,41788.37,2.31420263095615,0,96,0,True,False,True
629,39,5,0.0,2,0,0,116748.14,0.0,0,195,1,False,True,True
629,29,6,0.0,2,1,1,88842.8,0.0,2,174,1,False,True,True
682,26,8,0.0,2,1,0,178373.43,0.0,0,208,1,False,False,True
690,33,5,0.0,2,1,0,138017.68,0.0,0,165,1,False,False,True
585,67,5,113978.97,2,0,1,93146.11,1.2236447271418298,2,335,0,False,False,False
441,60,1,140614.15,1,0,1,174381.23,0.806355957255507,1,60,0,False,False,True
731,36,6,0.0,1,0,0,152128.36,0.0,0,216,1,False,False,False
615,24,8,108528.07,2,0,0,179488.41,0.6046488759420403,0,192,0,True,False,True
534,55,8,116973.26,3,1,0,122066.5,0.958267024392242,0,440,0,False,False,False
647,44,5,0.0,3,1,1,174205.22,0.0,3,220,1,False,True,False
511,41,8,153895.65,1,1,1,39087.42,3.937116158698663,1,328,0,True,False,False
632,44,3,133793.89,1,1,1,34607.14,3.865965925935344,1,132,0,False,False,False
673,47,1,0.0,2,0,0,108762.16,0.0,0,47,1,False,False,True
663,42,7,115930.87,1,1,0,19862.78,5.836294501852115,0,294,0,True,False,True
639,38,9,130233.14,1,1,1,81861.1,1.5908844263706892,1,342,0,False,True,True
499,53,1,75225.53,2,0,0,144849.1,0.5193336421583415,0,53,0,False,True,False
808,24,4,122168.65,1,1,0,174107.04,0.7016829894817034,0,96,0,False,False,True
705,38,3,123894.43,1,1,0,21177.1,5.850120171309041,0,114,0,False,False,False
535,47,0,160729.1,1,0,1,145986.35,1.1009796396742595,1,0,0,False,False,True
626,32,0,0.0,2,0,0,187172.54,0.0,0,0,1,False,False,False
484,55,8,149349.58,3,0,0,137519.92,1.0860135316139534,0,440,0,True,False,False
680,31,1,0.0,2,1,1,3148.2,0.0,2,31,1,False,False,True
685,33,6,174912.72,1,1,1,43932.54,3.9813026676202283,1,198,0,False,False,True
833,29,1,96462.25,2,0,1,48986.18,1.969132536308479,2,29,0,True,False,True
762,43,5,134204.67,1,1,1,139971.01,0.9587964765241279,1,215,0,False,True,False
668,32,7,0.0,2,1,1,777.37,0.0,2,224,1,False,False,True
592,35,6,80285.16,1,1,0,72678.75,1.1046427650067592,0,210,0,False,True,True
587,38,0,0.0,2,1,0,47414.15,0.0,0,0,1,False,False,True
554,35,8,0.0,2,1,1,176779.46,0.0,2,280,1,False,False,False
585,33,8,0.0,2,1,0,114182.07,0.0,0,264,1,False,True,False
770,46,5,141788.63,2,0,0,164967.21,0.8594906254968762,0,230,0,True,False,False
712,29,8,140170.61,1,1,1,38170.04,3.672171625399779,1,232,0,False,False,False
840,36,6,0.0,2,1,0,141364.27,0.0,0,216,1,False,True,False
544,64,3,124043.8,1,1,1,111402.97,1.1134594215987097,1,192,0,False,False,False
620,39,9,159492.79,1,1,0,80582.34,1.9792278403948014,0,351,0,True,False,True
656,39,10,0.0,2,1,1,98894.64,0.0,2,390,1,False,False,True
749,26,6,0.0,2,0,1,34948.77,0.0,2,156,1,False,False,False
445,64,2,136770.67,1,0,1,43678.06,3.1312640427701517,1,128,0,False,False,True
700,38,8,134811.3,1,1,0,1299.75,103.64120699596386,0,304,0,False,False,True
727,40,1,93051.64,2,1,0,71865.31,1.2947880585492701,0,40,0,True,False,True
817,58,3,114327.59,2,1,1,42831.11,2.6692028480502126,2,174,0,True,False,True
593,26,9,76226.9,1,1,0,167564.82,0.45490721198392364,0,234,0,False,True,True
487,53,4,199689.49,1,1,1,24207.86,8.248611871851875,1,212,0,False,False,True
687,72,4,0.0,2,1,1,50267.69,0.0,2,288,1,False,True,False
625,39,10,129845.26,1,1,1,96444.88,1.3463017808536766,1,390,0,True,False,False
697,74,3,108071.36,2,1,1,16445.79,6.570969775865077,2,222,0,True,False,False
740,37,5,0.0,2,1,1,27528.4,0.0,2,185,1,False,False,False
628,22,3,0.0,1,1,0,85426.28,0.0,0,66,1,False,True,False
627,48,1,132759.8,1,1,0,78899.22,1.6826290218202178,0,48,0,False,True,True
713,42,3,0.0,2,0,0,82565.01,0.0,0,126,1,False,False,False
721,37,4,98459.6,1,0,0,90821.66,1.0840862841938346,0,148,0,True,False,True
561,21,4,0.0,1,1,1,36942.35,0.0,1,84,1,False,False,True
586,37,8,167735.69,2,0,1,104665.79,1.602568398247429,2,296,0,True,False,True
654,35,2,90865.8,1,1,1,86764.46,1.0472577451903096,1,70,0,False,False,False
651,23,10,0.0,2,1,1,170099.23,0.0,2,230,1,False,False,True
666,47,2,0.0,1,1,0,35046.97,0.0,0,94,1,False,False,True
573,36,1,0.0,1,1,1,56905.38,0.0,1,36,1,False,False,False
635,48,4,81556.89,2,1,0,191914.37,0.42496278437730134,0,192,0,True,False,False
630,55,2,0.0,1,1,1,106202.07,0.0,1,110,1,False,False,True
624,33,6,0.0,2,0,0,76551.7,0.0,0,198,1,False,True,True
611,68,5,82547.11,2,1,1,146448.01,0.5636576853609321,2,340,0,False,False,True
689,31,4,0.0,2,1,1,136610.02,0.0,2,124,1,False,True,False
681,38,6,153722.47,1,1,0,101319.76,1.5171863100908443,0,228,0,False,False,True
692,45,6,152296.83,4,0,1,108040.86,1.4096094791407698,4,270,0,True,False,True
547,38,5,167539.97,1,0,1,159207.34,1.0523316178034392,1,190,0,False,False,False
772,43,6,0.0,2,1,1,57675.88,0.0,2,258,1,False,False,True
745,54,8,0.0,1,1,0,173912.29,0.0,0,432,1,False,True,False
668,42,8,187534.79,1,1,1,32900.41,5.6999013112204,1,336,0,False,False,True
779,26,4,174318.13,2,0,1,38296.21,4.551718780558688,2,104,0,False,True,False
626,44,2,0.0,1,0,1,173117.22,0.0,1,88,1,False,False,False
759,33,9,160541.36,2,0,0,93541.14,1.716246389060588,0,297,0,False,False,False
802,29,9,127414.55,1,1,1,134459.12,0.9476010433428143,1,261,0,False,False,True
751,37,0,151218.98,1,1,1,109309.29,1.3833919935625458,1,0,0,True,False,False
688,20,8,137624.4,2,1,1,197582.79,0.696536897080474,2,160,0,False,False,True
850,31,6,67996.23,2,0,0,50129.87,1.3563744255784906,0,186,0,False,False,True
647,35,4,123761.68,1,1,0,83910.4,1.4749090111713068,0,140,0,False,False,True
733,39,1,0.0,2,1,1,141841.31,0.0,2,39,1,False,False,True
735,46,2,106344.95,1,1,0,114371.33,0.9298136183812991,0,92,0,True,False,True
645,49,5,110132.55,3,0,1,187689.91,0.586776152345364,3,245,0,False,True,False
812,29,6,0.0,2,0,0,168023.6,0.0,0,174,1,False,False,True
649,24,7,101195.23,1,0,0,133091.32,0.7603386130769979,0,168,0,True,False,True
570,30,2,131406.56,1,1,1,47952.45,2.7402941811277395,1,60,0,False,False,True
691,38,9,163965.69,2,0,1,103511.26,1.5840219313151893,2,342,0,True,False,True
581,40,0,101016.53,1,0,1,7926.35,12.742786681551841,1,0,0,True,False,True
722,43,1,0.0,1,1,0,44560.17,0.0,0,43,1,False,True,True
587,35,5,121863.61,1,1,1,23481.69,5.189508101499445,1,175,0,True,False,True
717,48,7,123764.95,1,1,1,169952.82,0.7282269383530184,1,336,0,False,False,True
559,36,1,104356.94,2,0,1,54184.06,1.9259356730434554,2,36,0,True,False,False
706,53,7,0.0,2,0,1,117939.17,0.0,2,371,1,False,True,True
620,28,8,0.0,2,1,1,199909.32,0.0,2,224,1,False,False,True
560,66,9,0.0,1,1,1,15928.49,0.0,1,594,1,False,False,False
551,42,2,139561.46,1,1,0,43435.43,3.213004844090548,0,84,0,False,False,True
567,23,9,93522.2,1,0,1,81425.61,1.1485459114655516,1,207,0,False,False,False
628,31,6,175443.75,1,1,0,113167.17,1.550292365777409,0,186,0,False,False,False
686,35,8,105419.73,1,1,0,35356.46,2.9815413776894606,0,280,0,False,False,False
635,78,6,47536.4,1,1,1,119400.08,0.39812370206366643,1,468,0,False,False,False
542,25,8,139330.1,1,0,0,54372.37,2.5624694588545824,0,200,0,True,False,True
689,38,5,75075.14,1,1,1,8651.92,8.676278065670317,1,190,0,False,True,True
715,31,2,112212.14,2,1,1,181600.72,0.6179024075322634,2,62,0,False,False,False
592,42,1,147249.29,2,1,1,63023.02,2.336399518786647,2,42,0,False,False,True
518,29,9,125961.74,2,1,0,160303.08,0.7857675238209784,0,261,0,True,False,True
763,53,4,0.0,1,1,0,77203.72,0.0,0,212,1,False,False,False
579,50,5,117721.02,1,0,1,192146.63,0.6126592349850998,1,250,0,True,False,False
656,40,2,0.0,2,1,1,180553.48,0.0,2,80,1,False,False,True
752,36,2,0.0,2,1,1,45570.84,0.0,2,72,1,False,True,True
667,32,0,103846.65,1,1,0,20560.69,5.050491958589007,0,0,0,True,False,True
479,24,6,107637.97,2,0,1,169505.83,0.6350066838014728,2,144,0,True,False,True
636,44,2,0.0,2,0,0,86414.41,0.0,0,88,1,False,False,True
837,37,6,94001.61,2,1,0,140723.05,0.667985394109962,0,222,0,True,False,True
671,30,2,0.0,1,0,1,102057.86,0.0,1,60,1,False,False,True
607,31,8,0.0,2,1,1,43196.5,0.0,2,248,1,False,False,True
676,27,4,0.0,1,0,1,107955.67,0.0,1,108,1,False,True,True
663,32,3,108586.86,1,1,1,182355.21,0.595465654830181,1,96,0,True,False,True
746,58,3,0.0,3,1,1,80344.96,0.0,3,174,1,False,False,True
580,35,9,121355.19,1,0,1,35671.45,3.401930341201684,1,315,0,True,False,True
579,42,3,137560.38,2,1,1,85424.34,1.6102994732008091,2,126,0,True,False,False
690,44,9,100368.63,2,0,0,35342.33,2.8398181495631567,0,396,0,True,False,True
731,19,6,0.0,2,1,1,151581.79,0.0,2,114,1,False,False,True
472,28,4,0.0,2,1,0,1801.77,0.0,0,112,1,False,True,False
762,34,4,88815.56,2,1,0,68562.26,1.295381228955566,0,136,0,True,False,True
606,45,5,63832.43,1,1,1,93707.8,0.6811786086258708,1,225,0,True,False,True
675,28,9,0.0,1,1,0,134110.93,0.0,0,252,1,False,False,True
690,26,2,0.0,2,1,1,93255.85,0.0,2,52,1,False,True,False
479,35,4,125920.98,1,1,1,20393.44,6.17427985274418,1,140,0,False,True,True
616,43,7,95984.21,1,0,1,115262.54,0.8327369608811253,1,301,0,True,False,False
541,39,7,0.0,2,1,0,19823.02,0.0,0,273,1,False,False,True
455,40,1,0.0,3,0,1,129975.34,0.0,3,40,1,False,False,True
610,45,3,0.0,1,1,0,38276.84,0.0,0,135,1,False,True,False
638,41,7,0.0,2,1,0,43889.41,0.0,0,287,1,False,True,True
533,39,2,0.0,1,0,1,73669.94,0.0,1,78,1,False,False,False
753,35,5,82453.96,2,0,0,18254.75,4.516602166440711,0,175,0,True,False,False
712,29,3,87375.78,2,0,0,166194.53,0.5257408547630613,0,87,0,False,False,False
608,27,4,153325.1,1,1,1,199953.33,0.7668005989167627,1,108,0,False,True,True
631,33,8,0.0,2,0,0,117374.22,0.0,0,264,1,False,False,False
651,65,0,0.0,2,1,1,190454.04,0.0,2,0,1,False,False,False
702,40,1,103549.24,1,0,0,9712.52,10.660320872351114,0,40,0,False,False,False
561,22,6,186788.96,2,1,0,73286.8,2.5487046957338055,0,132,0,False,False,False
704,37,9,155619.58,1,1,1,135088.58,1.151973231392088,1,333,0,False,True,False
712,53,2,111061.01,2,0,0,26542.17,4.184165267373867,0,106,0,False,True,True
841,41,1,0.0,2,0,1,193093.77,0.0,2,41,1,False,True,True
557,42,4,0.0,2,0,1,86642.38,0.0,2,168,1,False,True,True
578,45,1,148600.91,1,1,0,143397.14,1.0362819908263803,0,45,0,False,False,True
560,27,5,0.0,2,1,0,131919.48,0.0,0,135,1,False,False,False
782,52,4,0.0,1,1,1,52759.82,0.0,1,208,1,False,True,True
850,24,1,0.0,2,0,1,69052.87,0.0,2,24,1,False,True,False
561,33,6,0.0,2,1,0,45261.47,0.0,0,198,1,False,True,False
480,47,8,75408.33,1,1,0,25887.89,2.9127679865764815,0,376,0,False,True,True
693,38,7,198338.77,2,1,1,14278.18,13.890067216744939,2,266,0,False,False,True
698,50,1,0.0,4,1,0,88566.9,0.0,0,50,1,False,True,False
646,51,4,101629.3,1,0,0,130541.1,0.7785174284770966,0,204,0,False,False,False
775,30,10,191091.74,2,1,1,96170.38,1.9869917640778367,2,300,0,False,False,False
572,36,8,68348.18,2,0,1,50400.32,1.3560791661805682,2,288,0,False,False,False
660,38,4,0.0,2,0,0,88080.43,0.0,0,152,1,False,False,True
701,36,7,95448.32,2,1,0,189085.07,0.5047876874272124,0,252,0,True,False,True
741,38,4,128015.83,1,1,0,58440.43,2.19049790533873,0,152,0,True,False,True
693,28,1,145118.83,1,0,1,77742.38,1.8666390630301897,1,28,0,False,True,True
638,39,0,122501.28,2,1,1,95007.8,1.2893677217268296,2,0,0,True,False,False
464,46,6,161798.53,1,1,0,182944.47,0.8844085070813724,0,276,0,False,False,True
675,38,6,68065.8,1,0,0,138777.0,0.49046534753347076,0,228,0,False,False,False
613,46,8,167795.6,1,0,1,44390.38,3.779914028354154,1,368,0,False,False,False
685,44,2,119657.53,1,1,0,145387.05,0.8230217682952623,0,88,0,True,False,False
622,30,2,158584.82,3,1,0,142342.55,1.114099093355477,0,60,0,False,False,False
572,39,2,0.0,2,1,1,555.28,0.0,2,78,1,False,False,False
723,42,2,99095.73,1,1,1,17512.53,5.65823851616436,1,84,0,False,False,True
520,63,5,162278.32,1,1,1,34765.33,4.667686235504294,1,315,0,False,True,False
681,48,8,139480.18,1,1,1,163581.67,0.8526586587686824,1,384,0,True,False,False
814,31,6,87772.52,1,1,0,188516.45,0.4655936095040539,0,186,0,False,False,False
590,34,6,0.0,2,1,0,171021.44,0.0,0,204,1,False,True,False
350,51,10,0.0,1,1,1,125823.79,0.0,1,510,1,False,False,True
696,52,6,139781.06,1,1,0,27445.4,5.0928741109945195,0,312,0,False,False,True
634,24,8,103097.85,1,1,1,157577.29,0.6542643025254303,1,192,0,True,False,True
773,63,9,111179.83,1,1,1,93091.02,1.1943003277831976,1,567,0,False,True,True
649,41,3,130931.83,1,1,1,144808.37,0.9041668367178174,1,123,0,False,False,False
795,33,9,104552.72,1,1,1,120853.83,0.865109983605951,1,297,0,True,False,False
661,64,8,128751.65,2,1,0,189398.18,0.6797899019414974,0,512,0,True,False,False
733,45,2,113939.36,2,1,0,3218.71,35.38808153529355,0,90,0,True,False,True
850,37,7,153147.75,1,1,1,152235.3,1.0059870740421306,1,259,0,False,False,False
580,39,9,128362.59,1,1,0,86044.98,1.4917906681985609,0,351,0,False,False,False
813,30,1,116416.94,1,0,1,85808.22,1.356695003170988,1,30,0,True,False,True
641,26,4,91547.84,2,0,1,28157.34,3.251180289747194,2,104,0,False,False,False
664,57,1,0.0,2,1,1,56562.57,0.0,2,57,1,False,False,True
684,41,6,135203.81,2,1,1,121967.88,1.1085107119127435,2,246,0,False,False,False
794,62,9,123681.32,3,1,0,173586.63,0.7125007697841143,0,558,0,False,False,False
740,51,4,0.0,2,1,1,178929.84,0.0,2,204,1,False,False,False
519,47,6,157296.02,2,0,0,147278.43,1.068010787385584,0,282,0,False,True,False
823,34,3,105057.33,1,1,0,9217.92,11.395839208931198,0,102,0,False,False,True
686,34,6,146178.13,2,1,1,88837.11,1.6454439429204426,2,204,0,False,False,True
668,39,4,79896.0,1,1,0,38466.39,2.0769800082615433,0,156,0,True,False,True
530,52,1,106723.28,1,0,0,109960.4,0.9705522119580144,0,52,0,False,False,True
736,25,9,81732.88,2,1,0,136497.28,0.5987832227629535,0,225,0,True,False,False
602,35,5,0.0,2,1,0,31050.02,0.0,0,175,1,False,False,False
602,49,0,191808.73,1,0,0,97640.2,1.9644241365325295,0,0,0,False,False,True
590,54,4,0.0,2,1,1,93820.49,0.0,2,216,1,False,False,False
736,30,9,0.0,2,1,0,34180.33,0.0,0,270,1,False,False,False
668,37,10,152958.29,2,1,1,159585.61,0.9584656883180864,2,370,0,True,False,True
605,29,3,116805.82,1,0,0,4092.75,28.53271938931298,0,87,0,False,True,False
678,32,4,139626.01,1,1,1,118235.52,1.1809042586842036,1,128,0,True,False,True
712,33,3,153819.58,1,1,0,79176.09,1.9427283826672588,0,99,0,False,False,True
617,61,7,91070.43,1,1,1,101839.77,0.8942433369268515,1,427,0,False,True,True
708,21,8,133974.36,2,1,0,50294.09,2.663766184730955,0,168,0,True,False,True
720,44,4,0.0,2,1,0,163471.01,0.0,0,176,1,False,False,True
638,42,7,165679.92,1,0,0,32916.29,5.03321871271906,0,294,0,False,False,False
792,36,5,115725.24,2,0,0,1871.25,61.81078381626386,0,180,0,True,False,True
660,41,3,0.0,2,1,1,108665.89,0.0,2,123,1,False,False,True
457,33,7,127837.54,1,0,1,60013.17,2.130122602711993,1,231,0,False,False,False
583,32,7,94753.55,2,1,1,18149.03,5.220572638171949,2,224,0,True,False,False
663,46,6,95439.4,1,1,1,21038.58,4.53618370708921,1,276,0,True,False,False
479,33,2,208165.53,1,0,0,50774.81,4.099698852662321,0,66,0,False,False,False
466,36,5,119540.15,1,0,1,80603.99,1.4830365961214063,1,180,0,False,False,False
712,30,6,0.0,2,1,0,152417.97,0.0,0,180,1,False,True,False
586,35,7,0.0,2,1,0,70760.69,0.0,0,245,1,False,False,False
639,27,8,133806.54,2,1,0,6251.3,21.401170769156952,0,216,0,False,True,False
482,38,4,124976.19,1,1,0,35848.12,3.4861717665594023,0,152,0,False,False,True
596,33,8,0.0,1,1,0,121189.3,0.0,0,264,1,False,False,True
719,42,4,0.0,1,1,0,28465.86,0.0,0,168,1,False,False,False
594,38,4,0.0,2,0,0,186884.04,0.0,0,152,1,False,False,True
756,40,1,94773.11,1,1,0,114279.63,0.8293016060551993,0,40,0,False,False,True
412,29,5,0.0,2,0,0,12510.53,0.0,0,145,1,False,False,True
763,37,8,0.0,2,1,1,933.38,0.0,2,296,1,False,True,True
634,52,1,0.0,2,1,1,176913.42,0.0,2,52,1,False,True,True
591,43,3,0.0,2,0,1,198926.36,0.0,2,129,1,False,False,True
605,43,8,125338.8,2,1,0,23970.13,5.228739738176715,0,344,0,True,False,False
640,33,1,167298.42,1,0,1,145381.65,1.1507454293892705,1,33,0,False,False,False
590,44,3,139432.37,1,1,0,62222.81,2.240820194070405,0,132,0,False,True,False
675,57,8,0.0,2,0,1,95463.29,0.0,2,456,1,False,False,False
733,42,9,150507.21,1,0,1,169964.12,0.8855182169141527,1,378,0,False,False,True
775,40,9,126212.64,1,1,0,70196.57,1.7979630918848044,0,360,0,False,False,True
728,37,4,0.0,1,0,0,4539.38,0.0,0,148,1,False,True,False
721,46,7,137933.39,1,1,1,67976.57,2.0291015109836965,1,322,0,False,True,False
698,37,5,98400.61,2,0,0,25017.28,3.933148481830086,0,185,0,False,False,True
684,42,3,103210.27,1,1,0,31002.03,3.3290381617538674,0,126,0,False,True,False
642,41,4,157777.58,1,1,0,67484.6,2.3379443910997306,0,164,0,True,False,True
679,36,6,147733.64,1,0,1,172501.38,0.8564150825049487,1,216,0,False,False,True
651,63,8,129968.67,1,1,1,11830.53,10.984941930587167,1,504,0,False,True,False
491,19,2,125860.2,1,0,0,129690.5,0.9704583569470628,0,38,0,True,False,True
586,33,7,0.0,2,1,1,168261.4,0.0,2,231,1,False,True,False
444,34,2,144318.97,1,1,0,112668.06,1.2809103936786195,0,68,0,False,False,True
623,37,4,140211.88,1,1,1,93832.33,1.4942652040591546,1,148,0,False,False,False
531,36,9,99240.51,1,1,0,123137.01,0.8059291359345502,0,324,0,False,True,False
680,30,4,108300.27,2,0,1,44384.57,2.439988266456869,2,120,0,True,False,True
680,42,7,105722.69,1,1,1,90558.24,1.1674423283587627,1,294,0,True,False,False
498,33,1,198113.86,1,1,0,69664.35,2.8437933635587846,0,33,0,False,False,True
531,42,6,88324.31,2,1,0,75248.75,1.173748882886654,0,252,0,True,False,False
545,37,3,91184.01,1,1,0,105476.65,0.8644865523644109,0,111,0,False,False,True
593,27,10,0.0,3,0,0,94620.0,0.0,0,270,1,False,True,True
644,30,5,44928.88,1,1,1,10771.46,4.170716809345312,1,150,0,False,False,True
583,38,8,0.0,1,1,0,47848.56,0.0,0,304,1,False,False,True
778,44,8,123863.64,1,1,0,144494.94,0.8572119050542181,0,352,0,False,False,True
751,34,8,127095.14,2,0,0,479.54,264.48399716985057,0,272,0,False,True,False
562,51,7,122822.0,2,0,0,32626.21,3.7644040051233314,0,357,0,False,False,False
688,40,6,0.0,1,1,1,47886.44,0.0,1,240,1,False,False,True
630,35,1,0.0,2,0,0,186826.22,0.0,0,35,1,False,True,True
672,53,7,0.0,1,1,1,136910.18,0.0,1,371,1,False,False,False
793,63,9,116270.72,1,1,1,184243.25,0.6310683779819451,1,567,0,False,False,False
480,40,6,148790.61,1,0,1,79329.7,1.8755741472090879,1,240,0,False,False,True
692,27,1,125547.53,1,0,0,7900.46,15.889155928144925,0,27,0,False,False,True
481,57,9,0.0,3,1,1,169719.35,0.0,3,513,1,False,False,False
754,27,7,117578.35,2,0,1,87908.01,1.33750055881644,2,189,0,True,False,True
828,34,8,129433.34,2,0,0,38131.77,3.3942810868447273,0,272,0,False,False,True
516,65,9,102541.1,1,1,0,181490.42,0.5649914469785955,0,585,0,False,True,False
510,45,10,103821.47,2,0,1,77878.62,1.3331019077905106,2,450,0,False,False,False
850,39,4,127771.35,2,0,1,151738.54,0.8420438733371671,2,156,0,False,False,True
792,36,5,92140.15,1,0,1,67468.67,1.365652892625679,1,180,0,False,True,True
504,56,9,104217.3,1,0,0,55857.48,1.8657382012543127,0,504,0,True,False,True
741,64,2,69311.16,1,1,1,59237.72,1.1700313578686372,1,128,0,False,False,False
645,59,8,121669.93,2,0,0,91.75,1311.8051752021563,0,472,0,True,False,False
652,37,7,0.0,2,1,0,68789.93,0.0,0,259,1,False,True,True
699,43,2,136487.86,2,1,0,82815.93,1.6480671283033554,0,86,0,False,True,True
732,55,9,136576.02,1,0,1,3268.17,41.77697091310638,1,495,0,False,False,True
632,50,2,0.0,2,0,0,57942.88,0.0,0,100,1,False,False,True
797,55,10,0.0,4,1,1,49418.87,0.0,4,550,1,False,False,False
627,40,10,0.0,2,1,1,194792.42,0.0,2,400,1,False,True,True
646,69,10,115462.44,1,1,0,40421.87,2.856364231436313,0,690,0,False,True,True
646,43,8,143061.88,1,1,0,61937.6,2.3097370621873923,0,344,0,False,False,False
597,60,0,78539.84,1,0,1,48502.88,1.6192486044415415,1,0,0,True,False,False
479,30,7,143964.36,2,1,0,41879.99,3.437463154524284,0,210,0,True,False,False
678,66,8,0.0,2,1,1,47117.03,0.0,2,528,1,False,False,True
660,33,4,0.0,1,1,0,29664.45,0.0,0,132,1,False,True,True
686,34,9,0.0,2,1,0,127569.8,0.0,0,306,1,False,True,True
628,51,3,123981.31,2,1,1,40546.15,3.057707138479523,2,153,0,False,False,False
505,37,0,134006.39,1,1,1,93736.69,1.429589207926929,1,0,0,False,True,True
704,48,8,167997.6,1,1,1,173498.45,0.9682889484664072,1,384,0,False,True,True
694,39,3,0.0,1,1,1,95625.03,0.0,1,117,1,False,True,True
650,32,1,132187.73,2,1,1,178331.36,0.7412436531429294,2,32,0,False,True,True
748,32,5,154737.88,2,1,1,172638.13,0.896308270320871,2,160,0,False,False,True
627,33,5,0.0,2,1,1,103737.82,0.0,2,165,1,False,False,True
643,36,0,148159.71,1,0,0,55835.66,2.653448648253674,0,0,0,False,False,True
667,42,10,64404.26,2,0,0,26022.37,2.474862402525115,0,420,0,True,False,False
725,31,8,0.0,2,1,1,59650.42,0.0,2,248,1,False,False,True
596,54,0,78126.28,1,1,1,153482.91,0.5090193493246296,1,0,0,False,True,False
607,39,8,105103.33,1,1,0,104721.5,1.0036365632982407,0,312,0,True,False,False
571,49,4,180614.04,1,0,0,523.0,344.6832824427481,0,196,0,False,False,True
648,42,4,0.0,2,1,0,19283.14,0.0,0,168,1,False,False,True
494,41,2,69974.66,2,1,0,188426.13,0.3713619158769759,0,82,0,False,True,False
538,42,4,80380.24,1,1,0,119216.46,0.6742321133162877,0,168,0,True,False,False
641,53,0,123835.52,2,0,1,160110.65,0.7734322892806365,2,0,0,False,False,False
675,66,5,115654.47,2,1,1,131970.86,0.876357050662164,2,330,0,False,True,True
746,32,4,0.0,2,1,1,72909.75,0.0,2,128,1,False,False,False
667,38,1,87202.38,1,1,1,77866.91,1.1198756971902804,1,38,0,False,True,True
850,28,2,0.0,2,1,1,38773.74,0.0,2,56,1,False,False,False
633,39,2,0.0,2,0,0,191207.03,0.0,0,78,1,False,True,False
682,36,5,0.0,2,1,1,147758.51,0.0,2,180,1,False,True,True
613,20,0,117356.19,1,0,0,113557.7,1.0334407667576329,0,0,0,True,False,False
666,31,3,123212.08,2,1,1,112157.31,1.0985550691696406,2,93,0,True,False,True
547,30,6,0.0,2,1,1,18471.86,0.0,2,180,1,False,False,True
715,34,9,102277.52,1,0,0,177852.57,0.5750658814439317,0,306,0,True,False,False
850,22,3,0.0,1,1,1,144385.54,0.0,1,66,1,False,True,True
549,31,9,135020.21,2,1,1,23343.18,5.783891745180169,2,279,0,True,False,False
783,39,9,0.0,2,1,0,143752.77,0.0,0,351,1,False,True,True
694,32,0,91956.49,1,1,1,59961.81,1.5335587174783838,1,0,0,False,False,True
732,36,7,126195.81,1,1,1,133172.48,0.9476046582247456,1,252,0,False,False,True
605,36,9,0.0,2,0,1,35521.63,0.0,2,324,1,False,True,False
590,29,4,0.0,2,1,0,121846.81,0.0,0,116,1,False,False,False
550,30,4,0.0,2,1,0,89216.29,0.0,0,120,1,False,False,False
512,36,1,0.0,1,0,1,135482.26,0.0,1,36,1,False,True,True
674,39,6,120193.42,1,0,0,100130.95,1.200350337729366,0,234,0,False,True,True
686,26,7,0.0,2,1,0,1540.89,0.0,0,182,1,False,False,True
740,40,2,122295.17,2,1,1,30812.84,3.9688390022145894,2,80,0,True,False,False
581,37,10,104255.03,1,1,0,86609.37,1.2037245655456732,0,370,0,False,False,False
635,50,7,159453.64,2,0,0,54560.79,2.922441510808205,0,350,0,False,True,True
532,43,9,0.0,2,0,0,190573.91,0.0,0,387,1,False,False,True
490,40,6,156111.08,1,0,0,190889.13,0.8178059284678573,0,240,0,False,True,True
676,29,7,131959.86,1,0,0,189268.81,0.6972050111953935,0,203,0,False,False,True
806,25,7,0.0,2,1,0,18461.9,0.0,0,175,1,False,True,True
591,51,8,132508.3,1,1,1,161304.68,0.8214732426037322,1,408,0,True,False,False
643,33,7,98630.31,2,1,1,40250.82,2.450331686865339,2,231,0,True,False,True
669,23,1,0.0,2,0,0,66088.83,0.0,0,23,1,False,False,True
524,44,10,118569.03,2,0,0,82117.2,1.443882476722578,0,440,0,False,False,True
596,47,5,140187.1,2,1,1,174311.3,0.8042295351504168,2,235,0,True,False,True
770,24,9,101827.07,1,1,0,167256.35,0.608804755067565,0,216,0,False,False,True
771,23,7,156123.73,1,1,0,72990.62,2.138926769949756,0,161,0,False,False,False
635,24,4,0.0,2,1,1,70668.77,0.0,2,96,1,False,True,True
756,31,10,122647.32,1,0,0,61666.87,1.9888366502686083,0,310,0,False,False,True
662,59,2,104568.41,1,1,0,8059.44,12.973039933303891,0,118,0,True,False,True
525,59,6,55328.4,1,1,0,83342.73,0.6638579770787797,0,354,0,False,False,False
660,63,8,137841.53,1,1,1,42790.29,3.221252035168839,1,504,0,False,False,True
711,38,3,0.0,2,1,0,68487.51,0.0,0,114,1,False,False,True
453,29,6,0.0,1,0,0,198376.02,0.0,0,174,1,False,False,True
569,28,7,0.0,2,1,0,73977.23,0.0,0,196,1,False,False,True
581,41,2,127913.71,2,1,1,44205.95,2.893520362748392,2,82,0,True,False,True
612,58,1,149641.53,1,1,1,115161.28,1.2993970768901066,1,58,0,True,False,False
619,29,5,0.0,2,1,0,194310.1,0.0,0,145,1,False,False,True
435,32,2,57017.06,2,1,1,5907.11,9.65064292980327,2,64,0,True,False,True
459,48,4,133994.52,1,1,1,19287.06,6.947019036647542,1,192,0,True,False,True
545,60,7,128981.07,1,0,1,176924.21,0.729014649749462,1,420,0,True,False,False
643,45,2,150842.93,1,0,1,2319.96,64.99161122983593,1,90,0,True,False,False
679,42,1,0.0,2,0,0,71823.15,0.0,0,42,1,False,False,True
738,57,9,148384.64,1,0,0,155047.11,0.957023210408692,0,513,0,True,False,False
553,42,1,0.0,2,0,0,23822.04,0.0,0,42,1,False,False,True
638,29,9,103417.74,1,1,1,15336.4,6.742846897127285,1,261,0,False,False,False
451,33,6,0.0,2,1,0,184954.11,0.0,0,198,1,False,False,True
632,38,6,86569.76,2,1,0,98090.91,0.8825372041384452,0,228,0,True,False,False
604,47,8,62094.71,3,0,0,9308.1,6.670323661793299,0,376,0,False,False,False
716,38,4,0.0,2,1,0,189678.7,0.0,0,152,1,False,False,True
850,71,10,69608.14,1,1,0,97893.4,0.7110533391082636,0,710,0,False,True,True
710,36,8,0.0,2,0,0,83206.19,0.0,0,288,1,False,True,False
547,30,9,72392.41,1,1,0,77077.14,0.9392080556173256,0,270,0,True,False,False
746,34,6,141806.0,2,1,1,183494.87,0.7728021344567592,2,204,0,True,False,True
675,36,3,54098.18,2,0,1,54478.52,0.9930003054358776,2,108,0,False,True,True
519,57,2,119035.35,2,1,1,29871.79,3.9847416327701564,2,114,0,False,True,False
817,27,7,129810.6,1,1,1,59259.44,2.1905102290836855,1,189,0,True,False,False
766,32,6,185714.28,1,1,1,102502.5,1.811784768324984,1,192,0,False,False,True
544,29,1,118560.55,1,1,1,164137.36,0.7223207908254963,1,29,0,False,False,False
586,33,9,0.0,1,1,0,6975.02,0.0,0,297,1,False,False,True
794,35,6,0.0,2,1,1,68730.91,0.0,2,210,1,False,False,True
628,31,5,0.0,1,0,0,147963.07,0.0,0,155,1,False,False,False
629,35,1,172170.36,1,1,1,159777.37,1.0775573689980689,1,35,0,False,False,True
731,52,10,0.0,1,1,1,24998.75,0.0,1,520,1,False,False,False
531,63,1,114715.71,1,0,1,24506.95,4.680755020309737,1,63,0,False,False,False
798,58,9,0.0,2,0,0,119071.56,0.0,0,522,1,False,True,False
825,40,6,132308.22,1,0,0,117122.5,1.1296470819263427,0,240,0,False,False,True
621,30,2,101014.08,2,1,1,165257.31,0.6112496249053981,2,60,0,True,False,False
696,51,5,0.0,2,1,0,55022.43,0.0,0,255,1,False,True,False
619,38,6,0.0,2,1,1,117616.29,0.0,2,228,1,False,True,False
639,35,5,136526.26,2,1,0,59653.03,2.2886343135576928,0,175,0,False,True,False
614,36,1,118311.76,1,1,0,146134.68,0.8096021450750426,0,36,0,False,False,True
620,42,9,121490.05,1,1,1,29296.74,4.146737939513423,1,378,0,False,True,True
686,38,0,138131.34,1,0,1,115927.85,1.1915182458896123,1,0,0,False,False,True
699,32,4,110559.46,1,1,1,127429.56,0.8676055414023136,1,128,0,False,False,False
842,58,1,63492.94,1,1,1,83172.19,0.7633822870085901,1,58,0,False,False,True
642,32,7,100433.8,1,1,1,39768.59,2.525391888626461,1,224,0,False,True,True
593,32,10,158537.42,1,1,0,166850.57,0.9501703819748295,0,320,0,False,True,True
768,30,6,0.0,2,1,1,199454.37,0.0,2,180,1,False,False,True
713,38,9,72286.84,2,1,1,26136.89,2.7655958457243486,2,342,0,False,False,True
643,34,6,0.0,2,1,1,116046.22,0.0,2,204,1,False,True,True
837,35,0,144037.6,1,1,0,145325.32,0.9911322326196659,0,0,0,True,False,True
728,59,4,0.0,1,1,1,163365.85,0.0,1,236,1,False,False,False
647,43,3,122717.53,2,1,1,87000.39,1.4105237858843405,2,129,0,True,False,False
538,40,8,0.0,2,1,1,25554.4,0.0,2,320,1,False,True,True
689,40,1,0.0,2,1,1,119446.64,0.0,2,40,1,False,False,False
531,31,3,0.0,1,1,1,42589.33,0.0,1,93,1,False,False,True
507,31,9,111589.67,1,1,0,150037.19,0.7437417766769914,0,279,0,True,False,True
731,29,5,179539.2,1,0,0,112010.02,1.6028708603849873,0,145,0,False,False,True
753,46,8,0.0,3,1,0,90747.94,0.0,0,368,1,False,False,True
727,49,7,96296.78,1,1,0,190457.87,0.5056040708421718,0,343,0,False,True,False
793,32,1,96408.98,1,1,1,138191.81,0.6976410711961063,1,32,0,True,False,False
553,37,1,0.0,1,1,0,30461.55,0.0,0,37,1,False,False,True
811,44,3,0.0,2,0,1,78439.73,0.0,2,132,1,False,True,True
576,63,9,70655.48,1,0,0,78955.8,0.8948625070924859,0,567,0,False,False,True
627,23,5,184244.86,1,1,0,103099.22,1.7870462352068694,0,115,0,True,False,True
548,41,4,82596.8,1,0,1,55672.09,1.4836036584281564,1,164,0,False,False,False
774,32,9,0.0,2,1,0,10604.48,0.0,0,288,1,False,True,True
551,30,2,143340.44,1,1,0,145796.49,0.9831475150909663,0,60,0,True,False,False
486,37,9,115217.99,2,1,0,144995.33,0.7946269398680643,0,333,0,True,False,True
639,29,4,133434.57,2,1,0,97983.44,1.361793464350054,0,116,0,False,True,True
811,35,7,0.0,1,1,1,178.19,0.0,1,245,1,False,False,False
671,47,7,114603.76,2,1,0,153194.32,0.7480891713924419,0,329,0,True,False,False
629,33,6,0.0,2,1,1,59129.72,0.0,2,198,1,False,False,False
471,36,5,90063.74,2,1,1,96366.7,0.9345843057372959,2,180,0,True,False,False
605,39,7,0.0,1,0,1,119348.28,0.0,1,273,1,False,False,True
615,64,0,81564.1,2,0,1,35896.09,2.272164679643949,2,0,0,False,False,True
624,48,3,122388.38,2,0,0,30020.09,4.076746713726917,0,144,0,True,False,False
632,41,8,127205.32,4,1,0,93874.87,1.3550374553119988,0,328,0,True,False,True
557,27,3,87739.08,1,1,1,123096.56,0.7127605128810027,1,81,0,False,False,False
620,31,2,166833.86,2,1,1,135171.6,1.2342283865221204,2,62,0,False,True,True
711,38,3,128718.78,1,0,0,114793.45,1.1212979373131715,0,114,0,False,True,True
643,32,2,0.0,1,0,0,131301.74,0.0,0,64,1,False,True,False
679,30,9,0.0,2,1,0,157871.55,0.0,0,270,1,False,False,True
579,35,1,129490.36,2,0,1,8590.83,15.071336374206659,2,35,0,False,True,False
678,49,2,116933.11,1,1,0,195053.58,0.599489178874959,0,98,0,True,False,True
612,32,9,106520.73,2,1,0,177092.16,0.6014954501913005,0,288,0,True,False,True
515,66,6,0.0,2,1,1,160663.11,0.0,2,396,1,False,False,False
597,28,0,142705.95,1,1,0,127233.39,1.1215988853328098,0,0,0,False,False,False
648,37,7,0.0,2,1,0,194238.92,0.0,0,259,1,False,False,False
457,38,7,164496.99,1,1,1,163327.27,1.0071556503965908,1,266,0,False,False,False
647,32,5,97041.16,1,1,1,23132.73,4.1947908962367935,1,160,0,False,False,True
668,32,2,0.0,2,1,1,40652.33,0.0,2,64,1,False,False,False
727,18,2,93816.7,2,1,0,126172.11,0.7435554215949817,0,36,0,True,False,False
773,37,2,103195.2,2,1,0,178268.36,0.5788723311734557,0,74,0,False,True,True
633,42,3,126041.02,1,0,1,11796.89,10.683352701203352,1,126,0,True,False,True
766,27,5,126285.73,1,1,0,177614.17,0.7110075676531458,0,135,0,True,False,True
669,41,0,150219.41,2,0,0,107839.03,1.3929837556610472,0,0,0,False,False,False
657,38,7,0.0,2,1,0,185827.74,0.0,0,266,1,False,False,True
577,25,3,0.0,2,0,1,124508.29,0.0,2,75,1,False,False,True
605,28,6,0.0,2,0,0,159508.52,0.0,0,168,1,False,False,False
813,36,6,98088.09,1,0,1,26687.22,3.675332787274685,1,216,0,True,False,False
804,33,10,138335.96,1,1,1,80483.76,1.718784525169734,1,330,0,True,False,False
651,32,8,144581.96,1,1,1,87609.5,1.650281187757175,1,256,0,False,False,False
626,43,4,137638.69,1,1,0,130442.08,1.055162834241571,0,172,0,False,False,True
673,37,2,0.0,1,1,1,13624.02,0.0,1,74,1,False,False,True
589,36,8,114435.47,1,1,0,26955.72,4.245155567888081,0,288,0,False,False,True
573,30,6,0.0,2,1,0,66190.21,0.0,0,180,1,False,False,False
612,33,0,64900.32,2,1,0,102426.12,0.6336243760441571,0,0,0,False,False,False
650,31,1,160566.11,2,0,0,27073.81,5.93046119252545,0,31,0,False,False,False
588,31,4,99607.37,2,0,1,35877.03,2.7762775715389054,2,124,0,False,False,True
617,45,1,0.0,1,1,0,143298.06,0.0,0,45,1,False,True,False
640,43,7,132412.38,1,0,0,69584.3,1.90287862522688,0,301,0,False,False,True
652,36,6,112518.71,2,0,1,110421.31,1.0189852938233226,2,216,0,False,False,False
524,29,3,159035.45,1,1,0,2705.31,58.764683277229885,0,87,0,False,True,True
753,31,6,106596.29,1,0,0,91305.77,1.167452205351257,0,186,0,False,False,False
725,39,4,160652.45,2,1,0,57643.55,2.7869495034656357,0,156,0,False,False,True
524,37,9,127480.58,2,1,0,179634.69,0.709661760421885,0,333,0,True,False,False
665,51,2,0.0,1,0,0,53353.36,0.0,0,102,1,False,False,True
587,47,6,71026.77,1,1,0,57962.41,1.2253725238042412,0,282,0,False,False,True
456,63,1,165350.61,2,0,0,140758.07,1.174706610380418,0,63,0,False,False,False
701,34,3,105588.66,1,0,1,74694.41,1.4135896703693038,1,102,0,False,False,False
769,39,8,0.0,1,0,1,21016.0,0.0,1,312,1,False,False,False
775,32,2,108698.96,2,1,1,161069.73,0.674852345922813,2,64,0,False,False,False
625,43,4,122351.29,1,1,0,71216.6,1.7179923221226212,0,172,0,False,False,True
435,54,3,0.0,1,1,0,156910.46,0.0,0,162,1,False,False,True
645,45,6,155417.61,1,0,1,3449.22,45.04571012862948,1,270,0,False,False,True
710,28,6,0.0,1,1,0,48426.98,0.0,0,168,1,False,True,False
477,47,9,144900.58,1,1,0,61315.37,2.3631630509112003,0,423,0,False,False,True
671,48,8,115713.84,2,0,0,83210.84,1.3905934540084681,0,384,0,False,False,False
749,37,10,185063.7,2,1,1,134526.87,1.3756532382472124,2,370,0,False,False,True
772,35,9,0.0,1,0,1,25448.31,0.0,1,315,1,False,False,False
692,29,4,0.0,2,0,0,138880.24,0.0,0,116,1,False,True,False
520,39,1,73493.17,1,0,1,109626.13,0.6703921739080463,1,39,0,False,False,False
635,48,2,0.0,2,1,1,136551.25,0.0,2,96,1,False,True,False
813,32,1,122889.88,1,1,1,26476.18,4.641350778292854,1,32,0,False,False,True
571,33,9,0.0,2,0,1,77519.62,0.0,2,297,1,False,False,False
536,35,4,121520.36,1,0,0,77178.42,1.574517662869195,0,140,0,True,False,False
712,29,7,77919.78,1,1,0,122547.58,0.635827685641074,0,203,0,False,True,False
679,33,1,0.0,2,0,0,69608.48,0.0,0,33,1,False,False,False
732,79,10,61811.23,1,1,1,104222.8,0.5930625250662517,1,790,0,False,False,True
697,40,7,130334.35,2,0,1,116951.1,1.1144250509396583,2,280,0,False,True,False
495,42,7,0.0,2,0,0,130404.53,0.0,0,294,1,False,True,False
773,43,8,81844.91,2,1,1,35908.46,2.2792019150385445,2,344,0,True,False,True
526,33,8,114634.63,2,1,0,110114.38,1.0410410425864216,0,264,0,False,True,False
570,23,2,0.0,1,0,0,198830.98,0.0,0,46,1,False,False,True
529,35,5,95772.97,1,1,1,112781.5,0.849182896282668,1,175,0,False,True,True
625,42,6,100047.33,1,1,0,93429.95,1.0708157200585031,0,252,0,True,False,True
850,31,3,121237.65,1,1,1,31022.56,3.907921914828601,1,93,0,False,True,False
595,46,5,142360.62,2,1,0,48421.4,2.9399744746233147,0,230,0,True,False,True
592,27,4,0.0,2,1,1,183569.25,0.0,2,108,1,False,False,False
429,27,6,117307.44,2,1,1,24020.49,4.883437288860932,2,162,0,False,False,False
769,40,9,133871.05,1,1,1,50568.02,2.6472937383401933,1,360,0,False,False,False
637,21,10,125712.2,1,0,0,175072.47,0.7180539689994149,0,210,0,False,False,False
700,82,2,0.0,2,0,1,182055.36,0.0,2,164,1,False,False,False
603,46,2,0.0,2,1,1,59563.49,0.0,2,92,1,False,False,True
736,29,4,0.0,2,0,0,51705.01,0.0,0,116,1,False,False,True
646,39,0,154439.86,1,1,0,171519.06,0.9004186449095225,0,0,0,True,False,True
828,41,7,0.0,2,1,0,171378.77,0.0,0,287,1,False,False,False
647,35,6,112668.7,1,0,1,122584.29,0.9191045679298063,1,210,0,False,False,False
687,39,7,0.0,2,1,0,26848.25,0.0,0,273,1,False,False,True
653,29,2,0.0,2,1,1,41671.81,0.0,2,58,1,False,False,True
644,31,5,86006.3,1,1,1,73922.95,1.1634429707828113,1,155,0,False,True,False
582,38,9,135979.01,4,1,1,76582.95,1.775554930243217,4,342,0,False,False,False
712,53,6,134729.99,2,1,1,132702.64,1.015269739398256,2,318,0,True,False,True
675,54,6,0.0,1,1,0,110273.84,0.0,0,324,1,False,False,True
601,43,3,141859.12,2,1,1,111249.62,1.275131050955042,2,129,0,True,False,True
639,35,1,103015.12,2,1,1,139094.12,0.7406091601200675,2,35,0,False,False,False
677,56,0,119963.45,1,0,0,158325.87,0.7576948246371573,0,0,0,False,False,False
729,44,5,0.0,2,0,1,9200.54,0.0,2,220,1,False,False,True
665,25,5,153611.83,2,1,0,35321.65,4.348819525148877,0,125,0,True,False,True
756,60,3,115924.89,1,1,0,93524.19,1.2395044586383626,0,180,0,True,False,False
721,45,7,138523.2,1,0,0,59604.45,2.3240022514719714,0,315,0,True,False,False
687,26,6,0.0,2,1,1,32909.13,0.0,2,156,1,False,False,False
849,41,9,115465.28,1,1,0,103174.5,1.1191152938439843,0,369,0,False,False,False
741,40,4,104784.23,1,1,0,135163.76,0.7752333522435877,0,160,0,False,True,True
628,30,9,132351.29,2,1,1,74169.13,1.7844284484872819,2,270,0,True,False,False
477,48,2,129120.64,1,0,1,26475.79,4.87674827650935,1,96,0,False,True,False
762,39,2,81273.13,1,1,1,18719.67,4.34135797490154,1,78,0,False,True,True
744,50,1,121498.11,2,0,1,106061.47,1.1455334766388148,2,50,0,True,False,False
760,29,5,103607.24,2,0,1,86334.64,1.200051797843857,2,145,0,True,False,True
521,41,2,0.0,2,1,1,113089.43,0.0,2,82,1,False,False,False
694,39,0,107042.74,1,1,1,102284.2,1.0465124964315464,1,0,0,False,True,True
561,29,9,120268.13,1,1,1,173870.39,0.6917074166140846,1,261,0,False,False,True
718,49,10,82321.88,1,0,1,11144.4,7.386175462522655,1,490,0,False,True,False
491,70,6,148745.92,2,1,1,17818.33,8.347447406832917,2,420,0,True,False,True
582,33,2,122394.0,1,1,1,22113.93,5.53445116036994,1,66,0,True,False,True
732,69,9,137453.43,1,0,1,110932.24,1.2390644138763096,1,621,0,False,True,False
502,30,4,0.0,2,1,1,66263.87,0.0,2,120,1,False,False,True
673,32,0,0.0,1,1,1,72873.33,0.0,1,0,1,False,True,False
564,40,4,0.0,1,1,0,85455.62,0.0,0,160,1,False,False,True
695,56,1,0.0,3,1,0,187734.49,0.0,0,56,1,False,True,True
567,38,1,125877.65,2,1,1,107841.77,1.1672330931410608,2,38,0,False,False,False
602,31,7,155271.83,1,1,1,179446.31,0.8652781142275133,1,217,0,False,False,True
550,47,2,0.0,2,1,1,97057.28,0.0,2,94,1,False,False,True
684,26,2,114035.39,1,0,0,96885.19,1.1770035543765318,0,52,0,True,False,False
728,30,10,114835.43,1,0,1,37662.49,3.0489853701821046,1,300,0,False,False,True
796,67,5,0.0,2,0,1,54871.02,0.0,2,335,1,False,True,True
616,36,6,132311.71,1,0,0,15462.84,8.556200141750043,0,216,0,False,True,False
715,35,4,40169.88,2,1,1,199857.47,0.20099163172819245,2,140,0,False,True,False
609,45,4,89122.3,1,1,1,199256.98,0.44727091983969725,1,180,0,False,True,False
782,36,1,148795.17,2,1,1,195681.43,0.7603910581036837,2,36,0,False,False,True
637,33,9,113913.53,1,0,1,65316.5,1.7439970911317795,1,297,0,False,False,False
640,47,6,89047.14,1,1,0,116286.25,0.7657515333796268,0,282,0,False,True,True
583,27,1,125406.58,1,1,1,110784.42,1.1319772944851407,1,27,0,False,False,False
652,27,2,166527.88,2,0,1,146007.7,1.1405339544835342,2,54,0,True,False,True
732,36,7,0.0,2,1,1,60830.24,0.0,2,252,1,False,False,True
578,38,4,113150.44,2,1,0,176712.59,0.640304121488336,0,152,0,True,False,False
609,71,6,113317.1,1,1,0,108258.22,1.0467200853654774,0,426,0,True,False,False
591,30,8,124857.69,2,0,0,50485.7,2.4730808311892045,0,240,0,False,True,True
584,50,1,0.0,1,0,1,152567.75,0.0,1,50,1,False,True,False
549,54,5,92877.33,1,1,0,2619.64,35.44070532389035,0,270,0,True,False,True
641,40,7,0.0,1,1,0,126996.67,0.0,0,280,1,False,False,False
647,28,6,149594.02,2,1,0,102325.19,1.4619328639129434,0,168,0,False,True,True
569,44,4,0.0,2,0,0,134394.78,0.0,0,176,1,False,False,False
537,47,10,0.0,2,0,1,25482.62,0.0,2,470,1,False,False,True
600,43,5,134022.06,1,1,0,194764.83,0.6881189580328336,0,215,0,False,False,False
659,39,1,104502.11,1,1,0,20652.69,5.05973073092508,0,39,0,True,False,False
630,34,9,106937.05,2,1,0,138275.01,0.7733593846105337,0,306,0,True,False,False
579,31,2,90547.48,2,1,1,18800.13,4.816065842850935,2,62,0,True,False,True
794,41,7,176845.41,3,1,0,166526.26,1.061960726430015,0,287,0,False,False,False
719,42,5,137227.04,3,1,0,149097.38,0.9203791483180435,0,210,0,True,False,False
714,54,7,126113.28,1,1,0,112777.38,1.1182398612216278,0,378,0,False,False,True
635,34,5,98683.47,2,1,0,15733.19,6.27191294880766,0,170,0,False,True,False
708,43,0,118994.84,1,1,0,181499.77,0.6556161717661033,0,0,0,True,False,False
482,48,2,69329.47,1,0,0,102640.52,0.6754524874534203,0,96,0,True,False,False
605,47,7,142643.54,1,1,0,189310.27,0.7534867839616733,0,329,0,False,True,True
502,42,8,159660.8,3,1,0,113931.57,1.401362226797833,0,336,0,False,False,False
707,40,5,0.0,2,1,0,41052.82,0.0,0,200,1,False,False,False
749,36,7,0.0,2,0,0,80134.65,0.0,0,252,1,False,True,True
516,27,9,0.0,1,1,0,142680.64,0.0,0,243,1,False,False,True
516,33,7,127305.5,1,1,1,120037.36,1.0605401473329026,1,231,0,False,False,False
692,53,7,150926.99,2,0,0,119817.19,1.2596333661858854,0,371,0,True,False,True
850,35,3,162442.35,1,1,0,183566.78,0.884917549256193,0,105,0,False,False,True
730,36,8,148749.29,2,1,0,91830.75,1.6198024103863862,0,288,0,False,False,False
530,44,6,0.0,2,0,0,55893.37,0.0,0,264,1,False,True,True
680,49,10,0.0,2,1,0,187008.45,0.0,0,490,1,False,False,True
583,26,10,72835.56,2,1,0,96792.15,0.7524867203929204,0,260,0,True,False,False
845,38,2,112803.92,1,1,0,179631.85,0.6279693274364906,0,76,0,False,True,False
751,51,7,148074.79,1,1,0,146411.41,1.0113540921838524,0,357,0,True,False,False
671,34,5,164757.56,1,1,0,110748.88,1.4876545238694614,0,170,0,False,False,False
748,40,3,103499.09,2,0,0,38153.19,2.7126533154025805,0,120,0,True,False,False
742,60,4,0.0,1,1,1,13161.66,0.0,1,240,1,False,False,False
350,39,0,109733.2,2,0,0,123602.11,0.8877867231657844,0,0,0,True,False,True
643,43,1,0.0,2,1,1,145764.4,0.0,2,43,1,False,True,True
606,71,8,0.0,2,1,1,169741.96,0.0,2,568,1,False,False,False
592,38,8,0.0,2,1,0,180426.2,0.0,0,304,1,False,True,True
663,46,2,141726.88,1,1,1,58257.23,2.4327357696929686,1,92,0,True,False,False
607,61,2,164523.5,2,1,1,35786.76,4.59720027182478,2,122,0,True,False,True
599,36,3,128960.21,2,1,1,40318.33,3.1984710559426457,2,108,0,True,False,True
606,39,3,0.0,2,1,0,50560.45,0.0,0,117,1,False,False,False
534,53,7,0.0,2,1,1,80619.17,0.0,2,371,1,False,False,False
610,46,5,91897.8,1,1,0,54394.28,1.6894443782622317,0,230,0,False,True,True
478,35,1,92474.05,1,1,0,178626.07,0.5176933708871785,0,35,0,False,False,True
528,32,0,68138.37,1,1,1,170309.19,0.4000839292117518,1,0,0,False,True,False
531,70,1,0.0,2,0,0,99503.19,0.0,0,70,1,False,True,True
680,58,8,0.0,2,1,1,65708.5,0.0,2,464,1,False,True,False
708,42,8,192390.52,2,1,0,823.36,233.3816779077102,0,336,0,True,False,False
545,47,5,0.0,2,1,1,38970.14,0.0,2,235,1,False,True,False
646,34,3,131283.11,1,0,0,130500.65,1.0059881235218098,0,102,0,False,False,False
801,32,4,75170.54,1,1,1,37898.5,1.98341772318896,1,128,0,False,False,False
706,43,1,0.0,2,1,0,31962.77,0.0,0,43,1,False,True,False
802,40,4,0.0,2,1,1,81908.09,0.0,2,160,1,False,True,True
509,31,3,0.0,2,1,0,15360.91,0.0,0,93,1,False,False,True
764,29,5,0.0,2,1,0,65868.28,0.0,0,145,1,False,True,True
733,36,5,0.0,2,1,1,109127.54,0.0,2,180,1,False,False,True
594,18,1,132694.73,1,1,0,167689.56,0.7913070956409235,0,18,0,True,False,True
773,41,5,0.0,1,1,0,28266.9,0.0,0,205,1,False,True,False
806,30,8,168078.83,1,1,0,85028.36,1.9767152193077777,0,240,0,True,False,True
621,40,8,174126.75,3,1,0,172490.78,1.0094785386294929,0,320,0,True,False,True
714,27,3,0.0,3,1,1,129130.09,0.0,3,81,1,False,True,True
708,32,3,151691.44,2,1,1,172810.51,0.8777855132450378,2,96,0,True,False,True
681,65,7,134714.7,2,0,1,190419.81,0.7074578666060711,2,455,0,False,True,True
625,28,3,0.0,1,0,0,183646.41,0.0,0,84,1,False,False,False
645,43,9,140121.17,1,1,0,11302.7,12.39604465794386,0,387,0,True,False,True
576,45,5,133618.01,1,0,0,135244.87,0.987963699002417,0,225,0,False,True,True
532,60,5,76705.87,2,0,1,13889.73,5.522090631665866,2,300,0,False,False,True
765,34,8,136729.51,2,0,0,47058.21,2.905478226260067,0,272,0,True,False,False
710,31,3,0.0,2,1,1,112289.06,0.0,2,93,1,False,False,False
573,31,0,134644.19,1,1,1,70381.49,1.9130353302362562,1,0,0,True,False,True
658,38,6,102895.1,1,0,0,155665.76,0.6609959634285444,0,228,0,False,False,False
685,50,6,94238.75,2,1,1,50664.07,1.8600339444907508,2,300,0,False,False,False
588,35,3,104356.38,1,1,0,94498.82,1.1043024208935002,0,105,0,True,False,True
611,51,1,122874.74,1,1,1,149648.45,0.8210838061883956,1,51,0,False,True,True
588,24,0,0.0,2,1,1,140586.08,0.0,2,0,1,False,False,False
831,44,3,111100.98,1,1,1,28144.07,3.9474401733589577,1,132,0,True,False,True
625,52,2,79468.96,1,1,1,84606.03,0.9392713584202165,1,104,0,False,False,False
838,31,2,0.0,2,1,0,8222.96,0.0,0,62,1,False,False,True
633,58,2,128137.42,2,1,0,147635.33,0.867926072126014,0,116,0,True,False,True
643,37,6,0.0,2,0,0,142454.77,0.0,0,222,1,False,False,True
671,31,6,105864.6,2,1,0,145567.34,0.7272501699201901,0,186,0,True,False,False
811,40,1,101514.89,1,1,1,121765.0,0.833688303795805,1,40,0,False,False,True
752,48,5,116060.08,1,1,0,156618.38,0.7410326870148509,0,240,0,False,True,True
850,41,3,0.0,2,1,0,128892.36,0.0,0,123,1,False,False,True
638,26,1,105249.76,2,1,1,23491.09,4.480221214885521,2,26,0,True,False,False
650,25,7,160599.06,2,1,1,28391.52,5.656386259479609,2,175,0,False,True,True
535,38,8,127475.24,1,0,0,60775.76,2.097433953372967,0,304,0,True,False,True
610,34,0,103108.17,1,0,0,125646.82,0.8206124865516966,0,0,0,False,False,True
523,35,8,138782.76,1,1,1,186118.93,0.7456630786396707,1,280,0,True,False,True
840,39,1,94968.97,1,1,0,84487.62,1.1240445162910697,0,39,0,False,False,False
802,41,6,0.0,2,1,0,47322.05,0.0,0,246,1,False,True,True
743,42,7,77002.2,2,1,1,80428.42,0.9573884779972304,2,294,0,False,False,True
673,72,1,0.0,2,0,1,111981.19,0.0,2,72,1,False,False,True
825,34,9,0.0,2,1,1,31933.06,0.0,2,306,1,False,False,True
623,40,6,0.0,2,1,1,66119.07,0.0,2,240,1,False,False,True
662,54,1,187997.15,1,0,0,111442.71,1.6869247263932616,0,54,0,False,True,False
616,45,4,122793.96,1,1,1,62002.04,1.980450635968817,1,180,0,True,False,False
602,22,7,141604.76,1,1,0,30379.6,4.661025786192505,0,154,0,False,True,False
751,36,6,169831.46,2,1,1,27758.36,6.117989031447411,2,216,0,True,False,False
632,30,2,72549.0,2,0,1,182728.8,0.39702883711359616,2,60,0,True,False,True
607,44,0,0.0,2,1,1,81140.09,0.0,2,0,1,False,False,True
660,35,9,113948.58,1,1,0,188891.96,0.6032441865488264,0,315,0,True,False,True
540,22,4,0.0,3,1,1,186233.26,0.0,3,88,1,False,False,True
699,40,8,122038.34,1,1,0,102085.35,1.1954422897870283,0,320,0,False,False,False
760,28,1,141038.57,2,0,0,16287.38,8.658845753844153,0,28,0,False,True,True
748,39,3,0.0,2,1,1,123998.52,0.0,2,117,1,False,True,True
682,36,5,72373.62,2,1,0,36895.99,1.9615047189486188,0,180,0,True,False,True
600,58,8,118723.11,1,0,0,6209.51,19.116483187371085,0,464,0,True,False,False
619,46,8,62400.48,1,1,1,132498.39,0.4709491870113515,1,368,0,False,True,True
717,59,4,0.0,2,1,1,170528.63,0.0,2,236,1,False,False,False
502,40,7,117304.29,1,0,0,196278.32,0.5976395781277416,0,280,0,True,False,False
758,30,3,141581.08,1,1,0,156249.06,0.9061185640504713,0,90,0,False,False,False
668,25,8,0.0,2,1,1,135112.09,0.0,2,200,1,False,True,True
742,35,5,136857.0,1,0,0,84509.57,1.6194068978590488,0,175,0,True,False,True
614,49,1,0.0,2,1,0,192440.54,0.0,0,49,1,False,False,True
506,41,1,0.0,2,1,0,31766.3,0.0,0,41,1,False,False,False
657,25,2,171770.55,1,1,0,22745.5,7.551515617787351,0,50,0,True,False,True
690,36,10,0.0,2,1,0,55902.93,0.0,0,360,1,False,True,True
570,36,3,0.0,2,1,0,92118.75,0.0,0,108,1,False,False,False
462,24,9,69881.09,2,0,1,64421.02,1.084739193213749,2,216,0,True,False,False
595,34,2,87967.42,2,0,1,156309.52,0.5627735100618948,2,68,0,True,False,True
605,56,1,74129.18,2,1,1,62199.78,1.191772514749815,2,56,0,True,False,False
737,38,6,146282.79,2,1,0,198516.2,0.7368771572438055,0,228,0,False,True,True
576,33,3,0.0,2,0,1,190112.05,0.0,2,99,1,False,True,True
584,62,9,137727.34,2,0,1,121102.9,1.1372659344579323,2,558,0,True,False,False
540,39,1,0.0,1,0,1,108419.41,0.0,1,39,1,False,True,True
506,50,3,0.0,2,1,0,12016.79,0.0,0,150,1,False,True,True
639,38,4,81550.94,2,0,1,118974.77,0.6854415819288247,2,152,0,False,False,False
850,34,6,101266.51,1,1,0,33501.98,3.022612018393587,0,204,0,False,False,False
694,33,4,129731.64,2,1,0,178123.86,0.7283185513801949,0,132,0,False,False,False
625,32,7,106957.28,1,1,1,134794.02,0.7934809461061693,1,224,0,False,True,True
717,35,4,0.0,1,1,1,167573.06,0.0,1,140,1,False,False,True
707,48,8,88441.64,1,1,1,119903.2,0.7376025193446101,1,384,0,False,True,True
679,40,7,0.0,2,1,1,163757.29,0.0,2,280,1,False,True,False
743,35,6,79388.33,1,1,1,193360.69,0.4105690739463438,1,210,0,False,True,True
785,33,6,127211.45,1,0,0,191961.83,0.6626879276576617,0,198,0,True,False,False
681,41,0,120549.29,2,1,0,175722.31,0.6860176376144974,0,0,0,False,False,False
592,31,2,84102.11,2,0,1,116385.24,0.7226121404042265,2,62,0,False,False,False
787,25,5,0.0,2,1,0,47307.9,0.0,0,125,1,False,False,True
734,54,3,0.0,1,1,0,130805.54,0.0,0,162,1,False,False,False
596,27,2,151027.56,1,1,0,170320.58,0.886720050389387,0,54,0,True,False,False
527,46,10,131414.76,1,1,0,54947.51,2.391598243519251,0,460,0,False,True,False
665,40,1,173432.55,1,0,1,116766.79,1.4852773183426697,1,40,0,False,True,False
518,35,8,141665.63,1,0,1,192776.64,0.7348654646877096,1,280,0,True,False,False
795,33,9,130862.43,1,1,1,114935.21,1.1385657313739508,1,297,0,True,False,False
500,56,1,100374.58,1,1,0,118490.8,0.8471014871915188,0,56,0,False,False,True
695,42,0,0.0,2,0,1,140724.64,0.0,2,0,1,False,False,False
559,34,5,68999.66,2,1,1,66879.27,1.0316893158475586,2,170,0,False,False,False
700,35,4,95853.39,2,1,0,192933.37,0.49681863319635583,0,140,0,True,False,True
731,41,9,152243.57,1,1,1,88783.59,1.7147521884146788,1,369,0,False,False,False
731,30,5,0.0,2,1,0,189528.72,0.0,0,150,1,False,False,False
565,47,10,139756.12,1,1,0,165849.49,0.84266329270417,0,470,0,True,False,False
672,37,5,153195.59,1,1,1,162763.01,0.9412129253881124,1,185,0,False,False,True
850,29,7,0.0,2,1,0,23237.25,0.0,0,203,1,False,True,False
634,26,8,0.0,1,1,0,21760.96,0.0,0,208,1,False,False,True
614,43,6,0.0,2,1,1,109041.53,0.0,2,258,1,False,False,False
506,40,3,0.0,1,1,1,144345.58,0.0,1,120,1,False,False,False
757,26,8,121581.56,2,1,1,127059.04,0.9568827461411157,2,208,0,True,False,True
743,35,1,146781.24,1,1,0,189307.7,0.775353906080386,0,35,0,True,False,False
461,28,8,0.0,1,1,1,103349.74,0.0,1,224,1,False,False,False
479,34,5,117593.48,2,0,0,113308.29,1.0378096976867475,0,170,0,False,False,True
829,50,7,0.0,2,0,1,178458.86,0.0,2,350,1,False,True,True
703,36,2,0.0,2,1,0,108790.95,0.0,0,72,1,False,False,True
727,30,8,119027.28,2,1,1,137903.54,0.8631135711703182,2,240,0,True,False,False
666,40,2,0.0,2,0,0,36371.27,0.0,0,80,1,False,False,False
649,37,9,87374.88,2,1,1,247.36,351.80737638911256,2,333,0,False,False,True
701,35,2,0.0,2,1,1,65765.22,0.0,2,70,1,False,False,False
751,42,4,0.0,2,1,1,81442.6,0.0,2,168,1,False,False,True
586,52,6,140900.97,1,1,1,67288.89,2.0939396690944214,1,312,0,False,False,False
738,37,8,100565.94,1,1,1,128799.86,0.7807862463030139,1,296,0,False,True,False
598,40,2,171178.25,1,1,0,137980.58,1.2405876929369848,0,80,0,False,False,False
456,32,9,147506.25,1,1,1,135399.21,1.089409314800915,1,288,0,False,True,True
788,41,6,0.0,1,1,1,25571.37,0.0,1,246,1,False,False,False
833,39,3,0.0,2,1,0,1710.89,0.0,0,117,1,False,False,False
634,35,3,0.0,2,1,1,19515.48,0.0,2,105,1,False,True,True
685,40,7,0.0,2,1,0,103898.59,0.0,0,280,1,False,False,False
682,24,9,57929.81,2,0,0,53134.3,1.0902321055870579,0,216,0,True,False,True
540,64,1,91869.69,1,0,1,95421.0,0.9627726310494436,1,64,0,True,False,True
729,46,5,117837.43,1,1,0,104016.61,1.1328603877747239,0,230,0,True,False,True
850,49,8,98649.55,1,1,0,119174.88,0.8277643932648117,0,392,0,True,False,True
715,45,4,0.0,2,1,1,55043.93,0.0,2,180,1,False,False,True
763,32,8,0.0,2,1,0,16725.53,0.0,0,256,1,False,True,False
604,35,7,147285.52,1,1,1,57807.05,2.5478375416572603,1,245,0,False,True,False
732,43,6,0.0,2,1,0,65731.53,0.0,0,258,1,False,False,False
766,45,6,0.0,2,0,0,147184.74,0.0,0,270,1,False,False,False
655,32,6,130935.56,1,1,0,9241.83,14.16617637671579,0,192,0,True,False,False
563,24,7,0.0,2,0,0,16319.56,0.0,0,168,1,False,True,True
698,46,0,0.0,2,1,1,125962.02,0.0,2,0,1,False,False,False
787,43,0,132217.45,1,1,0,20955.03,6.309279477076528,0,0,0,True,False,True
797,31,9,0.0,2,1,1,24748.89,0.0,2,279,1,False,False,True
475,46,10,0.0,2,0,0,122953.0,0.0,0,460,1,False,False,False
592,31,7,124593.23,1,1,0,86079.67,1.447400792767993,0,217,0,True,False,True
568,44,7,0.0,2,0,0,62370.67,0.0,0,308,1,False,False,False
533,38,4,70362.52,2,1,1,104189.46,0.6753259367508311,2,152,0,True,False,True
612,44,2,115163.38,1,1,1,97677.52,1.179004145435455,1,88,0,True,False,True
579,33,6,0.0,1,1,0,94993.04,0.0,0,198,1,False,True,True
666,31,2,79589.43,1,0,0,4050.57,19.64409599241775,0,62,0,False,False,False
594,40,0,152092.44,2,1,1,83508.93,1.8212497603578404,2,0,0,True,False,True
650,25,3,86605.5,3,1,0,16649.31,5.201434688002806,0,75,0,False,True,False
729,30,9,0.0,2,1,0,151869.35,0.0,0,270,1,False,False,True
452,33,7,153663.27,1,1,0,111868.23,1.3735972796094154,0,231,0,True,False,True
664,36,6,71142.77,2,1,0,122433.09,0.5810699454702527,0,216,0,True,False,True
443,54,3,138547.97,1,1,1,70196.23,1.9736956857129548,1,162,0,False,False,False
684,36,4,0.0,1,1,0,117038.96,0.0,0,144,1,False,True,False
580,38,1,128218.47,1,1,0,125953.83,1.0179718395872552,0,38,0,True,False,False
517,45,4,0.0,1,0,0,172674.36,0.0,0,180,1,False,False,False
485,21,5,113157.22,1,1,1,54141.5,2.089988825783811,1,105,0,False,True,False
500,44,9,160838.13,2,1,0,196261.64,0.8195045679605655,0,396,0,True,False,True
575,26,7,0.0,2,1,0,112507.63,0.0,0,182,1,False,True,False
526,34,3,122726.56,1,1,1,46772.36,2.623855972716093,1,102,0,True,False,True
712,28,4,145605.44,1,0,1,93883.53,1.5508991736977327,1,112,0,True,False,True
627,70,1,94416.78,1,0,1,145299.5,0.6498035450669475,1,70,0,False,False,True
449,21,7,0.0,2,0,0,175743.92,0.0,0,147,1,False,False,False
567,37,7,0.0,2,1,1,28690.9,0.0,2,259,1,False,False,False
471,28,5,0.0,2,1,1,22356.97,0.0,2,140,1,False,True,False
721,57,1,0.0,1,1,1,195940.96,0.0,1,57,1,False,True,True
787,33,1,126588.81,2,0,1,62163.53,2.0363511153386025,2,33,0,False,False,True
435,44,3,151739.65,1,1,0,167461.5,0.9061112189296111,0,132,0,True,False,True
639,41,5,98635.77,1,1,0,199970.74,0.4932485460195526,0,205,0,True,False,False
517,39,3,0.0,2,0,1,12465.51,0.0,2,117,1,False,True,True
699,36,6,147137.74,1,1,1,33687.9,4.367543612287727,1,216,0,True,False,True
635,42,1,146766.72,2,0,1,164357.1,0.8929691934866612,2,42,0,False,False,True
670,42,1,115961.58,2,0,1,29483.87,3.9329181373362,2,42,0,False,False,False
686,60,9,0.0,3,1,1,75246.21,0.0,3,540,1,False,False,True
724,40,6,110054.45,1,1,1,86950.72,1.2656960667368051,1,240,0,False,False,False
726,56,8,123110.9,3,0,1,130113.78,0.9461715264015356,3,448,0,False,True,False
666,53,5,64646.7,1,1,0,128019.48,0.5049715483022716,0,265,0,False,False,True
642,72,1,160541.0,2,1,1,142223.94,1.1287823359250495,2,72,0,False,False,True
543,35,10,59408.63,1,1,0,76773.53,0.7738064954614505,0,350,0,False,True,True
467,39,5,0.0,2,1,1,7415.96,0.0,2,195,1,False,True,True
693,43,4,152341.55,1,1,0,9241.78,16.48222179906911,0,172,0,False,False,False
552,29,10,0.0,2,1,0,12186.83,0.0,0,290,1,False,False,True
666,44,2,122314.5,1,0,0,68574.88,1.783637337209526,0,88,0,True,False,False
561,33,6,0.0,2,0,0,173680.39,0.0,0,198,1,False,False,True
671,48,6,119769.77,1,0,1,66032.65,1.8137687376057512,1,288,0,False,False,False
554,27,4,0.0,2,1,1,135083.73,0.0,2,108,1,False,True,False
675,50,1,133204.91,1,0,1,8270.06,16.1049381820468,1,50,0,False,True,False
661,35,9,100107.99,1,1,0,83949.68,1.1924619312196163,0,315,0,False,False,True
468,28,3,0.0,2,1,0,170661.02,0.0,0,84,1,False,True,True
619,55,0,0.0,3,0,0,60810.64,0.0,0,0,1,False,False,False
494,38,7,0.0,2,1,1,6203.66,0.0,2,266,1,False,True,True
834,33,5,0.0,2,1,0,66285.18,0.0,0,165,1,False,True,True
625,51,7,136294.97,1,1,0,38867.46,3.50656985123671,0,357,0,False,False,False
648,39,3,126935.98,2,0,1,57995.74,2.1886743979058134,2,117,0,True,False,False
825,36,3,146053.66,1,1,1,138344.7,1.055715211965388,1,108,0,False,False,False
805,37,5,0.0,2,1,0,21928.81,0.0,0,185,1,False,True,True
656,68,7,153545.11,1,1,1,186574.68,0.822964225562517,1,476,0,True,False,True
573,27,4,0.0,2,1,1,157549.6,0.0,2,108,1,False,False,False
819,38,10,0.0,2,1,0,30498.7,0.0,0,380,1,False,False,False
673,32,8,121240.76,1,1,0,116969.73,1.0365051154250298,0,256,0,False,False,True
611,49,2,88915.37,3,0,0,161435.02,0.55077776322781,0,98,0,False,False,False
667,42,7,0.0,1,0,1,108348.94,0.0,1,294,1,False,False,True
520,35,9,105387.89,1,1,1,25059.06,4.205412516969233,1,315,0,False,False,True
730,43,1,103960.38,1,1,1,193650.16,0.5368435696434765,1,43,0,False,True,False
614,37,8,75150.34,4,0,1,131766.67,0.5703245720289354,4,296,0,False,False,False
660,38,6,109869.32,1,1,1,154641.91,0.7104711105087198,1,228,0,False,True,True
556,43,4,125890.72,1,1,1,74854.97,1.681772609452526,1,172,0,True,False,False
741,50,1,78737.61,1,1,1,13018.96,6.047454062838903,1,50,0,False,True,True
630,26,5,0.0,2,1,0,182612.38,0.0,0,130,1,False,False,False
513,72,3,98903.06,1,1,1,81251.24,1.2172348725401292,1,216,0,False,True,True
574,33,3,134348.57,1,1,0,63163.99,2.1269467469242063,0,99,0,False,False,False
686,41,10,0.0,1,1,0,133086.45,0.0,0,410,1,False,False,False
524,36,10,0.0,2,1,0,109614.57,0.0,0,360,1,False,False,False
422,33,2,0.0,2,1,0,102655.31,0.0,0,66,1,False,False,False
610,46,5,116886.59,1,0,0,107973.44,1.082539441741953,0,230,0,False,True,False
562,31,4,127237.25,2,0,1,143317.42,0.887794116066867,2,124,0,True,False,True
819,38,9,122334.26,2,1,1,181507.44,0.6739866201263147,2,342,0,False,False,True
512,41,8,145150.28,1,1,0,64869.32,2.237545305773118,0,328,0,False,False,False
687,26,2,142721.52,1,1,1,153605.75,0.9291357313399313,1,52,0,True,False,True
627,27,2,0.0,2,1,0,125451.01,0.0,0,54,1,False,False,False
658,25,3,0.0,2,0,1,173948.4,0.0,2,75,1,False,False,True
707,34,9,162691.16,2,1,0,94912.78,1.7140942021274466,0,306,0,True,False,True
544,53,9,0.0,1,1,0,125692.07,0.0,0,477,1,False,True,False
425,40,9,166776.6,2,0,1,172646.88,0.9659927477823649,2,360,0,True,False,True
797,46,8,0.0,1,0,0,162668.33,0.0,0,368,1,False,False,False
649,40,4,95001.33,1,0,1,123202.99,0.7710897187664133,1,160,0,True,False,True
626,47,2,103108.8,1,0,1,166475.44,0.6193597124013465,1,94,0,True,False,False
729,39,6,127415.85,1,1,1,184977.2,0.6888154928526713,1,234,0,True,False,True
749,46,9,66582.81,1,1,0,78753.12,0.8454517681106716,0,414,0,False,True,False
680,51,5,143139.87,1,0,0,47795.43,2.994781618627165,0,255,0,True,False,False
658,32,5,145553.07,1,1,1,31484.76,4.6228221900948245,1,160,0,False,True,False
567,40,2,105222.86,2,1,0,93795.86,1.1218164446016636,0,80,0,True,False,False
689,47,2,118812.5,2,0,0,31121.42,3.8175855219484864,0,94,0,True,False,True
613,45,9,142765.24,2,1,0,34749.65,4.108275384776975,0,405,0,True,False,False
461,74,1,186445.31,2,1,1,196767.83,0.9475347797717759,2,74,0,True,False,False
663,30,4,0.0,3,1,0,101371.05,0.0,0,120,1,False,True,True
579,31,9,0.0,1,0,1,139048.0,0.0,1,279,1,False,False,True
613,45,1,187841.99,2,1,1,147224.27,1.2758814434505708,2,45,0,False,False,False
674,37,3,0.0,1,1,0,158049.9,0.0,0,111,1,False,False,True
612,62,8,140745.33,1,1,0,193437.89,0.7275958314276926,0,496,0,True,False,False
618,21,2,125682.79,1,0,0,57762.0,2.1758355694821945,0,42,0,False,False,False
719,39,5,0.0,2,1,0,145759.7,0.0,0,195,1,False,True,True
721,35,6,118273.83,1,0,1,3086.89,38.30247515293615,1,210,0,False,False,False
664,49,5,127421.78,2,1,0,108876.75,1.1703197393406826,0,245,0,True,False,False
778,41,7,139706.31,1,1,0,63337.19,2.205719961369278,0,287,0,True,False,True
687,47,7,0.0,2,1,1,177624.01,0.0,2,329,1,False,False,False
633,29,0,138577.34,1,1,0,193362.99,0.716665703888299,0,0,0,True,False,False
582,35,8,121309.17,2,1,1,28750.67,4.219204310567004,2,280,0,True,False,True
624,26,9,74681.9,2,0,0,31231.35,2.3911713335691998,0,234,0,False,False,True
815,57,5,0.0,3,0,0,38941.44,0.0,0,285,1,False,True,False
749,47,9,110022.74,1,0,1,135655.29,0.8110404611536995,1,423,0,True,False,True
791,34,7,0.0,2,1,0,96734.46,0.0,0,238,1,False,False,True
653,43,6,0.0,2,1,1,7330.59,0.0,2,258,1,False,False,False
850,55,0,98710.89,1,1,1,83617.17,1.180495698482758,1,0,0,True,False,True
577,26,1,180530.51,1,0,0,123454.62,1.4623109907835707,0,26,0,False,False,False
682,55,9,0.0,1,1,0,153356.8,0.0,0,495,1,False,False,True
758,26,4,155739.76,1,1,0,171552.02,0.9078228992995869,0,104,0,False,False,True
744,44,3,0.0,2,1,1,189016.14,0.0,2,132,1,False,False,False
637,27,1,0.0,2,1,0,91291.2,0.0,0,27,1,False,False,True
666,33,2,124125.26,1,1,0,81884.8,1.5158337587225135,0,66,0,True,False,True
665,34,5,67816.72,1,1,1,29641.58,2.287814353541426,1,170,0,False,False,False
501,40,4,125832.2,1,1,1,100433.83,1.2528741274316888,1,160,0,False,False,True
761,38,1,120530.13,2,1,0,109394.62,1.1017820457528373,0,38,0,True,False,False
822,38,6,128289.7,3,1,0,9149.96,14.019261367113398,0,228,0,False,False,True
535,30,5,122924.75,1,0,0,62390.59,1.9702134534478126,0,150,0,False,True,False
687,38,0,144450.58,1,0,1,137276.83,1.052249878949864,1,0,0,False,False,True
614,36,1,44054.84,1,1,1,73329.08,0.6007744707219738,1,36,0,False,True,False
728,39,6,152182.83,1,0,0,161203.6,0.944035281871609,0,234,0,True,False,True
604,71,10,0.0,2,1,1,129984.2,0.0,2,710,1,False,True,False
561,37,4,101470.29,1,0,1,88838.14,1.142180012098271,1,148,0,False,True,True
640,28,7,0.0,2,1,1,131097.9,0.0,2,196,1,False,False,True
558,35,1,0.0,2,0,0,111687.57,0.0,0,35,1,False,False,True
588,35,0,0.0,2,1,1,155485.24,0.0,2,0,1,False,False,False
706,29,5,112564.62,1,1,0,42334.38,2.65887822431262,0,145,0,False,False,False
548,44,8,0.0,1,1,0,16989.77,0.0,0,352,1,False,True,True
604,42,10,166031.45,1,1,0,98293.14,1.6891286703357902,0,420,0,True,False,False
555,62,4,119817.33,1,0,1,43507.1,2.753908582539803,1,248,0,True,False,True
744,39,4,95161.75,1,1,0,19409.77,4.90252318686997,0,156,0,False,True,True
690,36,10,91760.11,1,1,1,135784.94,0.6757703338062836,1,360,0,False,True,False
625,45,3,0.0,1,1,1,184474.15,0.0,1,135,1,False,False,False
481,28,10,0.0,2,1,0,145215.96,0.0,0,280,1,False,False,False
602,35,8,0.0,2,1,1,152843.53,0.0,2,280,1,False,False,False
601,42,9,133636.16,1,0,1,103315.74,1.293460866070687,1,378,0,True,False,False
525,33,1,112833.35,1,0,1,175178.56,0.6441011154497706,1,33,0,False,False,True
577,41,4,89015.61,1,0,1,135227.23,0.6582620359668983,1,164,0,False,True,True
767,37,7,0.0,2,1,1,24734.25,0.0,2,259,1,False,True,True
744,29,1,0.0,1,0,0,82422.97,0.0,0,29,1,False,False,True
591,39,4,150500.64,1,1,0,14928.8,10.080552987983765,0,156,0,False,False,False
604,25,5,157780.84,2,1,1,58426.81,2.7004407661351677,2,125,0,True,False,False
453,42,5,0.0,3,1,0,83008.49,0.0,0,210,1,False,True,False
458,35,5,166492.48,1,1,0,135287.74,1.2306455067879265,0,175,0,False,True,False
667,36,3,121542.57,2,1,1,186841.71,0.650507424132309,2,108,0,False,True,False
599,36,4,0.0,2,0,0,13210.56,0.0,0,144,1,False,True,True
739,29,3,59385.98,2,1,1,105533.96,0.5627138154029717,2,87,0,True,False,True
499,29,6,148051.52,1,1,0,118623.94,1.2480640243105707,0,174,0,True,False,False
850,40,1,76914.21,1,1,0,174183.44,0.44156762796952476,0,40,0,False,False,True
589,29,2,0.0,2,0,1,98320.27,0.0,2,58,1,False,False,True
466,30,3,0.0,1,1,0,193984.6,0.0,0,90,1,False,False,False
631,51,8,100654.8,1,1,0,171587.9,0.5866043782552368,0,408,0,False,False,True
703,33,8,190566.65,1,1,1,79997.14,2.382138509720351,1,264,0,False,False,False
465,25,2,78247.31,2,1,1,10472.31,7.471115626291975,2,50,0,False,False,True
766,45,6,97652.96,1,1,0,127332.33,0.766908082903353,0,270,0,True,False,False
577,42,9,0.0,1,1,0,74077.91,0.0,0,378,1,False,False,True
520,46,10,85216.61,1,1,0,117369.52,0.7260478184811654,0,460,0,False,False,False
762,53,1,102520.37,1,1,1,170195.4,0.6023650911535144,1,53,0,False,False,True
580,42,2,123331.36,1,0,0,103516.08,1.1914107314464435,0,84,0,True,False,False
595,41,2,138878.81,1,0,1,112269.67,1.2369999217070673,1,82,0,True,False,False
779,29,3,46388.16,3,1,0,127939.26,0.3625767213541696,0,87,0,False,False,False
695,27,6,125552.96,1,1,0,105291.26,1.1924234506885882,0,162,0,True,False,True
648,28,8,90371.09,1,1,1,146851.73,0.6153858358642702,1,224,0,True,False,False
427,42,1,75681.52,1,1,1,57098.0,1.3254438781765006,1,42,0,True,False,True
704,54,6,133656.91,3,1,0,145071.33,0.9213122171540226,0,324,0,True,False,False
556,31,1,128663.81,2,1,0,125083.29,1.02861686307689,0,31,0,True,False,False
665,36,1,0.0,2,0,1,121505.61,0.0,2,36,1,False,False,True
850,40,5,0.0,2,1,0,35034.15,0.0,0,200,1,False,False,False
505,36,2,79951.9,1,0,1,174123.16,0.459166034167803,1,72,0,False,False,False
667,34,5,0.0,2,1,1,102908.63,0.0,2,170,1,False,False,True
850,47,6,0.0,1,1,0,187391.02,0.0,0,282,1,False,False,True
519,38,1,114141.64,1,1,1,60988.21,1.87150546793441,1,38,0,True,False,True
520,39,6,145644.05,1,0,0,104118.93,1.3988104870988676,0,234,0,False,False,False
727,41,10,0.0,2,0,1,47468.56,0.0,2,410,1,False,True,False
701,63,3,120916.52,3,0,0,144727.45,0.8354716712574479,0,189,0,True,False,True
554,35,6,117707.18,2,0,0,95277.15,1.235405809201795,0,210,0,False,False,False
529,43,5,0.0,2,0,0,79476.63,0.0,0,215,1,False,True,False
608,33,4,0.0,1,1,0,79304.38,0.0,0,132,1,False,False,False
777,36,7,0.0,1,1,0,106472.34,0.0,0,252,1,False,False,True
670,54,2,95507.12,1,1,1,63213.31,1.5108465156069883,1,108,0,False,False,False
752,32,9,115587.49,2,0,1,101677.46,1.1367942630130314,2,288,0,True,False,True
643,34,8,117451.47,1,1,0,65374.86,1.7965571695729892,0,272,0,False,True,False
526,50,5,124233.24,1,0,1,159456.87,0.7790975760556692,1,250,0,True,False,True
418,46,9,0.0,1,1,1,81014.5,0.0,1,414,1,False,False,False
622,30,4,107879.04,1,0,1,196894.62,0.5478996434760712,1,120,0,False,False,False
540,39,2,0.0,2,1,0,81995.92,0.0,0,78,1,False,True,True
667,71,4,137260.78,1,0,1,94433.08,1.4535089450757608,1,284,0,False,True,True
567,34,10,0.0,2,0,1,161571.79,0.0,2,340,1,False,True,True
676,30,5,0.0,2,0,0,179066.58,0.0,0,150,1,False,True,False
623,48,1,108076.33,1,1,0,118855.26,0.9093027998693548,0,48,0,True,False,False
712,33,6,0.0,2,1,1,190686.16,0.0,2,198,1,False,False,False
677,36,7,0.0,1,1,0,47318.75,0.0,0,252,1,False,False,False
660,34,1,0.0,2,1,0,9692.58,0.0,0,34,1,False,False,True
705,33,3,144427.96,2,1,0,113845.19,1.2686235700992716,0,99,0,False,False,True
571,44,9,0.0,2,0,0,38433.35,0.0,0,396,1,False,False,True
609,37,5,129312.79,1,1,1,26793.82,4.8260368981765875,1,185,0,False,True,True
655,45,0,0.0,2,1,0,166830.71,0.0,0,0,1,False,False,False
850,39,8,0.0,2,1,1,37090.44,0.0,2,312,1,False,True,True
528,32,2,99092.45,1,0,1,111149.98,0.8915121576076073,1,64,0,True,False,True
525,57,2,145965.33,1,1,1,64448.36,2.26480650855183,1,114,0,False,True,False
711,41,3,0.0,2,1,1,193747.57,0.0,2,123,1,False,False,True
553,38,1,181110.13,2,1,0,184544.59,0.9813842205603505,0,38,0,False,True,True
694,34,5,127900.03,1,1,0,101737.8,1.2571411300310205,0,170,0,False,False,True
535,30,6,103804.97,1,1,1,125710.53,0.82573945285687,1,180,0,False,False,True
818,49,2,0.0,1,0,1,192298.84,0.0,1,98,1,False,False,False
680,33,10,183768.47,1,1,0,164119.35,1.119717755902909,0,330,0,False,False,True
680,27,3,0.0,1,1,0,32454.26,0.0,0,81,1,False,False,True
625,52,5,164978.01,1,1,1,67788.49,2.4336812387879005,1,260,0,False,False,True
639,32,9,0.0,2,1,0,111340.36,0.0,0,288,1,False,False,True
628,29,9,71996.29,1,1,1,34857.46,2.06538929143743,1,261,0,False,False,False
771,27,2,0.0,2,1,1,199527.34,0.0,2,54,1,False,False,True
641,35,5,0.0,2,1,0,93148.93,0.0,0,175,1,False,False,True
627,28,5,71097.23,1,1,1,130504.49,0.5447834416774343,1,140,0,True,False,True
688,45,9,103399.87,1,0,0,129870.93,0.7961679633158605,0,405,0,True,False,True
486,27,7,0.0,2,1,0,28823.04,0.0,0,189,1,False,True,True
614,35,1,0.0,2,1,1,3342.62,0.0,2,35,1,False,False,False
576,30,7,132174.41,2,0,0,93767.03,1.409589281122788,0,210,0,True,False,True
592,38,0,0.0,1,1,0,65986.48,0.0,0,0,1,False,True,True
850,38,1,106871.81,2,1,0,29333.01,3.64327311540427,0,38,0,False,False,False
556,38,2,114756.14,1,1,0,193214.05,0.5939296136610477,0,76,0,False,False,True
768,29,2,95984.69,2,1,1,73686.75,1.3025867935986646,2,58,0,False,False,True
550,38,9,140278.99,3,1,1,171457.06,0.8181533723174051,3,342,0,False,False,True
649,36,8,0.0,2,1,0,161668.15,0.0,0,288,1,False,True,True
850,28,8,99986.98,1,1,0,196582.55,0.5086233308941669,0,224,0,False,False,True
717,40,0,98241.04,1,1,0,110887.14,0.885947225735773,0,0,0,False,False,True
606,41,4,132670.53,1,1,0,156476.36,0.8478576709116259,0,164,0,True,False,False
741,37,9,105261.76,2,1,1,149503.54,0.704070658991359,2,333,0,False,False,True
555,51,9,138214.5,1,1,0,198715.27,0.6955369079743697,0,459,0,True,False,False
807,28,7,165969.26,3,1,0,156122.13,1.063066439931098,0,196,0,False,True,False
543,64,4,0.0,2,1,1,148305.82,0.0,2,256,1,False,False,True
556,54,4,150005.38,1,1,0,157015.5,0.9553478774523697,0,216,0,False,False,False
538,31,1,0.0,2,1,0,1375.46,0.0,0,31,1,False,False,True
768,42,5,0.0,3,0,0,60686.4,0.0,0,210,1,False,False,True
523,60,1,163894.35,1,0,1,57061.71,2.8721795722635677,1,60,0,True,False,True
515,37,2,90432.92,1,1,1,188366.04,0.480088873297579,1,74,0,True,False,True
656,27,4,118627.16,2,1,1,160835.3,0.7375645920728096,2,108,0,True,False,True
593,32,6,99162.29,1,1,0,128384.11,0.7723815479848091,0,192,0,False,False,True
668,45,4,102486.21,2,1,1,158379.25,0.6470895834550079,2,180,0,False,True,True
545,32,6,0.0,2,1,1,52067.37,0.0,2,192,1,False,False,False
577,29,7,0.0,2,1,1,55473.15,0.0,2,203,1,False,False,True
570,61,6,142105.35,1,1,1,45214.04,3.142877900804688,1,366,0,False,False,False
510,44,6,0.0,2,1,1,175518.31,0.0,2,264,1,False,False,True
682,81,6,122029.15,1,1,1,50783.88,2.4028638051325513,1,486,0,True,False,True
850,28,4,147972.19,1,1,0,60708.72,2.4373723021618283,0,112,0,True,False,True
483,48,1,0.0,2,1,1,110059.38,0.0,2,48,1,False,False,True
575,22,8,105229.34,1,1,1,34397.08,3.0591631858522335,1,176,0,False,True,False
709,36,8,0.0,2,1,1,69676.55,0.0,2,288,1,False,False,False
815,56,3,0.0,3,1,1,94248.16,0.0,3,168,1,False,False,False
676,35,0,0.0,2,0,0,139911.58,0.0,0,0,1,False,True,True
718,35,2,167924.95,1,1,0,43024.64,3.9029041752778113,0,70,0,False,False,False
592,36,10,123187.51,1,0,1,146111.35,0.8431012847305515,1,360,0,True,False,True
616,29,9,0.0,1,1,1,166984.44,0.0,1,261,1,False,False,True
600,28,6,0.0,2,0,1,52193.23,0.0,2,168,1,False,False,False
682,38,1,116520.28,1,1,1,49833.5,2.338144859484895,1,38,0,True,False,False
620,25,8,141825.88,1,1,1,73857.94,1.9202263124816035,1,200,0,True,False,False
461,25,6,0.0,2,1,1,15306.29,0.0,2,150,1,False,True,False
518,28,9,85146.36,1,0,0,2803.89,30.356399003169468,0,252,0,False,False,False
764,41,7,0.0,2,0,0,134878.34,0.0,0,287,1,False,False,True
585,28,6,105795.9,1,1,1,41219.09,2.566610116571798,1,168,0,False,False,False
736,28,2,0.0,2,1,1,117431.1,0.0,2,56,1,False,True,False
684,40,2,70291.02,1,1,1,115468.84,0.6087392170977288,1,80,0,False,True,True
687,38,9,122570.87,1,1,1,35608.88,3.4420467016457232,1,342,0,False,False,True
780,76,10,121313.88,1,0,1,64872.33,1.870011605693742,1,760,0,False,False,True
549,50,9,94748.76,2,0,1,13608.18,6.962121156454686,2,450,0,False,False,True
610,40,0,0.0,2,1,0,62232.6,0.0,0,0,1,False,False,True
645,40,3,129596.77,1,1,1,103232.6,1.2553739286433874,1,120,0,False,False,False
653,60,2,120731.39,4,1,1,138160.11,0.8738449625947563,4,120,0,False,False,False
522,34,9,126436.29,1,1,0,174248.52,0.7256048108482595,0,306,0,False,True,True
703,28,2,81173.83,2,0,1,162812.16,0.49857044725377236,2,56,0,False,False,True
549,49,6,124829.16,1,0,1,93551.36,1.3343240085017631,1,294,0,True,False,False
503,29,3,0.0,2,1,1,143954.99,0.0,2,87,1,False,False,True
689,28,5,95328.6,1,1,0,6129.61,15.549610887007983,0,140,0,False,True,False
569,35,2,109196.66,3,1,0,109393.19,0.9981943282362619,0,70,0,True,False,True
597,22,6,101528.61,1,1,0,70529.0,1.4395095703955763,0,132,0,True,False,False
648,34,0,0.0,1,1,1,167931.81,0.0,1,0,1,False,False,True
646,36,6,144773.29,2,1,0,53217.3,2.72036667837943,0,216,0,True,False,False
777,53,10,0.0,2,1,0,189992.97,0.0,0,530,1,False,False,False
637,48,7,130806.99,2,1,1,132005.85,0.9909106231987204,2,336,0,False,False,False
680,31,9,119825.75,2,1,1,101139.3,1.184747820601679,2,279,0,False,True,False
522,41,7,0.0,2,0,1,176780.39,0.0,2,287,1,False,False,False
599,31,3,0.0,1,1,1,130086.47,0.0,1,93,1,False,True,False
549,39,7,0.0,1,0,0,81259.25,0.0,0,273,1,False,True,False
650,47,9,0.0,1,1,0,187943.6,0.0,0,423,1,False,False,False
734,43,7,107805.67,1,0,0,182505.68,0.5906943789673891,0,301,0,False,False,True
638,25,4,148045.45,2,1,1,114722.42,1.2904553403306842,2,100,0,True,False,True
653,42,1,0.0,2,1,1,5768.32,0.0,2,42,1,False,False,False
545,38,1,88293.13,2,1,1,24302.95,3.6328716114047306,2,38,0,False,False,True
560,57,0,0.0,2,0,1,116781.71,0.0,2,0,1,False,False,True
759,30,4,101802.67,1,0,0,8693.8,11.708454478538897,0,120,0,True,False,True
752,36,3,0.0,2,1,1,48505.1,0.0,2,108,1,False,True,False
645,49,4,160133.88,1,0,1,88391.97,1.811613299111909,1,196,0,True,False,True
729,44,4,107726.93,2,1,0,153064.87,0.7037945820319056,0,176,0,False,True,True
617,39,5,83348.89,3,1,0,7953.62,10.478047977150386,0,195,0,True,False,False
564,30,0,100954.88,2,0,0,134175.15,0.7524055504648182,0,0,0,True,False,False
723,52,5,131694.97,1,0,1,92873.5,1.4179884683093853,1,260,0,True,False,True
631,46,10,0.0,2,1,1,129508.96,0.0,2,460,1,False,True,False
731,47,1,115414.19,3,0,0,191734.67,0.6019442808946296,0,47,0,False,False,False
606,47,3,93578.68,2,0,1,137720.56,0.679477345449761,2,141,0,False,False,True
706,38,1,0.0,2,1,0,122379.54,0.0,0,38,1,False,False,True
850,51,3,109799.55,2,1,1,12457.76,8.813039981506988,2,153,0,False,True,True
632,71,3,83116.68,1,1,1,27597.76,3.0116092172257014,1,213,0,False,False,True
790,24,7,107418.27,1,0,1,160450.21,0.6694762227096948,1,168,0,True,False,True
428,40,3,129248.11,2,1,0,72876.43,1.7734998338991923,0,120,0,True,False,False
613,47,6,146034.74,1,1,1,77146.14,1.8929378328217998,1,282,0,False,False,True
651,45,8,95922.9,1,1,0,84782.42,1.1313874811844107,0,360,0,False,True,False
577,35,5,110080.3,1,1,1,109794.31,1.0025956482112033,1,175,0,False,True,True
710,51,4,93656.95,1,0,1,141400.51,0.6623475944493096,1,204,0,False,True,False
768,42,3,0.0,1,0,0,161242.99,0.0,0,126,1,False,True,False
646,31,2,0.0,1,1,1,170821.43,0.0,1,62,1,False,True,True
493,33,8,90791.69,1,1,1,59659.53,1.5218049521182597,1,264,0,False,False,False
797,32,10,114084.6,1,0,1,125782.29,0.9069932898082091,1,320,0,False,False,True
639,28,8,0.0,2,1,0,126561.07,0.0,0,224,1,False,True,True
738,49,6,106770.82,1,1,0,123499.27,0.8645391625459604,0,294,0,False,False,True
769,29,8,0.0,2,1,1,172290.61,0.0,2,232,1,False,False,True
738,33,4,92676.3,1,1,0,105817.63,0.8758032493900176,0,132,0,False,False,True
696,42,4,0.0,1,0,0,126353.13,0.0,0,168,1,False,False,True
751,37,9,183613.66,2,0,0,49734.94,3.6917701766569606,0,333,0,False,False,False
465,24,5,117154.9,1,1,1,127744.02,0.917099547207398,1,120,0,True,False,True
829,26,8,101440.36,2,1,1,19324.5,5.249041939406483,2,208,0,False,True,False
420,55,4,91893.32,1,1,0,144870.28,0.634310126893336,0,220,0,False,True,False
718,39,6,0.0,2,0,1,63889.1,0.0,2,234,1,False,True,True
761,26,1,0.0,2,1,1,199409.19,0.0,2,26,1,False,False,False
471,58,4,114713.57,1,1,1,36315.03,3.158758542715159,1,232,0,False,False,False
553,32,7,64082.09,1,0,1,109159.58,0.5870442425278429,1,224,0,False,False,True
721,41,6,135071.12,1,1,1,64477.25,2.094832288407331,1,246,0,False,False,True
714,33,8,122017.19,1,0,0,162515.17,0.750800304978883,0,264,0,False,True,True
641,51,2,117306.69,4,1,1,26912.72,4.358620435970947,4,102,0,True,False,False
431,44,2,138843.7,1,1,0,37688.31,3.6839013502767766,0,88,0,True,False,False
458,44,7,84386.57,1,1,0,178642.73,0.4723735336247178,0,308,0,True,False,True
613,39,8,118201.41,1,1,0,23315.59,5.069412379769083,0,312,0,False,True,True
542,35,9,127543.11,2,1,0,468.94,271.40296633612803,0,315,0,True,False,False
573,52,8,0.0,2,0,1,178229.04,0.0,2,416,1,False,False,True
628,45,8,0.0,2,1,0,193903.06,0.0,0,360,1,False,False,False
468,42,5,0.0,2,1,0,125305.34,0.0,0,210,1,False,False,False
650,43,6,0.0,2,1,1,16301.91,0.0,2,258,1,False,False,False
464,42,3,85679.25,1,1,1,164104.74,0.5220978254630216,1,126,0,True,False,False
739,42,2,141642.92,2,1,0,172149.76,0.8227841689458705,0,84,0,False,False,True
641,42,6,0.0,2,0,0,121138.77,0.0,0,252,1,False,False,False
682,35,2,181166.44,1,1,1,63737.19,2.8423530696431762,1,70,0,False,False,False
735,21,1,178718.19,2,1,0,22388.0,7.982410558756532,0,21,0,False,False,False
704,39,2,111525.02,1,1,0,199484.96,0.5590620011553695,0,78,0,False,False,True
594,38,7,96858.35,1,1,0,77511.45,1.249584421599369,0,266,0,False,True,False
574,28,7,0.0,2,0,0,185660.3,0.0,0,196,1,False,True,False
697,37,7,168066.87,1,1,0,35450.53,4.7407508223199395,0,259,0,False,True,False
650,34,4,142393.11,1,1,1,11276.48,12.62632343395865,1,136,0,True,False,True
668,46,2,0.0,3,1,0,89048.46,0.0,0,92,1,False,False,False
523,22,8,123374.46,1,1,1,124906.59,0.9877258859929969,1,176,0,False,False,True
706,30,3,98415.37,1,1,1,110520.48,0.8904637360990822,1,90,0,False,False,True
711,29,3,130181.47,2,1,0,31811.44,4.092156087367081,0,87,0,False,False,False
485,27,3,0.0,2,1,0,141449.86,0.0,0,81,1,False,False,False
652,50,8,125437.64,1,1,1,17160.94,7.309059465305205,1,400,0,True,False,True
837,49,8,103302.37,1,1,1,50974.57,2.0265074034483574,1,392,0,False,False,True
705,92,1,126076.24,2,1,1,34436.83,3.6609809619247207,2,92,0,False,False,True
815,25,8,135161.67,1,1,1,136071.05,0.9933095738617889,1,200,0,True,False,False
615,19,5,0.0,2,1,0,159920.92,0.0,0,95,1,False,True,True
651,24,7,40224.7,1,1,1,178341.33,0.2255476868559472,1,168,0,True,False,False
607,24,2,109483.54,2,0,1,127560.77,0.8582786206243452,2,48,0,True,False,False
578,36,1,157267.95,2,1,0,141533.19,1.1111657896936422,0,36,0,False,True,True
610,26,8,0.0,2,1,0,166031.08,0.0,0,208,1,False,False,True
415,46,9,134950.19,3,0,0,178587.36,0.7556494163449399,0,414,0,False,False,True
581,35,4,0.0,2,0,1,86383.82,0.0,2,140,1,False,False,True
528,39,0,127631.62,1,0,1,22197.8,5.749482854929095,1,0,0,True,False,True
588,46,8,0.0,1,1,0,61931.21,0.0,0,368,1,False,True,True
813,27,6,111348.15,1,1,0,46422.46,2.3985319060664585,0,162,0,True,False,True
768,40,8,0.0,2,0,1,69080.46,0.0,2,320,1,False,False,False
745,48,10,96048.55,1,1,0,74510.65,1.2890407070572187,0,480,0,True,False,True
827,47,8,143001.5,2,1,0,108977.5,1.3121991952541097,0,376,0,True,False,False
695,46,7,49512.55,1,1,0,133007.34,0.3722514693439524,0,322,0,False,False,True
545,26,7,0.0,2,0,1,156598.23,0.0,2,182,1,False,False,True
774,76,4,112510.89,1,1,1,143133.18,0.7860518710485505,1,304,0,False,False,True
439,32,3,138901.61,1,1,0,75685.97,1.83521166192807,0,96,0,False,True,False
576,39,9,84719.98,1,0,0,191063.36,0.4434106915596399,0,351,0,False,False,True
645,21,1,0.0,2,0,0,28726.07,0.0,0,21,1,False,True,False
748,66,8,0.0,1,1,1,163331.65,0.0,1,528,1,False,False,True
807,47,9,167664.83,1,0,0,125440.11,1.3366019321735911,0,423,0,False,False,False
728,34,6,90425.15,2,1,1,11597.69,7.796151979232136,2,204,0,False,False,False
554,54,6,108755.0,1,1,0,40914.32,2.658050823016904,0,324,0,True,False,False
553,41,1,0.0,2,1,0,90607.31,0.0,0,41,1,False,False,True
516,35,10,104088.59,2,0,0,119666.0,0.8698186634577619,0,350,0,False,False,True
710,30,6,0.0,2,1,1,8991.17,0.0,2,180,1,False,False,True
648,37,6,131753.41,1,1,0,86894.67,1.5162252618571215,0,222,0,True,False,True
609,43,6,86053.52,2,1,1,113276.46,0.7596702821549848,2,258,0,False,True,False
625,24,1,0.0,2,1,1,180969.55,0.0,2,24,1,False,False,False
738,43,9,121152.05,2,1,0,64166.7,1.8880534910866371,0,387,0,True,False,True
488,28,7,139246.22,2,1,0,106799.49,1.3037975762096221,0,196,0,True,False,False
751,33,4,79281.61,1,1,0,117547.76,0.674457220986423,0,132,0,False,True,True
794,30,1,154970.54,1,0,1,156768.45,0.9885251239957785,1,30,0,False,True,False
694,30,2,0.0,3,0,1,15039.41,0.0,3,60,1,False,False,True
492,30,10,77168.87,2,0,1,146700.22,0.5260274590763457,2,300,0,True,False,False
600,31,8,0.0,2,1,1,121555.51,0.0,2,248,1,False,False,True
678,60,8,185648.56,1,0,0,192156.54,0.9661268561202437,0,480,0,False,False,True
565,38,5,0.0,2,0,1,80630.32,0.0,2,190,1,False,False,True
614,51,3,0.0,2,1,1,5552.37,0.0,2,153,1,False,False,True
637,41,2,0.0,2,0,1,102515.42,0.0,2,82,1,False,False,True
615,49,3,0.0,2,1,1,49872.33,0.0,2,147,1,False,False,True
524,31,10,67238.98,2,1,1,161811.23,0.4155370703438176,2,310,0,True,False,False
669,30,7,95128.86,1,0,0,19799.26,4.804424790381541,0,210,0,False,False,True
677,34,4,0.0,2,1,1,6175.53,0.0,2,136,1,False,True,False
624,38,7,123906.55,1,1,0,135096.78,0.9171619992571307,0,266,0,False,True,True
547,35,4,0.0,1,1,1,133287.73,0.0,1,140,1,False,False,False
838,67,4,103267.8,1,1,1,78310.04,1.3186876333145365,1,268,0,False,True,False
499,44,6,77627.33,2,1,0,108222.68,0.7172859950798199,0,264,0,True,False,False
672,40,10,102980.44,1,1,0,1285.81,80.02769639651542,0,400,0,True,False,True
809,38,3,0.0,2,1,1,80061.31,0.0,2,114,1,False,False,True
606,32,1,106301.85,2,0,1,59061.25,1.7998273008563,2,32,0,True,False,False
566,32,10,147511.26,1,1,1,159891.03,0.9225679353748902,1,320,0,False,True,True
685,20,4,104719.94,2,1,0,38691.34,2.7064773027426106,0,80,0,False,False,True
543,25,1,146566.01,1,0,1,161407.48,0.9080440507214986,1,25,0,True,False,False
667,48,2,0.0,1,1,0,43229.2,0.0,0,96,1,False,False,True
651,41,4,133432.59,1,0,1,151303.48,0.8818812899657696,1,164,0,True,False,False
704,36,7,120026.98,2,0,1,100601.73,1.193078756411481,2,252,0,False,False,True
702,40,7,145536.9,1,0,1,135334.24,1.0753806621246618,1,280,0,False,False,True
714,29,6,92887.13,1,1,1,69578.49,1.3349785978598003,1,174,0,True,False,True
792,29,4,107601.79,1,1,0,18922.18,5.686242481443394,0,116,0,True,False,False
724,30,7,115315.04,1,1,0,15216.53,7.577776419694917,0,210,0,True,False,True
758,35,5,0.0,2,1,0,95009.6,0.0,0,175,1,False,True,True
691,33,6,0.0,2,1,1,100408.31,0.0,2,198,1,False,False,False
636,36,1,0.0,1,1,0,43134.58,0.0,0,36,1,False,True,False
665,51,9,110610.41,2,0,1,1112.76,99.31260774314036,2,459,0,True,False,False
678,49,8,0.0,2,0,1,98090.69,0.0,2,392,1,False,True,False
658,31,7,123974.96,1,1,0,102153.75,1.2135995634074774,0,217,0,False,False,False
649,47,1,0.0,2,1,1,145593.85,0.0,2,47,1,False,False,True
780,34,1,0.0,1,1,1,64804.04,0.0,1,34,1,False,False,True
639,27,3,150795.81,1,0,1,85208.93,1.7696976162285312,1,81,0,True,False,True
632,35,2,150561.03,2,0,0,64722.61,2.326214962360721,0,70,0,True,False,False
660,43,1,0.0,1,0,1,112026.1,0.0,1,43,1,False,False,False
850,40,6,124788.18,1,1,0,65612.12,1.9018784657702605,0,240,0,False,False,True
705,33,5,116765.7,1,0,0,190659.17,0.6124283850161257,0,165,0,True,False,False
696,35,4,174902.26,1,1,0,69079.85,2.5318486961292455,0,140,0,True,False,False
410,33,6,125789.69,1,0,0,66333.56,1.8962919178178013,0,198,0,False,False,True
805,45,9,116585.97,1,1,0,189428.75,0.6154575508862784,0,405,0,True,False,False
719,40,9,0.0,2,1,0,182224.14,0.0,0,360,1,False,True,False
747,61,7,155973.13,1,0,1,147554.26,1.0570489320407825,1,427,0,False,False,True
705,39,6,133261.13,1,1,1,78065.9,1.70701193463555,1,234,0,False,True,True
560,43,4,95140.44,2,1,0,123181.44,0.7723539166783837,0,172,0,False,True,False
479,23,9,123575.51,1,0,1,95148.28,1.2987540210498703,1,207,0,True,False,False
788,57,8,93716.72,1,1,1,180150.49,0.5202106293986245,1,456,0,True,False,False
731,39,2,0.0,2,1,0,136737.13,0.0,0,78,1,False,True,False
755,41,6,104817.41,1,1,0,126013.58,0.8317879565999426,0,246,0,False,False,True
834,40,7,0.0,2,0,0,45038.74,0.0,0,280,1,False,True,True
681,58,8,93173.88,1,1,1,139761.25,0.6666598455591549,1,464,0,False,False,False
627,41,5,100880.76,1,0,1,134665.25,0.7491168722675503,1,205,0,False,True,True
681,37,8,73179.34,2,1,1,25292.53,2.893203914202565,2,296,0,True,False,True
837,29,9,0.0,2,1,1,41866.26,0.0,2,261,1,False,False,False
562,32,6,161628.66,1,1,0,91482.5,1.7667520372526193,0,192,0,False,True,True
726,50,9,94504.35,1,0,1,5078.9,18.603584716234575,1,450,0,True,False,True
497,37,8,128650.11,2,1,1,163641.53,0.7861654913304017,2,296,0,False,True,True
718,39,2,0.0,1,1,1,52138.49,0.0,1,78,1,False,True,False
713,39,10,0.0,2,1,1,126263.97,0.0,2,390,1,False,False,False
618,37,2,168178.21,2,0,1,101273.23,1.6606219568393656,2,74,0,False,False,True
552,34,4,0.0,2,1,0,140286.69,0.0,0,136,1,False,True,False
620,42,4,0.0,2,1,0,6232.31,0.0,0,168,1,False,False,True
486,63,9,97009.15,1,1,1,85101.0,1.1399162181852365,1,567,0,False,False,True
541,51,7,90373.28,2,1,0,179861.79,0.5024567894226482,0,357,0,True,False,True
622,31,5,106260.67,1,1,1,2578.43,41.19540751251245,1,155,0,False,False,True
601,28,6,0.0,2,1,0,14665.28,0.0,0,168,1,False,True,True
802,38,1,142557.11,1,1,1,172497.73,0.8264241133833274,1,38,0,False,False,True
610,25,2,0.0,2,1,0,123723.83,0.0,0,50,1,False,False,False
815,39,6,0.0,1,1,1,85167.88,0.0,1,234,1,False,True,False
685,30,3,90536.81,1,0,1,63082.88,1.4351813807267404,1,90,0,True,False,True
716,27,1,122552.34,2,1,0,67611.36,1.8125730265886295,0,27,0,True,False,True
709,32,2,87814.89,1,1,0,138578.37,0.6336793853226494,0,64,0,False,False,False
580,29,9,61710.44,2,1,0,128077.8,0.48181619440531925,0,261,0,False,True,True
504,46,2,163764.84,1,1,1,165122.55,0.9917715552990474,1,92,0,False,True,False
654,54,5,0.0,2,0,1,47139.06,0.0,2,270,1,False,True,False
720,43,6,137824.03,2,1,0,172557.77,0.7987077677941261,0,258,0,False,False,False
748,23,8,85600.08,1,0,0,134077.71,0.6384315600888464,0,184,0,False,True,False
708,46,7,68799.72,1,1,1,39704.14,1.73276608519703,1,322,0,False,True,True
619,29,4,98955.87,1,0,1,131712.51,0.7512962793262437,1,116,0,True,False,True
515,58,2,131852.81,1,1,0,81436.68,1.6190639271649194,0,116,0,False,False,False
667,40,9,0.0,1,1,1,96670.2,0.0,1,360,1,False,False,True
512,31,7,0.0,2,0,0,49326.07,0.0,0,217,1,False,False,False
764,44,1,0.0,2,1,1,11467.38,0.0,2,44,1,False,False,False
831,32,9,80262.66,1,1,0,194867.78,0.4118805485414339,0,288,0,True,False,True
466,26,9,105522.06,1,1,0,10842.46,9.731401231710175,0,234,0,False,False,True
593,62,3,118233.81,1,0,1,24765.53,4.7739352262912895,1,186,0,True,False,False
686,39,10,136258.06,1,0,0,89199.51,1.5275479927188758,0,390,0,False,True,True
695,56,4,0.0,2,1,0,84644.76,0.0,0,224,1,False,True,False
541,37,9,118636.92,1,1,1,73551.44,1.612956959687537,1,333,0,False,False,True
788,39,3,135139.33,1,0,1,113086.08,1.1950023822349995,1,117,0,False,False,False
692,36,3,0.0,2,1,1,8282.22,0.0,2,108,1,False,False,False
514,35,3,121030.9,1,1,0,10008.68,12.091385538798443,0,105,0,False,False,True
687,44,9,0.0,2,0,0,103042.2,0.0,0,396,1,False,False,False
640,45,8,120591.19,1,0,0,195123.94,0.6180203822227953,0,360,0,True,False,True
654,36,2,0.0,2,1,1,146652.11,0.0,2,72,1,False,True,False
577,43,8,79757.21,1,1,0,135650.72,0.5879557590570913,0,344,0,False,True,True
736,54,7,111729.47,2,0,1,84920.49,1.3156795765123763,2,378,0,False,False,True
567,44,9,0.0,2,1,0,87677.15,0.0,0,396,1,False,True,True
528,43,7,97473.87,2,1,1,159823.16,0.6098819477605888,2,301,0,False,True,True
623,33,2,80002.33,1,1,1,104079.62,0.7686573158384338,1,66,0,True,False,True
677,26,3,102395.79,1,1,0,119368.99,0.8578017808328541,0,78,0,True,False,False
655,59,7,0.0,1,1,0,88958.49,0.0,0,413,1,False,False,False
652,47,0,126597.89,2,1,1,38798.79,3.26284987624933,2,0,0,True,False,False
640,75,1,106307.91,2,0,1,113428.77,0.9372134846081412,2,75,0,True,False,False
654,47,10,0.0,2,1,0,170481.98,0.0,0,470,1,False,False,True
589,46,10,0.0,2,0,1,168369.37,0.0,2,460,1,False,True,False
684,38,3,134168.5,3,1,0,3966.5,33.816887208569625,0,114,0,False,True,False
557,33,3,54503.55,1,1,1,371.05,146.49522913586884,1,99,0,False,False,True
695,29,5,0.0,2,1,1,6770.44,0.0,2,145,1,False,False,True
584,33,3,0.0,2,0,1,59103.13,0.0,2,99,1,False,False,True
554,45,4,0.0,2,1,1,193412.05,0.0,2,180,1,False,True,False
773,33,10,0.0,1,1,1,98820.09,0.0,1,330,1,False,True,False
632,38,4,0.0,2,0,0,192505.62,0.0,0,152,1,False,False,True
494,33,1,137853.0,1,0,1,90273.85,1.527036599894655,1,33,0,False,False,False
622,39,9,83456.79,2,0,0,38882.34,2.1463379946270047,0,351,0,False,False,False
592,26,4,105082.07,2,1,0,132801.57,0.7912653346994716,0,104,0,True,False,False
667,31,3,99513.91,1,1,1,189657.26,0.5247011651377588,1,93,0,False,False,True
850,39,0,104386.53,1,1,0,105886.77,0.9858223475666736,0,0,0,False,False,False
543,49,6,59532.18,1,1,0,104253.56,0.571027109030051,0,294,0,True,False,True
814,48,9,136596.85,1,1,1,185791.9,0.7352102798330831,1,432,0,False,False,True
491,57,4,112044.72,1,1,1,41229.73,2.7175051229992775,1,228,0,True,False,False
449,31,1,113693.0,1,0,0,82796.29,1.3731488071650655,0,31,0,False,True,False
670,31,9,0.0,1,0,1,76254.83,0.0,1,279,1,False,False,False
745,25,5,157993.15,2,1,0,146041.45,1.0818303171440906,0,125,0,False,False,True
615,33,3,137657.25,2,1,1,171657.57,0.8019247160220431,2,99,0,True,False,False
498,61,7,102453.26,1,1,0,187247.56,0.5471511236187877,0,427,0,True,False,True
713,37,8,0.0,1,1,1,16403.41,0.0,1,296,1,False,False,False
706,39,8,112889.91,1,0,1,6723.66,16.787452451127642,1,312,0,True,False,False
561,43,4,0.0,4,0,0,18522.91,0.0,0,172,1,False,False,True
606,39,8,136000.45,2,1,0,31708.53,4.288945626125648,0,312,0,True,False,True
651,36,8,0.0,2,1,0,91652.43,0.0,0,288,1,False,True,False
640,66,9,116037.76,1,0,1,184636.05,0.6284641137843137,1,594,0,False,False,False
607,35,2,0.0,2,1,1,114190.3,0.0,2,70,1,False,False,True
515,37,0,196853.62,1,1,1,132770.11,1.4826540201403755,1,0,0,False,False,False
537,30,1,103138.17,1,1,1,96555.42,1.0681648097557883,1,30,0,False,True,True
559,32,9,145303.52,1,1,0,103560.98,1.403058535574542,0,288,0,False,False,True
359,44,6,128747.69,1,1,0,146955.71,0.8760926261890322,0,264,0,False,False,False
658,45,9,134562.8,1,1,1,159268.67,0.8448739800867295,1,405,0,True,False,False
512,36,0,129804.17,1,1,0,53020.9,2.448123699829693,0,0,0,False,False,True
575,40,5,0.0,2,1,1,122488.59,0.0,2,200,1,False,False,True
733,48,5,0.0,1,0,1,117830.57,0.0,1,240,1,False,False,True
579,39,3,166501.17,2,1,0,93835.64,1.774372675747981,0,117,0,False,False,False
645,68,9,0.0,4,1,1,176353.87,0.0,4,612,1,False,False,False
598,32,4,111156.52,1,1,1,167376.26,0.6641076571572506,1,128,0,False,False,False
592,38,8,119278.01,2,0,1,19370.73,6.157323584419151,2,304,0,False,False,False
706,56,3,139603.22,1,1,1,86383.61,1.6160658709925297,1,168,0,True,False,False
647,33,3,168560.46,2,0,0,90270.16,1.8672681286027561,0,99,0,True,False,False
632,65,6,129472.33,1,1,1,85179.48,1.5199765251381538,1,390,0,True,False,True
544,30,8,145241.63,1,1,1,80676.83,1.8002669382654441,1,240,0,False,True,True
658,24,2,0.0,2,1,1,84694.49,0.0,2,48,1,False,False,False
650,61,1,152968.73,1,0,1,82970.69,1.843625578796816,1,61,0,False,True,True
497,41,9,0.0,1,0,0,22074.48,0.0,0,369,1,False,False,True
786,34,9,0.0,2,1,0,117034.32,0.0,0,306,1,False,True,False
677,25,3,0.0,2,1,0,179608.96,0.0,0,75,1,False,False,False
680,44,7,108724.98,1,0,1,72330.46,1.503149252068187,1,308,0,False,False,True
787,38,3,158373.23,1,1,1,28228.35,5.610232966752689,1,114,0,True,False,False
692,46,2,0.0,2,1,1,105983.09,0.0,2,92,1,False,True,True
721,37,1,0.0,2,1,0,70810.8,0.0,0,37,1,False,False,False
651,41,4,38617.2,1,1,1,104876.8,0.3682113850595645,1,164,0,False,False,False
588,27,8,0.0,1,1,0,20066.38,0.0,0,216,1,False,False,False
755,34,3,0.0,2,1,1,158816.03,0.0,2,102,1,False,False,True
499,36,5,131142.53,2,1,0,174918.46,0.7497309333106791,0,180,0,True,False,True
803,33,6,0.0,2,1,0,115676.61,0.0,0,198,1,False,False,True
430,33,8,0.0,1,1,1,69759.91,0.0,1,264,1,False,False,False
654,37,5,112146.12,1,1,0,75927.35,1.4769993026320207,0,185,0,True,False,True
631,37,8,138292.64,2,0,0,152422.91,0.9072896765343443,0,296,0,True,False,True
568,27,5,126815.97,2,0,1,118648.12,1.0688319475104409,2,135,0,False,True,True
583,36,8,0.0,2,0,1,5571.59,0.0,2,288,1,False,False,True
692,54,5,0.0,2,1,1,88721.84,0.0,2,270,1,False,False,True
677,40,7,95312.8,1,1,1,62944.75,1.5142054864704926,1,280,0,False,True,True
534,36,4,120037.96,1,1,0,36275.94,3.3089328923553087,0,144,0,False,False,True
571,30,4,85755.86,1,1,0,145115.95,0.5909430979634012,0,120,0,False,False,False
656,28,8,120047.77,1,1,1,137173.39,0.8751471028958101,1,224,0,False,True,True
624,52,0,133723.43,1,0,0,4859.59,27.51176914736688,0,0,0,True,False,False
707,32,4,132835.56,1,0,0,136877.24,0.9704651374827731,0,128,0,False,True,False
562,31,2,112708.2,1,0,1,186370.3,0.6047508387825808,1,62,0,True,False,True
474,45,10,0.0,2,0,0,172175.9,0.0,0,450,1,False,False,True
445,34,7,131082.17,2,1,1,70618.0,1.8561884195471476,2,238,0,True,False,False
756,37,3,132623.6,1,1,1,58974.0,2.2488105129292073,1,111,0,False,False,True
512,41,6,0.0,1,1,1,100507.81,0.0,1,246,1,False,False,False
550,22,7,139096.85,1,1,0,129890.94,1.0708659059214913,0,154,0,False,False,False
650,60,8,0.0,2,1,1,102925.76,0.0,2,480,1,False,False,True
650,45,9,152367.21,3,1,0,150835.21,1.0101500826625118,0,405,0,True,False,False
835,32,8,124993.29,2,1,1,27548.06,4.537116329921965,2,256,0,False,False,True
841,52,5,0.0,1,0,0,183239.71,0.0,0,260,1,False,False,False
775,30,5,0.0,1,1,0,193880.6,0.0,0,150,1,False,False,False
781,32,6,147107.91,1,1,1,40066.95,3.6714608558710893,1,192,0,False,False,True
694,31,5,0.0,1,1,0,35593.18,0.0,0,155,1,False,True,True
794,46,6,0.0,2,1,0,195325.74,0.0,0,276,1,False,False,True
635,72,4,74812.84,1,0,1,27448.33,2.7254887459912496,1,288,0,False,False,False
752,41,8,0.0,2,1,0,139844.04,0.0,0,328,1,False,False,False
642,35,2,133161.95,1,0,1,122254.86,1.0892070940403185,1,70,0,False,False,True
686,29,3,185379.02,1,1,0,64679.07,2.866091827049661,0,87,0,True,False,True
408,84,8,87873.39,1,0,0,188484.52,0.46620764290010186,0,672,0,False,False,False
671,35,1,144848.74,1,1,1,179012.3,0.8091507167344549,1,35,0,True,False,True
653,25,2,158266.42,3,1,1,199357.24,0.7938795005413372,3,50,0,True,False,False
622,42,9,0.0,2,1,0,119127.06,0.0,0,378,1,False,True,True
645,30,1,125739.26,1,1,1,193441.23,0.650009359383419,1,30,0,False,False,True
636,60,7,124447.73,1,1,1,141364.62,0.8803252870110851,1,420,0,False,True,True
548,49,9,108437.89,1,0,0,127022.87,0.8536812018087624,0,441,0,True,False,True
659,44,9,23503.31,1,0,1,169862.01,0.13836626349668477,1,396,0,False,False,False
644,38,3,0.0,2,1,1,79928.41,0.0,2,114,1,False,False,True
586,27,5,130231.8,2,1,1,192427.16,0.6767814024724863,2,135,0,False,False,True
497,47,6,0.0,1,1,1,90055.08,0.0,1,282,1,False,False,True
663,45,5,83195.12,1,1,1,48682.1,1.7089117167969994,1,225,0,False,False,True
619,57,3,137946.39,1,1,1,72467.99,1.90352301032483,1,171,0,True,False,True
702,45,9,74989.58,1,1,1,171014.69,0.43849532168656574,1,405,0,False,False,True
666,43,7,137780.74,2,1,1,119100.05,1.1568390035184408,2,301,0,False,False,True
512,31,6,0.0,2,1,0,168462.26,0.0,0,186,1,False,True,True
542,39,4,109949.39,2,1,1,41268.65,2.664170643560098,2,156,0,False,False,False
706,47,10,144090.42,1,1,0,140938.95,1.0223532788254857,0,470,0,True,False,False
848,40,3,110929.96,1,1,1,30876.84,3.5925427426270753,1,120,0,False,True,True
450,25,9,74237.2,2,0,1,195463.35,0.37979918077132735,2,225,0,False,True,True
682,42,0,0.0,1,1,1,160828.98,0.0,1,0,1,False,False,True
645,42,4,98298.18,1,1,1,676.06,145.18385372049744,1,168,0,False,False,True
743,40,6,0.0,1,1,0,28280.8,0.0,0,240,1,False,False,False
766,41,6,99208.46,2,1,0,62402.38,1.5897930528763027,0,246,0,False,True,True
558,40,6,0.0,2,1,0,173844.89,0.0,0,240,1,False,False,True
599,28,7,119706.22,1,0,0,31190.42,3.8377932136465738,0,196,0,False,False,True
730,25,5,167385.81,1,1,1,56307.51,2.972655642992507,1,125,0,False,True,True
689,40,5,154251.67,1,0,1,118319.5,1.3036766240845838,1,200,0,False,True,False
698,63,5,0.0,1,1,1,173576.71,0.0,1,315,1,False,True,False
782,33,2,94493.03,1,0,1,101866.39,0.9276082365514616,1,66,0,False,False,False
733,31,6,157791.07,2,0,0,177994.81,0.8864875527126173,0,186,0,True,False,True
850,32,5,0.0,1,1,1,3830.59,0.0,1,160,1,False,True,False
529,46,8,0.0,1,0,0,126511.94,0.0,0,368,1,False,False,True
617,40,5,190008.32,2,1,1,107047.92,1.7749671832280047,2,200,0,False,False,True
698,33,5,135658.73,2,0,1,39755.0,3.412283177382031,2,165,0,False,False,True
651,31,7,138008.06,2,1,0,129912.74,1.0623053419907702,0,217,0,True,False,True
760,38,3,91241.85,1,0,1,80682.35,1.130863430930917,1,114,0,False,True,True
598,38,0,125487.89,1,0,0,158111.71,0.7936609903150734,0,0,0,False,False,True
748,39,9,132865.56,1,1,1,59636.43,2.227888760464695,1,351,0,False,False,False
775,52,8,109922.61,1,1,1,96823.32,1.1352789257905451,1,416,0,False,False,True
648,49,5,0.0,1,1,0,149946.43,0.0,0,245,1,False,True,True
790,29,3,46057.96,2,1,1,189777.66,0.24269304040823134,2,87,0,False,True,True
741,44,7,0.0,2,1,1,190534.76,0.0,2,308,1,False,False,False
850,45,1,121874.89,1,0,0,6865.41,17.749433838060938,0,45,0,True,False,False
574,52,7,115532.52,1,1,0,196257.67,0.5886747321787109,0,364,0,False,True,True
551,26,2,144258.52,1,1,0,49778.79,2.897933478626567,0,52,0,False,False,False
812,44,4,115049.15,2,1,0,165038.41,0.6971010742222115,0,176,0,False,False,True
715,41,8,56214.85,2,0,0,92982.61,0.6045672995488129,0,328,0,False,False,False
812,25,5,54817.55,1,1,0,131660.31,0.4163527614908283,0,125,0,True,False,True
652,34,6,97435.85,2,1,1,104331.76,0.9338950680495753,2,204,0,False,False,False
642,39,8,128264.03,1,1,0,61792.76,2.075679324255394,0,312,0,True,False,False
714,55,9,180075.22,1,1,1,100127.71,1.798437431182325,1,495,0,True,False,False
540,48,0,148116.48,1,0,0,116973.48,1.2662290099515725,0,0,0,False,False,True
545,47,8,105792.49,1,0,1,67830.2,1.559643497387633,1,376,0,False,False,True
586,36,5,103700.69,1,1,0,194072.56,0.5343370317935117,0,180,0,True,False,False
583,38,10,0.0,2,0,1,113597.64,0.0,2,380,1,False,False,False
607,36,8,158261.68,1,1,1,76744.72,2.062156430352077,1,288,0,False,True,True
600,38,9,0.0,2,1,1,58855.85,0.0,2,342,1,False,False,False
619,42,8,132796.04,3,1,1,191821.35,0.6922865870426466,3,336,0,True,False,False
721,33,4,72535.45,1,1,1,103931.49,0.6979092870766398,1,132,0,False,True,False
692,30,2,0.0,2,0,1,130486.57,0.0,2,60,1,False,False,True
850,55,7,0.0,1,0,0,171762.87,0.0,0,385,1,False,True,False
577,28,7,0.0,1,1,0,143274.41,0.0,0,196,1,False,True,True
618,46,6,150213.71,1,1,0,120668.46,1.2448361830739938,0,276,0,False,False,False
621,37,9,83061.26,2,1,0,9170.54,9.056413644818644,0,333,0,False,True,False
804,50,4,0.0,1,1,1,8546.87,0.0,1,200,1,False,False,False
551,31,1,0.0,2,1,1,185105.44,0.0,2,31,1,False,False,True
768,37,9,108308.11,1,1,0,41788.25,2.5917696536788766,0,333,0,True,False,True
627,44,6,0.0,1,1,1,114469.55,0.0,1,264,1,False,True,True
647,29,0,98263.46,2,1,0,164717.95,0.596552248542138,0,0,0,False,False,False
714,45,9,106431.97,2,1,1,164117.69,0.6485060903179278,2,405,0,True,False,False
664,44,8,142989.69,1,1,1,115452.51,1.2385044854851102,1,352,0,False,False,False
546,36,7,85660.96,1,0,0,134778.01,0.6355660276774551,0,252,0,False,True,False
528,46,9,135555.66,1,1,0,133146.03,1.0180900017071355,0,414,0,True,False,False
628,46,1,46870.43,4,1,0,31272.14,1.4987439700650462,0,46,0,False,False,False
753,40,0,3768.69,2,1,0,177065.24,0.021284068606189414,0,0,0,False,False,False
735,39,1,60374.98,1,1,0,40223.74,1.5009414604047162,0,39,0,False,True,True
632,43,2,100013.51,1,1,0,24275.32,4.1197969873522835,0,86,0,False,False,True
512,36,3,84327.77,2,1,0,17675.36,4.770652442018606,0,108,0,False,False,False
699,32,1,123906.22,3,1,1,127443.82,0.972234257932178,3,32,0,True,False,True
678,43,7,178074.33,1,0,0,110405.9,1.6128913138581011,0,301,0,False,False,False
653,34,5,118838.75,1,1,1,52820.13,2.249833541993517,1,170,0,False,False,True
750,36,6,0.0,2,1,1,59816.41,0.0,2,216,1,False,True,False
818,72,8,135290.42,2,1,1,63729.72,2.1228446814974005,2,576,0,True,False,False
585,50,2,125845.66,1,1,0,9439.31,13.330670285191907,0,100,0,True,False,True
627,55,6,0.0,1,0,0,91943.94,0.0,0,330,1,False,True,False
558,32,5,73494.21,1,0,0,136301.1,0.5392008633762796,0,160,0,False,False,True
572,47,4,99353.42,1,1,0,196549.85,0.5054845603567728,0,188,0,True,False,True
607,45,7,123859.6,1,0,1,113051.57,1.0955929617522184,1,315,0,False,False,True
729,40,5,113574.61,2,1,0,103396.08,1.0984315030946714,0,200,0,True,False,True
725,38,6,0.0,2,1,1,158697.28,0.0,2,228,1,False,False,True
521,37,2,0.0,2,1,1,86372.24,0.0,2,74,1,False,False,True
585,33,4,152805.05,1,1,0,63239.65,2.4162473029609908,0,132,0,False,False,False
552,42,9,133701.07,2,1,0,101069.71,1.3228468465295238,0,378,0,False,False,True
524,50,4,0.0,2,1,1,31840.59,0.0,2,200,1,False,False,True
635,41,10,0.0,2,1,1,61994.2,0.0,2,410,1,False,True,False
685,30,4,84958.6,2,0,1,194343.72,0.4371541454792289,2,120,0,True,False,False
751,50,2,96888.39,1,1,0,77206.25,1.2549131072535287,0,100,0,True,False,True
439,52,3,96196.24,4,1,0,198874.52,0.48370075914823507,0,156,0,False,True,True
535,33,2,133040.32,1,1,1,110299.78,1.2061593762074938,1,66,0,False,False,True
799,30,9,0.0,2,1,0,136827.96,0.0,0,270,1,False,False,False
705,54,3,125889.3,3,1,0,96013.5,1.3111488368944275,0,162,0,True,False,False
769,60,9,148846.39,1,1,0,192831.67,0.7718940467919674,0,540,0,True,False,True
582,41,1,40488.76,1,1,0,128528.83,0.3150144989688386,0,41,0,False,False,True
695,29,9,0.0,2,1,0,111565.45,0.0,0,261,1,False,False,False
820,39,1,104614.29,1,1,0,61538.43,1.6999554594509567,0,39,0,False,False,False
579,27,9,0.0,2,1,0,126838.7,0.0,0,243,1,False,False,False
598,64,9,0.0,1,0,1,13181.37,0.0,1,576,1,False,False,False
579,31,6,0.0,2,1,0,26149.25,0.0,0,186,1,False,False,True
569,41,2,0.0,2,1,0,134272.57,0.0,0,82,1,False,True,True
582,20,4,0.0,1,1,1,55763.66,0.0,1,80,1,False,False,True
729,29,5,109676.52,1,1,1,25548.47,4.292712138451404,1,145,0,True,False,True
849,27,0,0.0,2,0,1,157891.86,0.0,2,0,1,False,False,True
682,58,4,0.0,1,1,0,176036.01,0.0,0,232,1,False,True,False
620,67,3,0.0,2,1,1,43486.73,0.0,2,201,1,False,False,False
554,31,1,0.0,2,0,1,192660.55,0.0,2,31,1,False,False,True
683,39,2,47685.47,2,1,1,86019.48,0.5543501966043436,2,78,0,True,False,False
636,42,2,0.0,2,1,1,55470.78,0.0,2,84,1,False,False,True
652,41,9,159434.03,1,1,0,178373.93,0.8938141139004231,0,369,0,True,False,True
537,66,8,103291.25,2,1,1,130664.79,0.7904995638108491,2,528,0,True,False,True
672,40,4,89025.88,2,1,0,188892.19,0.4713027505120751,0,160,0,True,False,True
756,60,2,0.0,1,1,1,166513.49,0.0,1,120,1,False,False,True
660,32,0,114668.89,1,1,0,84605.0,1.3553281091175566,0,0,0,False,False,False
518,45,9,105525.65,2,1,1,73418.29,1.4373014231001144,2,405,0,False,False,False
683,41,6,95696.52,2,1,1,184366.14,0.5190541004215827,2,246,0,False,False,True
655,37,6,109093.41,2,1,0,1775.52,61.40848963141423,0,222,0,False,False,True
605,33,9,128152.82,1,0,0,147822.81,0.8669294885580341,0,297,0,False,False,True
699,50,0,158633.61,1,1,0,193785.87,0.8185983395056641,0,0,0,False,True,False
770,31,3,155047.56,2,1,1,186064.34,0.8332963033308621,2,93,0,False,False,True
543,48,1,100900.5,1,0,0,33310.72,3.028978989977101,0,48,0,True,False,True
733,22,5,0.0,2,1,1,117202.19,0.0,2,110,1,False,False,True
524,25,7,131402.21,1,0,0,193668.49,0.6784868902169361,0,175,0,True,False,False
651,53,7,0.0,2,1,1,130132.41,0.0,2,371,1,False,False,True
653,35,6,116662.96,2,1,1,23864.21,4.888411206102942,2,210,0,False,True,True
639,54,2,0.0,2,1,1,53843.71,0.0,2,108,1,False,True,False
715,21,8,0.0,2,1,0,68666.63,0.0,0,168,1,False,False,True
643,39,7,0.0,2,1,1,170392.59,0.0,2,273,1,False,False,True
520,43,7,0.0,2,1,1,36202.74,0.0,2,301,1,False,True,True
536,23,6,92366.72,2,1,0,120661.71,0.7654951558770725,0,138,0,True,False,True
737,33,4,0.0,2,1,0,115115.32,0.0,0,132,1,False,False,False
638,44,9,77637.35,2,1,1,111346.22,0.6972544981365498,2,396,0,False,True,True
569,31,1,115406.97,1,0,0,145528.22,0.7930157943538761,0,31,0,False,True,True
638,50,1,102645.48,1,1,0,168359.98,0.6096749971400736,0,50,0,True,False,True
501,57,10,0.0,2,1,1,47847.19,0.0,2,570,1,False,False,True
712,27,8,113174.21,2,1,0,147261.58,0.7685198099883895,0,216,0,True,False,True
496,30,0,90963.49,1,0,1,27802.0,3.271714922850052,1,0,0,False,False,True
593,41,4,119703.1,2,1,1,109783.29,1.0903481727667959,2,164,0,True,False,False
716,35,4,144428.87,1,1,0,134132.65,1.076753447028393,0,140,0,False,False,True
428,31,2,0.0,2,1,0,54487.43,0.0,0,62,1,False,False,False
763,67,1,149436.73,2,0,1,106282.74,1.4060168563883808,2,67,0,False,False,True
537,38,6,141786.78,1,0,1,147797.54,0.959324632029518,1,228,0,False,True,False
421,34,6,90723.36,1,1,1,12162.76,7.458496385985912,1,204,0,False,True,True
602,48,7,76595.08,2,0,0,127095.14,0.6026546518249886,0,336,0,True,False,False
730,62,5,112181.08,1,0,1,61513.87,1.823641665828116,1,310,0,False,True,True
635,37,5,113488.68,1,1,0,95611.74,1.1869619048674893,0,185,0,True,False,True
816,31,8,0.0,2,1,1,28407.4,0.0,2,248,1,False,False,True
752,39,3,0.0,1,1,0,188187.05,0.0,0,117,1,False,False,True
684,38,4,0.0,3,1,0,75609.84,0.0,0,152,1,False,False,True
572,43,2,140431.98,1,1,0,26450.57,5.309022489024281,0,86,0,False,False,True
535,53,5,141616.55,2,1,1,75888.65,1.8660851644460081,2,265,0,True,False,False
686,39,4,0.0,2,1,0,155023.93,0.0,0,156,1,False,False,True
641,37,7,62974.64,2,0,1,39016.43,1.6140130193095752,2,259,0,True,False,False
560,49,4,0.0,1,1,1,100075.1,0.0,1,196,1,False,False,True
645,41,7,0.0,1,0,1,28667.56,0.0,1,287,1,False,False,True
587,36,1,0.0,2,0,1,17135.6,0.0,2,36,1,False,False,True
621,39,8,0.0,2,1,0,36122.96,0.0,0,312,1,False,True,True
553,41,6,144974.55,1,1,1,19344.92,7.493804895295752,1,246,0,False,True,True
685,31,7,122449.31,2,1,1,180769.55,0.6773742183115558,2,217,0,False,True,True
635,43,10,122198.21,2,0,1,179144.54,0.6821169536232943,2,430,0,False,False,True
608,48,7,75801.74,1,1,0,125762.95,0.6027302736595026,0,336,0,False,True,True
753,30,1,110824.52,1,1,1,57896.27,1.9141579559796171,1,30,0,True,False,True
562,35,3,142296.13,1,0,1,177112.7,0.8034168446596734,1,105,0,True,False,True
798,39,6,119787.76,1,1,1,164248.33,0.7293044056861602,1,234,0,True,False,False
675,35,8,155621.08,1,0,1,35177.31,4.423779311740672,1,280,0,False,True,False
778,33,4,111063.73,2,1,0,83556.65,1.3291868548241843,0,132,0,True,False,False
589,36,9,140355.56,2,1,0,136329.96,1.0295208073059854,0,324,0,True,False,False
751,54,9,156367.6,2,0,1,116179.92,1.3458974158579569,2,486,0,True,False,True
650,37,9,0.0,2,1,0,17974.08,0.0,0,333,1,False,False,True
630,53,5,138053.67,1,0,1,114110.97,1.209808839510877,1,265,0,False,False,True
850,35,9,0.0,2,0,0,25329.48,0.0,0,315,1,False,False,False
613,19,5,0.0,1,1,1,176903.35,0.0,1,95,1,False,True,True
686,41,7,102749.72,1,0,1,194913.86,0.5271518036131263,1,287,0,False,True,True
838,39,5,166733.92,2,1,0,14279.44,11.675685062925233,0,195,0,False,True,False
590,27,8,123599.49,2,1,0,1676.92,73.66232597501669,0,216,0,True,False,False
712,34,8,114088.32,1,1,0,92794.61,1.2294581607901496,0,272,0,False,False,True
767,48,9,0.0,2,0,1,175458.21,0.0,2,432,1,False,False,True
740,43,9,0.0,1,1,0,199290.68,0.0,0,387,1,False,True,True
793,25,3,100913.57,1,0,0,10579.72,9.53749555795825,0,75,0,False,True,True
741,60,5,0.0,1,1,1,38914.51,0.0,1,300,1,False,False,False
710,22,8,0.0,2,0,0,99645.04,0.0,0,176,1,False,True,True
612,39,5,170288.38,1,1,1,59601.15,2.8570845179242697,1,195,0,False,True,True
687,35,9,0.0,2,0,1,73133.82,0.0,2,315,1,False,False,True
706,47,6,120621.89,1,1,1,140803.7,0.8566609637320345,1,282,0,True,False,False
582,32,1,88938.62,1,1,1,10054.53,8.844747119246822,1,32,0,True,False,True
667,39,7,167557.12,1,1,1,41183.02,4.068498412733871,1,273,0,False,True,True
660,36,0,84438.57,1,1,1,181449.51,0.46535316985331154,1,0,0,False,True,False
535,48,5,134542.73,1,1,1,58203.67,2.3115452763498188,1,240,0,True,False,True
762,35,1,117458.51,1,0,1,178361.48,0.658538219473064,1,35,0,True,False,True
554,39,2,129709.62,1,1,0,173197.12,0.7489089373487425,0,78,0,False,False,True
612,32,3,121394.42,1,1,0,164081.42,0.7398380643093878,0,96,0,False,False,True
790,26,5,0.0,1,1,0,20510.79,0.0,0,130,1,False,False,True
639,46,10,110031.09,2,1,1,133995.59,0.8211484337026785,2,460,0,True,False,False
728,37,3,122689.51,2,0,0,106977.53,1.1468610570737885,0,111,0,False,False,True
777,39,8,0.0,2,1,1,18613.52,0.0,2,312,1,False,False,True
790,46,9,0.0,1,0,0,14679.81,0.0,0,414,1,False,True,False
775,42,6,133970.22,2,0,1,187839.9,0.7132111270761586,2,252,0,False,False,True
832,40,9,107648.94,2,1,1,134638.97,0.7995318180774996,2,360,0,True,False,False
684,37,1,126817.13,2,1,1,29995.83,4.227684391984086,2,37,0,True,False,True
592,62,5,0.0,1,1,1,100941.57,0.0,1,310,1,False,False,False
754,50,7,146777.44,2,0,1,150685.52,0.9740581971101331,2,350,0,False,True,False
682,26,0,110654.02,1,0,1,111879.21,0.9890401528563452,1,0,0,False,False,False
622,37,4,0.0,2,1,0,4459.5,0.0,0,148,1,False,True,True
638,27,4,135096.05,1,1,1,186523.72,0.7242796021889216,1,108,0,True,False,True
677,26,6,98723.67,1,0,1,151146.67,0.6531603828229704,1,156,0,True,False,False
674,45,7,144889.18,1,1,1,102591.9,1.4122729740557096,1,315,0,False,False,True
614,40,6,0.0,1,1,1,20339.79,0.0,1,240,1,False,False,True
712,29,2,0.0,1,1,1,144375.0,0.0,1,58,1,False,False,False
745,46,7,0.0,2,1,1,67769.94,0.0,2,322,1,False,False,False
641,35,2,103711.56,1,0,1,192464.21,0.5388587371192954,1,70,0,True,False,True
617,34,0,131244.65,2,1,0,183229.02,0.7162835544088245,0,0,0,False,False,False
825,35,6,118336.95,1,1,0,26342.33,4.492102934594829,0,210,0,True,False,False
694,57,8,116326.07,1,1,1,117704.65,0.9882794071482551,1,456,0,False,True,True
632,28,5,118890.81,1,0,1,145157.97,0.8190386718781485,1,140,0,False,False,False
651,45,2,165901.59,2,1,0,23054.51,7.195745832558031,0,90,0,False,False,True
544,40,8,0.0,2,1,0,61581.2,0.0,0,320,1,False,False,True
746,34,4,0.0,1,0,1,65166.6,0.0,1,136,1,False,False,False
751,31,8,0.0,2,0,0,17550.49,0.0,0,248,1,False,False,True
663,27,8,0.0,1,1,1,188007.99,0.0,1,216,1,False,True,True
784,38,1,138515.02,1,1,1,171768.76,0.8063993336196079,1,38,0,True,False,True
781,20,0,125023.1,2,1,1,108301.45,1.154388474129625,2,0,0,False,False,True
571,40,5,0.0,2,0,0,72849.29,0.0,0,200,1,False,False,True
657,37,4,82500.28,1,1,1,115260.72,0.7157647829652377,1,148,0,False,False,True
605,34,2,0.0,1,0,0,35982.42,0.0,0,68,1,False,False,False
850,39,3,124548.99,2,1,1,120380.12,1.0346222896082045,2,117,0,True,False,True
735,34,5,0.0,2,0,0,71095.41,0.0,0,170,1,False,True,True
740,56,4,99097.33,1,1,1,85016.64,1.1656090430174255,1,224,0,False,True,False
770,37,5,141547.26,2,0,1,180326.83,0.7849440654834033,2,185,0,True,False,True
627,38,8,106922.92,2,0,1,84270.09,1.2687971640096265,2,304,0,True,False,True
745,28,1,111071.36,1,1,0,73275.96,1.515774671875034,0,28,0,True,False,False
584,26,4,0.0,2,1,0,147600.54,0.0,0,104,1,False,False,True
755,28,7,124540.28,1,0,1,188850.89,0.6594600668280312,1,196,0,False,False,False
715,42,2,88120.97,2,1,1,21333.22,4.130498794893837,2,84,0,True,False,True
718,33,4,70541.06,1,0,0,88592.8,0.7962302102404457,0,132,0,True,False,False
604,36,10,113546.3,1,1,1,134875.37,0.8418546554893196,1,360,0,True,False,True
705,47,3,63488.7,1,0,1,28640.92,2.216635616606708,1,141,0,False,True,False
850,61,1,0.0,1,1,0,53067.83,0.0,0,61,1,False,False,True
578,31,5,102088.68,4,0,0,187866.21,0.5434087193821636,0,155,0,True,False,False
756,27,1,131899.0,1,1,0,93302.29,1.4136586180401571,0,27,0,True,False,True
687,35,3,99587.43,1,1,1,1713.1,58.09896155416837,1,105,0,False,False,False
722,50,4,132088.59,1,1,1,128262.14,1.0298250144195753,1,200,0,False,True,False
678,43,5,102338.19,1,1,1,79649.62,1.284838586316089,1,215,0,False,False,True
688,29,9,144553.5,2,1,0,143454.95,1.007650780605475,0,261,0,True,False,True
572,26,5,0.0,2,1,0,119381.41,0.0,0,130,1,False,True,False
635,35,2,113635.16,1,1,0,90883.12,1.2503302006995283,0,70,0,False,True,True
607,25,4,121166.89,1,0,1,115288.24,1.0509817741881202,1,100,0,False,True,False
498,46,1,91857.66,1,1,0,101954.78,0.9009558849924938,0,46,0,False,False,True
516,50,7,139675.07,2,1,0,45591.23,3.063571797211937,0,350,0,True,False,True
691,29,9,116536.43,1,1,0,51987.99,2.2415597994883147,0,261,0,False,False,False
547,29,6,104450.86,1,1,1,37160.28,2.8107444092345584,1,174,0,False,False,False
648,56,6,157559.59,2,1,0,140991.23,1.1175054823943134,0,336,0,False,True,False
564,48,5,132876.23,1,1,0,79259.77,1.676443844792323,0,240,0,False,True,True
684,29,8,127269.75,1,0,1,79495.01,1.6009577084434805,1,232,0,True,False,True
696,43,4,0.0,2,1,1,66406.37,0.0,2,172,1,False,True,False
691,40,0,115465.98,1,1,1,60622.61,1.9046371537425764,1,0,0,False,False,False
710,29,3,119670.18,1,1,0,188022.44,0.6364641557456878,0,87,0,False,True,False
631,22,3,0.0,2,0,0,30781.77,0.0,0,66,1,False,False,False
654,43,9,84673.17,2,0,1,82081.35,1.0315636674632243,2,387,0,True,False,True
598,47,2,0.0,2,1,1,186116.54,0.0,2,94,1,False,False,True
681,42,3,118199.97,2,1,0,9452.88,12.502799908608953,0,126,0,True,False,True
716,30,2,205770.78,2,0,0,65464.66,3.143186519466847,0,60,0,True,False,False
799,31,9,154586.92,1,0,1,88604.89,1.7446573811289523,1,279,0,True,False,True
577,51,2,108867.0,1,0,0,140800.66,0.7731940092183572,0,102,0,False,True,True
850,29,1,154640.41,1,1,1,164039.51,0.9426964717434736,1,29,0,True,False,True
555,21,1,0.0,2,0,0,103901.35,0.0,0,21,1,False,True,True
768,28,3,109118.05,2,0,1,50911.41,2.1432505355766893,2,84,0,False,False,False
634,37,1,89696.84,2,1,1,193179.88,0.4643153090512891,2,37,0,True,False,True
581,41,8,0.0,2,0,0,29737.14,0.0,0,328,1,False,False,True
676,37,10,106242.67,1,1,1,166678.28,0.6374077809791355,1,370,0,False,False,True
719,33,7,0.0,2,1,0,20016.59,0.0,0,231,1,False,True,False
591,28,5,0.0,2,1,1,48606.92,0.0,2,140,1,False,False,True
711,38,4,123345.85,1,1,0,141827.83,0.8696810796507313,0,152,0,False,False,True
647,47,5,105603.21,2,1,1,157360.9,0.6710849957963142,2,235,0,False,True,True
735,29,10,0.0,2,1,1,95025.27,0.0,2,290,1,False,True,True
772,23,2,0.0,2,1,0,18364.19,0.0,0,46,1,False,False,True
543,41,5,0.0,2,0,1,143980.29,0.0,2,205,1,False,True,True
633,30,2,109786.82,2,1,1,139712.81,0.7857979107433976,2,60,0,True,False,True
601,29,9,0.0,1,1,1,80393.27,0.0,1,261,1,False,False,True
637,33,7,103377.81,1,1,0,84419.78,1.2245540730611586,0,231,0,False,False,False
647,47,10,99835.17,1,0,1,89103.05,1.1204335829852852,1,470,0,False,True,True
771,67,8,0.0,2,1,1,51219.8,0.0,2,536,1,False,True,False
471,27,4,0.0,2,1,0,122642.09,0.0,0,108,1,False,False,False
850,38,2,94652.04,1,1,1,171960.76,0.5504249316824856,1,76,0,False,True,True
597,26,5,0.0,2,0,1,95159.13,0.0,2,130,1,False,True,True
634,34,8,105302.66,1,1,1,123164.97,0.854965539588573,1,272,0,False,False,True
742,41,4,92805.72,1,0,1,73743.95,1.2584688171868041,1,164,0,True,False,False
487,36,1,140137.15,1,1,0,194073.33,0.7220797825245616,0,36,0,False,True,False
674,32,2,0.0,2,1,0,140579.17,0.0,0,64,1,False,True,True
772,48,6,108736.52,1,1,0,184564.67,0.5891481335613498,0,288,0,True,False,False
608,40,8,121729.42,1,0,0,61164.45,1.9901663439082031,0,320,0,True,False,False
737,41,1,101960.74,1,1,1,123547.28,0.8252704125059451,1,41,0,False,False,True
718,26,7,147527.03,1,0,0,51099.56,2.8869943891025853,0,182,0,True,False,True
630,36,2,110414.48,1,1,1,48984.95,2.254003035564279,1,72,0,False,False,False
670,39,8,101928.51,1,0,0,89205.54,1.1426125259426048,0,312,0,False,False,False
513,45,0,164649.52,3,1,0,49915.52,3.298497571545452,0,0,0,False,False,False
710,43,2,140080.32,3,1,1,157908.19,0.8870941583577245,3,86,0,True,False,True
780,71,9,142550.25,2,1,1,122506.78,1.1636016096283843,2,639,0,True,False,True
628,50,8,0.0,1,0,0,144366.83,0.0,0,400,1,False,True,True
662,32,9,0.0,2,0,0,65089.38,0.0,0,288,1,False,False,True
558,45,1,153697.53,2,0,0,89891.4,1.70979448763188,0,45,0,False,False,False
518,50,4,0.0,1,0,0,107112.25,0.0,0,200,1,False,True,True
550,34,3,0.0,2,0,0,131281.28,0.0,0,102,1,False,True,True
850,29,6,0.0,2,1,1,10672.54,0.0,2,174,1,False,False,True
739,40,8,0.0,1,1,0,167030.51,0.0,0,320,1,False,True,False
709,45,2,0.0,2,0,1,162922.65,0.0,2,90,1,False,True,False
627,30,6,57809.32,1,1,0,188258.49,0.30707254120363336,0,180,0,True,False,False
555,26,9,0.0,2,0,1,158918.03,0.0,2,234,1,False,True,False
733,30,1,102452.71,1,1,0,21556.95,4.752432861195058,0,30,0,True,False,False
642,40,7,0.0,2,1,0,183963.34,0.0,0,280,1,False,False,False
631,23,3,0.0,2,1,0,13813.24,0.0,0,69,1,False,True,True
618,54,4,118449.21,1,1,1,133573.29,0.8867665326912836,1,216,0,True,False,False
685,30,2,0.0,2,1,1,140889.32,0.0,2,60,1,False,False,True
803,43,3,0.0,1,1,0,72051.44,0.0,0,129,1,False,True,True
554,34,8,0.0,1,0,1,106981.03,0.0,1,272,1,False,True,False
680,37,6,124140.57,2,1,0,92826.35,1.3373275225458876,0,222,0,False,True,False
655,47,10,0.0,2,1,0,167778.62,0.0,0,470,1,False,False,False
492,31,7,0.0,2,1,1,49463.44,0.0,2,217,1,False,False,False
698,31,8,185078.26,1,0,0,115337.74,1.6046495739419384,0,248,0,False,True,False
508,41,5,0.0,2,1,1,94170.84,0.0,2,205,1,False,False,False
477,31,9,0.0,2,0,1,184061.17,0.0,2,279,1,False,True,True
640,23,3,72012.76,1,1,0,161333.13,0.4463578785220461,0,69,0,True,False,True
587,42,5,120233.83,1,1,0,194890.33,0.6169275462382037,0,210,0,False,True,True
599,51,0,0.0,1,1,1,175235.99,0.0,1,0,1,False,True,True
621,33,4,0.0,2,1,1,40299.23,0.0,2,132,1,False,True,True
695,35,7,0.0,2,1,0,160387.98,0.0,0,245,1,False,True,True
688,42,5,0.0,2,0,0,197602.29,0.0,0,210,1,False,True,True
516,35,5,128653.59,1,1,0,127558.26,1.0085789930107778,0,175,0,False,False,True
562,39,6,130565.02,1,1,0,9854.72,13.247638934547656,0,234,0,True,False,False
779,27,1,0.0,2,1,1,190623.02,0.0,2,27,1,False,False,True
523,34,7,0.0,2,1,0,62030.06,0.0,0,238,1,False,True,True
601,43,8,0.0,3,0,1,110916.15,0.0,3,344,1,False,False,False
485,30,7,0.0,1,1,0,107067.37,0.0,0,210,1,False,True,False
624,35,2,0.0,2,1,0,87310.59,0.0,0,70,1,False,True,True
583,35,8,149995.72,2,1,0,42143.55,3.5590775082424653,0,280,0,True,False,True
718,28,6,0.0,2,1,0,146875.86,0.0,0,168,1,False,True,True
743,48,5,118207.69,2,0,0,186489.14,0.6338549051440467,0,240,0,False,True,False
525,25,6,0.0,2,1,0,89566.64,0.0,0,150,1,False,False,False
657,44,6,76495.04,1,1,0,79071.89,0.9673990668609683,0,264,0,False,False,True
719,50,2,0.0,2,0,0,10772.13,0.0,0,100,1,False,True,True
771,47,3,72664.0,2,1,1,107874.39,0.6735920027728289,2,141,0,False,True,False
490,41,0,139659.04,1,1,1,176254.12,0.7923686982823535,1,0,0,True,False,False
613,38,9,67111.65,1,1,0,78566.64,0.8541894601899713,0,342,0,True,False,True
591,39,8,0.0,2,0,0,42392.24,0.0,0,312,1,False,True,True
535,45,2,0.0,2,1,0,125658.28,0.0,0,90,1,False,False,True
661,35,5,0.0,1,1,0,155394.52,0.0,0,175,1,False,False,True
503,32,4,0.0,2,1,1,153036.97,0.0,2,128,1,False,False,True
737,28,8,0.0,2,1,0,106390.01,0.0,0,224,1,False,False,True
644,31,5,0.0,2,1,1,41872.17,0.0,2,155,1,False,False,True
587,36,1,70784.27,1,1,0,30579.82,2.314662262163016,0,36,0,False,False,False
558,41,6,0.0,1,1,1,143585.29,0.0,1,246,1,False,False,False
747,58,7,116313.57,1,1,1,190696.35,0.6099380510531478,1,406,0,True,False,True
774,41,5,126670.37,1,1,0,102426.06,1.2366885274262485,0,205,0,False,False,False
850,43,7,0.0,2,1,1,173851.11,0.0,2,301,1,False,False,True
597,41,4,153198.23,1,1,1,92090.36,1.6635461784905772,1,164,0,False,False,True
473,32,5,146602.25,2,1,1,72946.95,2.009682931460034,2,160,0,True,False,False
701,26,5,83600.24,1,0,1,59195.05,1.4122604464318143,1,130,0,False,True,True
742,39,8,140004.96,1,1,1,92985.78,1.5056437054815748,1,312,0,False,False,True
458,36,5,0.0,2,1,0,79723.78,0.0,0,180,1,False,True,True
752,36,7,0.0,2,1,0,184866.86,0.0,0,252,1,False,False,False
657,40,10,0.0,2,1,1,52990.7,0.0,2,400,1,False,True,True
670,33,6,88294.6,1,1,0,66979.06,1.3182221694038496,0,198,0,False,False,True
591,35,7,183027.25,1,1,1,56028.79,3.2666060322553414,1,245,0,False,False,True
666,36,3,0.0,2,1,0,35156.54,0.0,0,108,1,False,False,True
733,74,3,106545.53,1,1,1,134589.58,0.7916269474431272,1,222,0,True,False,True
601,40,10,98627.13,2,0,0,77977.69,1.264795933350509,0,400,0,False,False,True
550,42,10,128707.31,1,1,0,63092.65,2.039940786434134,0,420,0,True,False,False
685,35,4,137948.51,1,1,0,113639.64,1.2139012064697983,0,140,0,False,True,True
576,71,6,140273.47,1,1,1,193135.25,0.7262928114219883,1,426,0,True,False,False
850,37,9,122506.38,1,0,1,199693.84,0.6134679293666276,1,333,0,True,False,True
630,39,7,135483.17,1,1,0,140881.2,0.9616769897119721,0,273,0,False,True,False
634,29,8,130036.21,2,0,1,69849.55,1.8616347330121237,2,232,0,True,False,False
742,33,6,0.0,2,0,0,38550.4,0.0,0,198,1,False,False,True
430,38,8,153058.64,1,1,0,99377.27,1.5401620495104211,0,304,0,True,False,False
624,38,3,0.0,2,1,1,163666.85,0.0,2,114,1,False,False,False
793,41,3,141806.46,1,1,0,102921.17,1.3778028582180106,0,123,0,False,False,False
643,62,9,0.0,2,0,0,155870.82,0.0,0,558,1,False,False,True
662,36,4,166909.2,2,1,0,138871.12,1.2018913515542213,0,144,0,False,False,False
620,36,7,169312.72,1,1,0,45414.09,3.728115919180167,0,252,0,False,True,True
672,33,2,0.0,2,1,1,182738.0,0.0,2,66,1,False,True,True
682,44,3,115282.3,1,0,0,23766.4,4.850437994900578,0,132,0,False,False,True
657,50,9,0.0,2,0,0,37171.46,0.0,0,450,1,False,False,True
604,30,5,0.0,2,1,0,75786.55,0.0,0,150,1,False,False,True
617,30,8,0.0,1,1,1,92621.9,0.0,1,240,1,False,False,False
524,29,7,0.0,2,1,1,105448.74,0.0,2,203,1,False,False,True
670,22,2,114991.45,1,1,1,37392.56,3.0751672213076264,1,44,0,False,False,True
601,33,7,114430.18,2,1,1,153012.13,0.7478454953506277,2,231,0,True,False,False
790,20,8,0.0,2,1,0,168152.76,0.0,0,160,1,False,True,True
487,34,2,96019.5,1,0,0,9085.0,10.567851639885538,0,68,0,False,False,False
656,39,6,0.0,2,1,0,141069.88,0.0,0,234,1,False,False,False
641,48,3,147341.43,1,1,1,157458.61,0.9357411084658472,1,144,0,False,False,False
531,37,7,121854.45,1,1,0,147521.35,0.8260067033910454,0,259,0,False,False,True
707,29,4,0.0,2,1,0,139953.94,0.0,0,116,1,False,False,True
512,33,6,121685.31,2,1,1,83681.97,1.454122744448482,2,198,0,False,False,False
605,62,4,111065.93,2,0,1,125660.99,0.8838466588027134,2,248,0,False,False,False
678,38,3,0.0,2,1,0,66561.6,0.0,0,114,1,False,False,True
401,48,8,128140.17,1,1,0,175753.55,0.7290859326259264,0,384,0,True,False,True
586,42,2,0.0,1,1,0,102889.34,0.0,0,84,1,False,True,False
586,34,9,74309.81,1,1,0,15034.93,4.942149238523989,0,306,0,True,False,True
601,35,8,71553.83,1,1,0,177384.45,0.40338049146646465,0,280,0,True,False,True
605,28,10,113690.83,1,1,0,33114.24,3.43318755956472,0,280,0,True,False,True
511,45,5,68375.27,1,1,0,193160.25,0.3539802626044303,0,225,0,False,False,True
747,40,3,0.0,1,0,0,57817.84,0.0,0,120,1,False,False,False
717,33,1,99106.73,1,0,0,194467.23,0.5096294135036864,0,33,0,False,True,True
699,37,10,0.0,2,0,0,83263.04,0.0,0,370,1,False,False,True
606,38,3,99897.53,1,0,0,37054.65,2.6958784962617037,0,114,0,True,False,True
611,64,9,0.0,2,1,1,53277.15,0.0,2,576,1,False,False,True
850,23,9,143054.85,1,0,1,62980.96,2.271362307556005,1,207,0,False,True,False
752,35,2,0.0,1,1,0,44335.54,0.0,0,70,1,False,True,False
684,41,1,134177.06,1,0,0,177506.66,0.7558944780185823,0,41,0,False,True,False
692,34,7,0.0,2,1,0,195074.62,0.0,0,238,1,False,False,False
794,46,8,134593.79,1,1,1,46386.37,2.901518020961309,1,368,0,False,True,False
492,49,8,0.0,1,1,1,182865.09,0.0,1,392,1,False,False,False
672,39,2,0.0,2,1,0,87372.49,0.0,0,78,1,False,False,True
692,43,10,118588.83,1,1,1,161241.65,0.735468128314686,1,430,0,True,False,False
603,40,4,102833.46,2,1,1,38829.11,2.648291750911857,2,160,0,False,False,True
636,34,2,40105.51,2,0,1,53512.16,0.7494513499109378,2,68,0,True,False,True
570,18,4,82767.42,1,1,0,71811.9,1.1525425097719213,0,72,0,False,False,False
538,68,9,0.0,2,1,0,110440.5,0.0,0,612,1,False,True,True
824,26,7,146266.0,1,1,0,21903.62,6.677404127531087,0,182,0,False,False,True
664,41,7,123428.69,1,1,1,164924.11,0.7483923460775622,1,287,0,False,True,True
692,41,8,130701.29,1,1,0,59354.24,2.2020177157063134,0,328,0,True,False,False
759,35,7,147936.42,1,1,1,106785.7,1.385344991464293,1,245,0,False,True,False
700,31,7,0.0,2,0,1,145151.96,0.0,2,217,1,False,True,True
698,51,6,144237.91,4,1,0,157143.61,0.9178673706976015,0,306,0,False,False,False
727,31,0,0.0,1,1,0,121751.04,0.0,0,0,1,False,True,False
720,33,3,123783.91,2,1,1,142903.44,0.8662005883092226,2,99,0,False,True,True
714,28,6,122724.37,1,1,1,67057.27,1.8301153608645135,1,168,0,False,False,True
488,39,9,140553.46,1,0,0,12440.44,11.297201931609202,0,351,0,False,True,False
556,47,2,139914.27,1,1,1,50390.98,2.776518604746231,1,94,0,False,False,False
706,54,9,117444.51,1,1,1,186238.85,0.6306089164053772,1,486,0,False,False,True
850,40,6,94607.08,1,1,0,36690.49,2.5784474819638015,0,240,0,True,False,True
404,54,4,125456.07,1,1,0,83715.66,1.4985794942129798,0,216,0,True,False,False
777,58,4,0.0,1,1,1,62449.07,0.0,1,232,1,False,False,False
594,57,6,0.0,1,1,0,19376.56,0.0,0,342,1,False,False,True
628,34,4,158741.43,2,1,1,126192.54,1.2579204133587187,2,136,0,False,False,True
610,50,1,113957.01,2,1,0,196526.55,0.579852595730217,0,50,0,True,False,True
680,34,6,146422.22,1,1,0,67142.97,2.180720323805697,0,204,0,True,False,True
553,44,4,0.0,1,1,0,10789.3,0.0,0,176,1,False,True,True
636,34,1,84055.43,1,0,0,37490.84,2.241965985131698,0,34,0,False,False,True
521,52,5,116497.31,3,0,0,53793.1,2.165615002388738,0,260,0,True,False,True
647,22,3,97975.82,2,0,1,62083.0,1.5781170671992786,2,66,0,True,False,False
640,67,3,0.0,1,0,1,42964.63,0.0,1,201,1,False,False,False
760,39,6,178585.46,1,1,0,67131.3,2.6602017210791224,0,234,0,False,False,True
562,41,5,165445.04,2,1,0,85787.31,1.9285266255973572,0,205,0,False,True,True
623,41,2,142412.13,1,1,0,28778.98,4.948305384506869,0,82,0,False,True,True
714,25,4,0.0,2,0,0,82500.84,0.0,0,100,1,False,False,False
681,32,3,148884.47,2,1,1,90967.37,1.636661951841063,2,96,0,False,False,True
673,40,1,121629.22,1,1,1,3258.6,37.31415511105657,1,40,0,False,True,True
731,30,7,0.0,2,0,1,143086.09,0.0,2,210,1,False,False,True
757,30,6,105128.85,2,1,1,62972.13,1.6694239273163016,2,180,0,True,False,True
701,59,7,0.0,2,0,1,27597.59,0.0,2,413,1,False,True,True
738,40,1,115409.18,2,0,0,180456.8,0.6395355590060391,0,40,0,True,False,False
580,36,6,145387.32,2,1,1,169963.2,0.8553996665180079,2,216,0,True,False,False
591,33,4,113743.37,1,1,0,124625.08,0.9126771057871674,0,132,0,False,False,False
624,33,6,66220.17,1,0,1,170819.01,0.3876604971513583,1,198,0,False,True,True
551,32,4,0.0,2,1,0,53420.53,0.0,0,128,1,False,True,True
730,22,9,65763.57,1,1,1,145792.01,0.4510749177892685,1,198,0,False,False,False
477,34,8,139959.55,2,1,1,189875.83,0.7371070498701711,2,272,0,True,False,True
405,39,10,0.0,1,1,0,160810.85,0.0,0,390,1,False,False,True
758,40,3,0.0,2,0,0,96097.65,0.0,0,120,1,False,True,True
579,59,3,148021.12,1,1,1,74878.22,1.9767983694274591,1,177,0,False,True,False
565,52,5,97720.35,2,1,0,175070.94,0.558172543241367,0,260,0,True,False,True
465,24,6,156007.09,1,1,0,191368.37,0.8152145246650496,0,144,0,True,False,True
705,31,9,110941.93,2,1,0,163484.8,0.6786028511344716,0,279,0,True,False,False
559,38,3,145874.35,1,1,0,56311.39,2.590448567357912,0,114,0,False,True,True
578,59,10,185966.64,1,0,0,9445.42,19.686467465981824,0,590,0,False,False,True
698,47,6,0.0,1,1,0,50213.81,0.0,0,282,1,False,True,False
668,37,7,128645.67,1,1,0,92149.64,1.3960366417422603,0,259,0,False,False,False
701,39,2,0.0,2,1,1,82526.92,0.0,2,78,1,False,False,True
559,31,3,127070.73,1,0,1,160941.78,0.7895397979331537,1,93,0,False,False,False
627,30,6,112372.96,1,1,1,118029.09,0.9520704423761772,1,180,0,True,False,True
753,44,3,138076.47,1,1,0,15523.09,8.89433583546604,0,132,0,True,False,True
590,41,1,89086.31,1,1,0,24499.97,3.636031961183577,0,41,0,False,False,True
850,36,2,155180.56,2,0,0,169415.54,0.915970542191453,0,72,0,False,True,False
559,38,8,95139.41,1,1,1,86575.46,1.0989062153846438,1,304,0,False,False,False
692,49,9,0.0,2,1,0,178342.63,0.0,0,441,1,False,True,False
669,38,8,0.0,2,1,0,84049.16,0.0,0,304,1,False,False,False
678,27,2,0.0,2,1,1,13221.25,0.0,2,54,1,False,True,True
552,39,2,132906.88,1,0,1,149384.43,0.8896910495220318,1,78,0,True,False,True
601,35,2,0.0,2,1,1,118983.18,0.0,2,70,1,False,False,True
850,28,4,0.0,2,1,1,12409.01,0.0,2,112,1,False,False,True
463,20,8,204223.03,1,1,0,128268.39,1.592141585767267,0,160,0,False,True,True
600,34,0,0.0,2,0,1,3756.23,0.0,2,0,1,False,False,True
583,54,6,115988.86,1,1,0,57553.98,2.0152706160266236,0,324,0,True,False,False
589,34,6,0.0,2,1,1,177896.92,0.0,2,204,1,False,False,True
683,35,9,61172.04,1,0,0,82951.12,0.7374379340757055,0,315,0,False,True,True
746,31,2,113836.27,1,1,1,174815.54,0.6511756267456157,1,62,0,False,True,True
692,36,4,0.0,1,1,0,185580.89,0.0,0,144,1,False,False,False
791,44,5,0.0,2,1,1,123977.86,0.0,2,220,1,False,False,False
490,38,3,97266.1,1,1,1,92797.23,1.048146069165328,1,114,0,False,True,False
782,35,7,98556.89,2,1,0,117644.36,0.83774566204736,0,245,0,True,False,True
456,33,1,188285.68,1,0,0,58363.94,3.226006571753522,0,33,0,False,False,False
806,59,0,135296.33,1,1,0,182822.5,0.7400379601090669,0,0,0,True,False,False
627,24,5,102773.2,2,1,0,56793.02,1.809577839357031,0,120,0,True,False,True
845,52,0,0.0,1,1,0,31726.76,0.0,0,0,1,False,True,False
612,52,5,144772.69,1,0,0,98302.57,1.4727104010566452,0,260,0,False,True,False
734,37,0,152760.24,1,1,1,48990.5,3.118096812712409,1,0,0,False,True,False
779,40,2,75470.23,1,1,1,52894.01,1.4267929999446072,1,80,0,True,False,False
583,44,8,0.0,2,1,1,27431.62,0.0,2,352,1,False,False,False
572,30,6,0.0,1,0,1,175025.27,0.0,1,180,1,False,False,False
666,36,4,120165.4,2,1,0,33701.5,3.5654743713374377,0,144,0,False,False,True
665,38,5,0.0,2,1,0,156439.56,0.0,0,190,1,False,False,False
740,33,1,129574.98,1,1,1,123300.38,1.0508802091266132,1,33,0,False,False,True
784,28,2,109960.06,2,1,1,170829.87,0.6436779254241344,2,56,0,True,False,True
711,37,2,0.0,2,1,0,83978.86,0.0,0,74,1,False,True,True
500,47,8,128486.11,1,1,0,179227.12,0.71688588821888,0,376,0,False,True,False
558,40,4,161766.87,1,0,0,92378.54,1.7511114474049125,0,160,0,False,True,True
650,48,7,138232.24,1,1,0,57594.78,2.4000411141232916,0,336,0,True,False,False
702,45,0,80793.58,1,1,1,27474.81,2.9405349651202277,1,0,0,False,False,True
511,31,5,137411.29,1,0,1,161854.98,0.8489725866168182,1,155,0,False,False,False
594,30,10,0.0,2,1,1,124071.71,0.0,2,300,1,False,False,False
707,73,6,66573.17,1,1,1,62768.8,1.0605923549222716,1,438,0,False,False,True
597,40,8,101993.12,1,0,1,94774.12,1.0761592282869175,1,320,0,False,True,False
565,59,9,69129.59,1,1,1,170705.53,0.40496160281624843,1,531,0,True,False,True
582,40,3,110150.43,1,1,1,191757.65,0.5744222229349236,1,120,0,True,False,False
825,37,6,118050.79,1,0,1,52301.15,2.257092490461673,1,222,0,True,False,True
598,39,1,0.0,2,1,0,159130.32,0.0,0,39,1,False,True,True
732,40,10,0.0,2,1,0,154189.08,0.0,0,400,1,False,False,False
752,49,2,78653.84,1,1,0,7698.6,10.215315081302924,0,98,0,False,False,True
723,45,4,0.0,2,1,0,37214.39,0.0,0,180,1,False,True,False
775,29,10,0.0,2,1,1,68143.93,0.0,2,290,1,False,True,True
741,53,3,0.0,2,1,1,38913.68,0.0,2,159,1,False,True,True
623,46,4,0.0,1,1,0,5549.11,0.0,0,184,1,False,True,True
709,49,4,154344.49,2,1,1,38794.57,3.9784050086130964,2,196,0,False,False,True
565,46,7,135369.71,1,0,1,140130.22,0.9660210622586458,1,322,0,False,False,True
528,29,3,102787.42,1,1,0,55972.56,1.8363566655399444,0,87,0,False,False,True
581,49,10,0.0,2,0,0,41623.59,0.0,0,490,1,False,True,True
584,30,8,112013.81,1,1,0,177772.03,0.6300945087114733,0,240,0,True,False,False
542,33,8,142871.27,2,0,0,77737.86,1.8378359291607824,0,264,0,True,False,True
676,35,5,106836.67,2,1,0,84199.78,1.2688323077292158,0,175,0,False,False,True
672,50,1,0.0,1,1,0,12106.82,0.0,0,50,1,False,False,False
469,33,1,127818.52,1,1,0,163477.22,0.7818688018501792,0,33,0,False,False,True
705,64,3,153469.26,3,0,0,146573.66,1.0470381442467613,0,192,0,True,False,False
584,46,6,87361.02,2,1,0,120376.87,0.7257232579376924,0,276,0,True,False,False
485,34,3,133658.24,1,1,0,70209.83,1.9036698469452644,0,102,0,True,False,True
820,33,2,132150.26,2,1,0,23067.97,5.728485493717319,0,66,0,False,False,True
744,46,1,0.0,3,1,1,177431.59,0.0,3,46,1,False,True,False
715,38,2,96798.79,2,1,1,4554.67,21.24798108730439,2,76,0,False,True,True
574,26,8,97460.1,1,1,1,43093.67,2.261534895150607,1,208,0,False,False,True
720,46,3,97042.6,1,1,1,133516.51,0.7268155315359012,1,138,0,True,False,True
850,31,4,91292.7,1,1,1,162149.07,0.5630136329882558,1,124,0,False,True,False
850,19,8,0.0,1,1,1,68569.89,0.0,1,152,1,False,False,True
833,32,6,0.0,1,1,1,44323.22,0.0,1,192,1,False,True,True
523,41,0,119276.31,1,0,0,122284.38,0.9753930518922213,0,0,0,True,False,True
683,30,2,0.0,2,0,1,100496.84,0.0,2,60,1,False,False,False
707,58,3,102346.86,1,1,1,114672.64,0.8925055487904631,1,174,0,False,False,False
624,36,6,0.0,2,0,0,84635.64,0.0,0,216,1,False,False,True
638,37,2,89728.86,2,1,1,37294.88,2.405865205486504,2,74,0,True,False,True
725,26,6,98684.15,1,0,0,133720.57,0.7379822866273555,0,156,0,False,False,True
611,53,3,83568.26,1,0,0,1235.49,67.58506740855162,0,159,0,False,False,True
671,34,7,106603.74,2,1,1,26387.71,4.039748058923684,2,238,0,False,False,True
749,42,9,222267.63,1,0,0,101108.85,2.198278703805811,0,378,0,False,True,True
759,40,4,0.0,2,1,0,124615.59,0.0,0,160,1,False,False,True
659,39,8,52106.33,2,1,1,107964.36,0.4826208146761147,2,312,0,True,False,True
661,41,5,122552.48,2,0,1,120646.4,1.0157904770430195,2,205,0,True,False,True
708,54,8,145151.4,1,0,1,125311.17,1.1583184618062237,1,432,0,True,False,False
514,26,1,0.0,2,0,0,121551.93,0.0,0,26,1,False,False,True
726,30,5,111375.32,2,1,0,2704.09,41.1725007301051,0,150,0,True,False,True
850,54,4,120952.74,1,1,0,66963.15,1.806231244628656,0,216,0,False,True,False
606,42,10,0.0,2,1,0,177938.52,0.0,0,420,1,False,True,True
584,47,7,130538.77,1,1,0,92915.84,1.4048989397400946,0,329,0,True,False,True
530,39,2,0.0,2,1,0,197923.05,0.0,0,78,1,False,False,True
666,27,4,0.0,2,0,0,88751.45,0.0,0,108,1,False,False,False
693,38,3,0.0,2,0,0,78133.48,0.0,0,114,1,False,False,False
637,63,5,0.0,1,1,0,28092.77,0.0,0,315,1,False,False,False
809,80,8,0.0,2,0,1,34164.05,0.0,2,640,1,False,True,True
556,42,0,115915.53,2,0,1,125435.47,0.9240975132670746,2,0,0,True,False,True
748,20,7,0.0,2,0,0,10792.42,0.0,0,140,1,False,False,False
516,45,4,0.0,1,1,0,95273.73,0.0,0,180,1,False,False,False
681,57,2,173306.13,1,0,1,131964.66,1.3132668756402233,1,114,0,False,True,False
648,19,1,0.0,2,0,1,22101.86,0.0,2,19,1,False,False,False
638,35,1,0.0,2,1,0,165370.66,0.0,0,35,1,False,True,True
624,55,7,118793.6,1,1,1,95022.02,1.250156014826723,1,385,0,False,False,True
493,35,8,178317.6,1,0,0,197428.64,0.9031956903735426,0,280,0,True,False,False
579,22,3,118680.57,1,1,1,49829.8,2.381670974577972,1,66,0,False,True,True
747,25,4,0.0,2,0,1,42039.67,0.0,2,100,1,False,False,False
509,29,0,107712.57,2,1,1,92898.17,1.1594567529505377,2,0,0,True,False,False
574,37,7,0.0,2,1,0,32262.28,0.0,0,259,1,False,True,False
672,53,9,169406.33,4,1,1,147311.47,1.1499795638481929,4,477,0,False,False,False
579,28,4,0.0,2,1,1,176925.69,0.0,2,112,1,False,False,True
719,28,3,106070.29,2,1,1,183893.31,0.5768002827276167,2,84,0,True,False,True
672,28,4,167268.98,1,1,1,169469.3,0.9870105853356017,1,112,0,False,False,True
741,39,7,143637.58,2,0,1,174227.66,0.8244199318298148,2,273,0,False,True,True
557,34,3,83074.0,1,1,0,132673.22,0.6261502799865716,0,102,0,False,False,True
840,30,8,136291.71,1,1,0,54113.38,2.518585817669906,0,240,0,False,False,True
592,38,3,0.0,1,1,1,12905.89,0.0,1,114,1,False,True,True
678,36,0,107379.68,1,1,1,84460.18,1.2713495122848153,1,0,0,False,False,True
634,31,9,108632.48,1,1,1,179485.96,0.6052388429777852,1,279,0,False,True,True
850,40,4,166082.15,2,0,1,44406.17,3.7399850069256835,2,160,0,True,False,True
744,36,2,153804.44,1,1,1,87213.33,1.763522577081083,1,72,0,False,True,True
641,40,2,110086.69,1,1,0,159773.14,0.6890144425124115,0,80,0,True,False,False
744,36,10,0.0,2,1,1,182867.84,0.0,2,360,1,False,False,True
850,37,3,212778.2,1,0,1,69372.88,3.067122669223633,1,111,0,False,False,False
646,35,1,121952.75,2,1,1,142839.82,0.8537668013947273,2,35,0,True,False,False
850,34,9,92899.27,2,1,0,97465.89,0.9531367010889544,0,306,0,False,False,False
497,32,8,111537.23,4,1,1,9497.99,11.742009413632397,4,256,0,True,False,False
605,57,2,0.0,3,1,0,66652.75,0.0,0,114,1,False,True,False
653,47,6,0.0,1,1,0,50695.93,0.0,0,282,1,False,False,True
705,36,1,111629.29,1,1,1,21807.16,5.118693644947579,1,36,0,False,True,True
716,23,2,94464.81,2,0,1,185900.88,0.5081433818743522,2,46,0,False,False,False
819,49,1,120656.86,4,0,0,166164.3,0.7261254907011272,0,49,0,True,False,False
451,23,9,0.0,2,0,1,48021.71,0.0,2,207,1,False,True,False
757,44,9,0.0,2,1,0,177528.92,0.0,0,396,1,False,True,False
665,45,5,155447.65,2,1,0,51871.95,2.9966996286118297,0,225,0,True,False,False
600,27,6,0.0,2,1,1,172031.22,0.0,2,162,1,False,True,False
820,29,3,82344.84,1,0,1,115985.38,0.7099526685805695,1,87,0,False,False,False
650,34,4,106005.54,1,0,1,142995.32,0.7413165597548244,1,136,0,False,False,True
538,43,5,0.0,2,1,0,126933.73,0.0,0,215,1,False,True,True
680,30,3,0.0,1,1,0,160131.58,0.0,0,90,1,False,True,False
668,34,5,80242.37,2,0,0,56780.97,1.4131663624914739,0,170,0,True,False,True
585,44,4,0.0,2,0,1,101728.46,0.0,2,176,1,False,True,False
777,28,2,134571.5,1,0,1,118313.38,1.1374061208789668,1,56,0,False,False,False
698,31,1,156111.24,1,0,0,134790.74,1.1581662199775744,0,31,0,False,False,True
686,41,4,129553.76,2,1,0,187599.8,0.6905821297137326,0,164,0,False,False,False
712,31,7,0.0,2,1,0,170333.38,0.0,0,217,1,False,False,False
553,53,5,127997.83,1,1,0,165378.66,0.773963557549943,0,265,0,True,False,True
569,66,2,0.0,1,1,0,130784.2,0.0,0,132,1,False,False,True
682,29,6,101012.77,1,0,0,32589.89,3.0994173525178357,0,174,0,True,False,False
516,33,7,115195.58,1,1,1,11205.5,10.27935394637041,1,231,0,False,False,True
759,26,4,0.0,2,1,0,135394.62,0.0,0,104,1,False,False,True
735,34,1,141796.43,1,1,0,45858.49,3.0919757284697234,0,34,0,False,False,True
724,37,10,68598.56,1,1,0,157862.82,0.4345426330111611,0,370,0,False,False,False
607,32,7,0.0,3,0,1,10674.62,0.0,3,224,1,False,True,False
794,41,7,0.0,2,1,1,74275.08,0.0,2,287,1,False,False,False
571,41,8,0.0,1,1,1,63736.17,0.0,1,328,1,False,False,True
850,36,10,0.0,2,1,1,100750.03,0.0,2,360,1,False,False,False
607,36,8,143421.74,1,1,0,97879.02,1.4652810655330881,0,288,0,True,False,True
767,35,9,0.0,2,1,0,39511.61,0.0,0,315,1,False,False,False
707,51,10,98438.23,1,0,0,70778.63,1.3907706214344435,0,510,0,True,False,False
748,35,5,105492.53,1,1,1,150057.2,0.7030107651564526,1,175,0,False,True,True
494,40,7,0.0,2,0,1,158071.69,0.0,2,280,1,False,False,True
746,30,1,112666.67,1,0,0,11710.4,9.620256331437744,0,30,0,False,True,True
600,49,7,90218.9,1,1,0,91347.76,0.9876313591996213,0,343,0,False,False,True
850,35,2,80931.75,1,0,0,12639.67,6.40248895034836,0,70,0,True,False,False
528,35,3,156687.1,1,1,0,199320.77,0.7861012873807012,0,105,0,False,False,True
850,44,7,89118.26,1,1,0,104240.77,0.8549189063079031,0,308,0,False,True,True
590,29,10,99250.08,1,1,1,129629.41,0.7656388651397461,1,290,0,False,True,False
640,39,9,131607.28,4,0,1,6981.43,18.848349356885784,4,351,0,True,False,True
590,38,9,0.0,2,1,1,148750.16,0.0,2,342,1,False,True,False
645,36,8,0.0,2,1,1,12096.61,0.0,2,288,1,False,False,False
772,41,10,96032.22,1,1,1,75825.57,1.2664718976474867,1,410,0,False,True,True
707,30,8,0.0,2,1,0,33159.37,0.0,0,240,1,False,False,True
681,48,5,139714.4,2,0,0,73066.72,1.9121220697730816,0,240,0,True,False,True
590,76,5,160979.68,1,0,1,13848.58,11.623434068036719,1,380,0,False,False,False
706,36,9,58571.18,2,1,0,40774.01,1.4364479616314012,0,324,0,True,False,True
563,46,8,106171.68,1,1,0,163145.5,0.6507751009062407,0,368,0,False,True,False
780,34,5,94108.54,2,1,0,177235.21,0.5309780659381059,0,170,0,True,False,True
473,39,9,117103.26,2,1,1,85937.52,1.3626399430662757,2,351,0,False,False,False
724,31,9,138166.3,1,1,0,12920.43,10.692802576804578,0,279,0,True,False,True
584,35,6,161613.94,2,1,1,148238.16,1.0902243374827543,2,210,0,False,False,True
610,40,9,0.0,1,1,1,149602.54,0.0,1,360,1,False,False,True
616,30,5,0.0,2,0,1,196108.51,0.0,2,150,1,False,True,True
468,22,2,0.0,2,1,0,28123.99,0.0,0,44,1,False,False,True
601,26,8,78892.23,1,1,1,23703.52,3.3281513399132314,1,208,0,False,False,False
753,92,3,121513.31,1,0,1,195563.99,0.6213449043205536,1,276,0,False,False,True
836,57,4,101247.06,1,1,0,37141.62,2.7258997884371103,0,228,0,False,True,True
694,36,3,97530.25,1,1,1,117140.41,0.8325855903561344,1,108,0,False,False,True
745,21,4,137910.45,1,1,1,177235.23,0.7781165848540109,1,84,0,False,False,True
621,35,7,87619.29,1,1,0,143.34,607.0340169045309,0,245,0,False,False,True
496,29,2,0.0,2,1,0,55389.59,0.0,0,58,1,False,True,True
767,36,3,0.0,1,0,0,65147.27,0.0,0,108,1,False,False,True
742,27,0,0.0,2,0,1,131534.96,0.0,2,0,1,False,False,True
681,38,6,181804.34,2,1,1,57517.71,3.160786116378479,2,228,0,True,False,True
720,43,10,110822.9,1,0,0,72861.94,1.5209776053505388,0,430,0,True,False,False
672,28,6,0.0,1,0,1,8814.69,0.0,1,168,1,False,False,False
793,36,0,0.0,1,0,0,148993.47,0.0,0,0,1,False,True,False
584,41,3,0.0,2,1,1,160095.48,0.0,2,123,1,False,False,False
605,41,5,91612.91,1,1,1,28427.84,3.222534229324869,1,205,0,False,False,True
850,47,10,134381.52,1,0,0,26812.89,5.011638371008458,0,470,0,True,False,False
717,28,9,82498.14,2,0,0,40437.67,2.0400804477496415,0,252,0,True,False,False
850,29,1,0.0,2,0,0,152996.89,0.0,0,29,1,False,False,True
648,42,8,121980.56,2,1,0,4027.02,30.28300753223668,0,336,0,True,False,False
666,46,5,123873.19,1,1,1,177844.06,0.6965230858816096,1,230,0,False,False,True
706,35,5,0.0,2,1,1,81718.37,0.0,2,175,1,False,False,True
651,56,4,0.0,1,0,0,84383.22,0.0,0,224,1,False,False,False
664,39,7,60263.23,1,1,0,170835.32,0.35275420355577786,0,273,0,True,False,True
635,31,1,0.0,2,1,0,135382.23,0.0,0,31,1,False,True,True
616,28,10,105173.99,1,0,1,29835.37,3.5250263353082163,1,280,0,True,False,False
610,45,1,0.0,2,1,1,199657.46,0.0,2,45,1,False,False,False
607,26,1,0.0,1,1,0,29818.2,0.0,0,26,1,False,False,True
657,27,8,0.0,2,0,0,6468.24,0.0,0,216,1,False,True,False
489,52,1,131441.51,1,1,0,37240.11,3.5294734770257925,0,52,0,True,False,False
746,37,2,0.0,2,1,0,143194.05,0.0,0,74,1,False,False,True
557,28,7,146445.24,2,1,0,184317.74,0.7945217073424005,0,196,0,False,False,False
531,31,7,117052.82,1,1,0,118508.09,0.9877117443058588,0,217,0,True,False,False
506,36,5,0.0,2,1,0,164253.35,0.0,0,180,1,False,False,True
678,51,1,145751.03,1,0,0,109718.44,1.3283975018465277,0,51,0,True,False,False
760,42,0,77992.97,2,1,1,97906.38,0.7965995004666655,2,0,0,True,False,True
623,50,2,87116.71,1,1,1,104382.11,0.834586265919841,1,100,0,False,True,False
583,40,9,112701.04,1,0,0,29213.63,3.857691848228096,0,360,0,False,False,True
520,38,4,0.0,2,1,0,56388.63,0.0,0,152,1,False,False,False
716,50,2,119655.77,1,1,1,12944.17,9.243275291093125,1,100,0,True,False,True
705,44,3,105934.96,1,1,0,82463.69,1.2846099342639863,0,132,0,True,False,True
850,31,1,130089.56,2,1,1,4466.21,29.12098602931136,2,31,0,True,False,False
545,74,3,0.0,2,1,1,161326.73,0.0,2,222,1,False,True,False
674,39,6,0.0,2,1,1,9574.83,0.0,2,234,1,False,True,False
586,64,1,0.0,2,1,1,53710.23,0.0,2,64,1,False,False,True
679,33,9,112528.65,2,1,0,177362.45,0.6344523068309733,0,297,0,False,False,False
791,37,2,163789.49,2,1,0,75832.53,2.1598558052091206,0,74,0,False,False,True
540,37,0,120825.7,1,1,0,28257.89,4.275670417344772,0,0,0,False,True,True
669,35,4,108269.2,2,1,0,174969.92,0.6187839670729284,0,140,0,True,False,False
588,40,10,125534.51,1,1,0,121504.18,1.0331617960649908,0,400,0,True,False,False
625,34,6,0.0,2,0,0,197283.2,0.0,0,204,1,False,False,True
781,23,2,107433.48,1,1,0,173843.21,0.6179871046611216,0,46,0,False,False,True
568,39,5,0.0,2,1,1,129569.92,0.0,2,195,1,False,True,True
490,40,1,0.0,1,1,1,49594.19,0.0,1,40,1,False,False,False
707,40,3,109628.44,1,1,0,189366.03,0.5789204171391398,0,120,0,True,False,False
784,42,2,109052.04,2,1,0,6409.55,17.01133912066827,0,84,0,False,True,False
516,45,8,109044.3,1,0,1,115818.16,0.9415048425493675,1,360,0,False,True,False
632,28,7,155519.59,1,1,0,1843.24,84.32719711100508,0,196,0,False,True,True
725,41,7,113980.21,1,1,1,116704.25,0.9766502363861095,1,287,0,False,False,True
831,34,2,0.0,2,0,0,165840.94,0.0,0,68,1,False,False,False
701,28,1,103421.32,1,0,1,76304.73,1.3553545716684712,1,28,0,False,True,True
522,34,3,0.0,2,1,1,3894.34,0.0,2,102,1,False,False,False
769,31,7,148913.72,2,1,0,53817.23,2.766975428214566,0,217,0,True,False,False
730,27,5,0.0,2,1,1,116081.93,0.0,2,135,1,False,False,True
821,28,8,0.0,1,1,1,36754.13,0.0,1,224,1,False,False,False
670,25,6,0.0,2,1,1,78358.94,0.0,2,150,1,False,True,True
639,37,5,98186.7,1,0,1,173386.95,0.5662832970803334,1,185,0,False,False,True
731,33,4,0.0,2,1,1,74945.11,0.0,2,132,1,False,False,True
739,40,4,0.0,2,0,0,173321.65,0.0,0,160,1,False,False,True
664,40,7,125608.72,1,1,0,122073.48,1.0289515056709642,0,280,0,False,False,True
512,51,6,144953.31,1,1,1,165035.17,0.8783123723726743,1,306,0,False,False,True
618,37,5,0.0,1,0,1,178705.45,0.0,1,185,1,False,False,True
726,31,9,114722.05,2,1,1,98178.57,1.1684920803788406,2,279,0,False,False,False
621,27,1,74298.43,1,1,1,52581.96,1.41297542017414,1,27,0,True,False,True
568,30,8,73054.37,2,1,1,27012.0,2.7044152815311144,2,240,0,False,False,True
669,44,8,96418.09,1,0,0,131609.48,0.732601917415695,0,352,0,False,False,False
667,39,2,0.0,2,1,0,40721.24,0.0,0,78,1,False,True,False
758,34,3,0.0,2,1,1,124226.16,0.0,2,102,1,False,False,False
776,37,1,93124.04,2,1,1,196079.32,0.4749280294932199,2,37,0,True,False,False
642,30,8,134497.27,1,0,0,43250.54,3.109652743000596,0,240,0,True,False,True
722,47,2,88011.4,1,1,1,90655.94,0.9708181193850134,1,94,0,False,False,False
510,22,3,156834.34,1,0,0,44374.44,3.534259941985927,0,66,0,False,False,False
648,36,8,146943.38,2,1,1,130041.45,1.1299647153679433,2,288,0,False,True,True
626,29,4,105767.28,2,0,0,41104.82,2.5730487799537873,0,116,0,False,False,False
773,52,4,0.0,1,0,1,144113.42,0.0,1,208,1,False,False,True
744,31,0,117551.23,1,1,0,158958.9,0.7395024153890384,0,0,0,False,True,True
662,44,8,0.0,2,1,1,175314.87,0.0,2,352,1,False,False,True
782,53,1,81571.05,1,1,0,182960.46,0.44583733645326185,0,53,0,True,False,False
597,41,4,145809.53,2,1,1,52319.26,2.7868655469219763,2,164,0,False,False,False
653,32,4,83772.95,1,0,1,23920.65,3.5019720629638837,1,128,0,False,False,False
651,28,7,0.0,2,1,0,823.96,0.0,0,196,1,False,False,True
726,34,0,185734.75,1,1,1,102036.82,1.8202539999384542,1,0,0,False,False,False
581,34,1,101633.04,1,1,0,110431.51,0.9203181200898177,0,34,0,True,False,False
594,29,3,130830.22,1,1,0,61048.53,2.1430176448532854,0,87,0,True,False,False
454,50,10,92895.56,1,1,0,154344.0,0.6018695778936797,0,500,0,True,False,False
821,28,2,0.0,2,1,0,46072.52,0.0,0,56,1,False,False,True
533,52,7,0.0,1,0,1,194113.99,0.0,1,364,1,False,True,False
655,67,6,148363.38,1,1,1,186995.17,0.7934033087415641,1,402,0,True,False,True
659,33,7,89939.62,1,1,0,136540.09,0.6587000294197153,0,231,0,False,False,False
793,38,9,0.0,2,1,0,88225.02,0.0,0,342,1,False,True,True
575,28,7,0.0,1,1,1,10666.05,0.0,1,196,1,False,True,True
755,62,1,127706.33,2,0,1,142377.69,0.8969483424801844,2,62,0,False,False,True
478,32,6,71187.24,1,1,1,110593.62,0.6436772421660295,1,192,0,False,False,False
807,43,0,0.0,2,0,1,85523.24,0.0,2,0,1,False,True,False
598,19,3,150348.37,1,1,1,173784.04,0.8651398877601892,1,57,0,True,False,True
765,46,8,119492.88,2,0,1,166896.01,0.7159677695843683,2,368,0,True,False,False
696,41,8,0.0,2,0,0,28276.83,0.0,0,328,1,False,False,False
703,56,9,0.0,1,0,0,85547.33,0.0,0,504,1,False,False,True
559,52,2,0.0,1,1,0,129013.59,0.0,0,104,1,False,False,True
606,27,2,130274.26,2,1,0,147533.09,0.8830112416730262,0,54,0,True,False,True
653,33,1,0.0,2,0,0,53379.52,0.0,0,33,1,False,False,True
791,33,3,0.0,1,1,1,144413.92,0.0,1,99,1,False,False,False
583,51,6,125268.03,2,1,0,165082.25,0.758817323986534,0,306,0,False,False,True
651,42,1,116646.76,1,1,0,44731.8,2.607633772086701,0,42,0,True,False,False
785,34,9,70302.48,1,1,1,68600.36,1.0247971760326617,1,306,0,False,False,False
614,39,6,0.0,2,1,1,164018.98,0.0,2,234,1,False,True,False
669,42,1,103873.39,1,1,0,148611.52,0.6989545026219864,0,42,0,True,False,False
545,23,2,0.0,2,1,0,189613.12,0.0,0,46,1,False,False,True
824,30,0,133634.02,1,1,1,162053.92,0.824621801053618,1,0,0,False,False,True
558,39,10,144757.02,1,1,0,22878.16,6.327025118055033,0,390,0,True,False,True
669,43,1,160474.59,1,1,1,95963.14,1.6722349619347394,1,43,0,False,False,False
506,34,7,0.0,2,0,0,115842.1,0.0,0,238,1,False,False,True
580,65,9,106804.26,3,1,0,107890.69,0.9899210958693853,0,585,0,False,False,False
477,58,8,145984.92,1,1,1,24564.7,5.942632206694701,1,464,0,True,False,False
691,37,7,123067.63,1,1,1,98162.44,1.2537012761573962,1,259,0,True,False,False
634,63,10,0.0,2,1,0,30772.86,0.0,0,630,1,False,True,True
567,38,6,127678.8,2,0,0,45422.89,2.8108292794826686,0,228,0,False,False,True
727,47,7,0.0,2,1,0,193305.35,0.0,0,329,1,False,False,True
569,38,7,0.0,1,1,1,108469.2,0.0,1,266,1,False,False,True
798,60,6,96956.1,1,1,0,31907.44,3.0385722398211885,0,360,0,False,False,False
623,29,1,0.0,2,0,0,39382.06,0.0,0,29,1,False,False,False
717,31,4,129722.57,1,0,0,41176.6,3.150318862682624,0,124,0,False,False,True
636,45,7,139859.23,1,1,1,108402.54,1.290172165964322,1,315,0,False,False,False
751,28,10,132932.14,2,1,1,46630.47,2.850695892709366,2,280,0,True,False,False
693,46,2,104763.41,1,1,1,62368.33,1.6797263975739358,1,92,0,True,False,True
777,44,3,124655.59,2,0,1,79792.3,1.5622312900957849,2,132,0,True,False,True
720,59,6,0.0,2,1,1,160849.43,0.0,2,354,1,False,True,False
672,21,1,35741.69,1,1,0,28789.94,1.2414214332703275,0,21,0,True,False,False
739,20,4,133800.98,1,0,1,150245.81,0.8905412367823318,1,80,0,False,False,False
568,28,1,127289.28,1,0,0,45611.51,2.790665981766844,0,28,0,False,True,True
611,30,9,88594.14,1,1,0,196332.45,0.4512432293121727,0,270,0,False,False,False
584,33,3,88311.48,2,1,1,177651.38,0.49710271261212485,2,99,0,True,False,True
435,36,4,0.0,1,1,1,197015.2,0.0,1,144,1,False,False,True
604,31,6,134837.58,1,1,0,192029.19,0.7021686537934477,0,186,0,False,False,True
365,30,0,127760.07,1,1,0,81537.85,1.5668613182550404,0,0,0,True,False,True
836,37,10,0.0,2,1,0,111324.41,0.0,0,370,1,False,True,False
608,41,3,89763.84,1,0,0,199304.74,0.45038261316507994,0,123,0,False,True,False
517,62,1,43772.66,3,1,0,187756.24,0.2331343387876814,0,62,0,False,False,True
677,30,1,78133.15,1,0,1,174225.88,0.4484563461160528,1,30,0,False,False,True
640,48,1,111599.32,1,0,1,135995.58,0.8206038710679343,1,48,0,True,False,True
605,41,5,103154.66,1,0,0,143203.78,0.7203297264239364,0,205,0,False,True,True
680,34,9,0.0,2,1,1,95686.6,0.0,2,306,1,False,False,True
657,57,8,107174.58,1,1,1,126369.55,0.8480977569536573,1,456,0,True,False,True
767,47,2,0.0,1,1,0,48161.18,0.0,0,94,1,False,True,True
626,27,4,115084.53,2,0,1,26907.43,4.27689501022542,2,108,0,True,False,True
680,31,3,127331.46,3,1,1,176433.6,0.7216921170790763,3,93,0,True,False,False
615,35,2,97440.02,2,1,1,139816.1,0.6969106067855791,2,70,0,False,False,False
718,39,3,0.0,2,1,1,145355.11,0.0,2,117,1,False,False,False
662,34,2,117731.79,2,0,1,55120.79,2.1358484548487993,2,68,0,False,False,True
476,34,8,111905.43,1,0,1,197221.81,0.5674061230544276,1,272,0,True,False,False
480,35,2,165692.91,1,1,1,197984.58,0.8368938283283056,1,70,0,False,False,True
758,35,7,0.0,2,1,0,77951.84,0.0,0,245,1,False,False,True
545,36,8,73211.12,2,1,0,89587.34,0.817194737618757,0,288,0,False,True,True
635,27,8,127471.56,1,1,1,152916.05,0.8335993926118769,1,216,0,False,False,False
693,45,2,116546.59,2,0,0,23140.28,5.03630698042632,0,90,0,True,False,True
599,49,2,0.0,2,1,0,111190.53,0.0,0,98,1,False,True,False
511,58,0,149117.31,1,1,1,162599.51,0.917077750863143,1,0,0,False,False,True
620,38,0,0.0,2,1,1,38015.34,0.0,2,0,1,False,True,True
726,33,7,99046.31,2,1,1,56053.06,1.7669783419791538,2,231,0,True,False,False
690,40,9,77641.99,1,0,0,189051.59,0.4106899037987261,0,360,0,False,False,False
642,38,3,0.0,2,0,0,171463.83,0.0,0,114,1,False,False,True
680,24,10,0.0,3,1,0,154971.63,0.0,0,240,1,False,False,False
599,33,2,51949.95,2,1,0,85045.92,0.6108386993908774,0,66,0,True,False,True
634,37,5,115345.86,2,0,0,168781.8,0.6833981898629482,0,185,0,False,False,True
787,40,6,0.0,2,1,1,84151.98,0.0,2,240,1,False,False,False
660,42,5,0.0,3,1,1,189016.24,0.0,3,210,1,False,True,False
595,32,8,131081.66,2,1,1,69428.79,1.8879743118911927,2,256,0,True,False,True
755,23,5,84284.48,2,1,1,62851.6,1.340986371287743,2,115,0,False,False,True
658,20,7,0.0,2,0,0,187638.34,0.0,0,140,1,False,False,True
682,37,8,148580.12,1,1,0,35179.18,4.223404200888114,0,296,0,False,False,False
517,41,2,0.0,2,0,1,75937.47,0.0,2,82,1,False,False,True
663,32,8,130627.66,1,1,0,47161.25,2.769750382986393,0,256,0,True,False,True
597,52,8,83693.34,2,1,1,161083.53,0.5195616239498604,2,416,0,True,False,True
618,24,7,128736.39,1,0,1,37147.61,3.465442986965057,1,168,0,False,False,False
604,33,3,148659.48,1,0,0,42437.75,3.502918441283026,0,99,0,False,False,True
770,68,2,183555.24,1,0,0,159557.28,1.1503962063266162,0,136,0,False,False,False
527,58,3,137318.42,1,1,1,126144.96,1.0885677194893915,1,174,0,True,False,True
601,46,3,98202.76,1,0,0,137763.93,0.7128284389938717,0,138,0,False,False,False
810,32,9,120879.73,2,0,1,78896.59,1.5321092824254834,2,288,0,False,False,True
699,32,3,0.0,2,1,1,170770.44,0.0,2,96,1,False,False,True
535,40,7,111756.5,1,1,0,8128.32,13.74733680061801,0,280,0,True,False,True
754,57,2,101134.87,2,1,1,70954.41,1.425329936082393,2,114,0,True,False,True
709,23,8,73314.04,2,1,0,63446.47,1.1555076979428809,0,184,0,True,False,True
517,28,2,115062.61,1,1,0,179056.23,0.6426024238172343,0,56,0,False,False,True
679,37,7,74260.03,1,1,0,194617.98,0.38156622750771785,0,259,0,False,False,True
665,35,8,110934.54,1,1,0,169287.99,0.6552968388552617,0,280,0,False,False,True
574,36,3,0.0,2,1,1,8559.66,0.0,2,108,1,False,True,True
588,34,10,129417.82,1,1,0,153727.32,0.8418606278921151,0,340,0,True,False,False
661,26,8,0.0,2,0,0,196875.87,0.0,0,208,1,False,False,True
745,38,5,65095.41,2,1,1,140197.42,0.4643091555525376,2,190,0,True,False,True
494,30,3,85704.95,1,0,1,27886.06,3.073287395659492,1,90,0,False,False,True
747,41,9,0.0,1,1,0,32430.94,0.0,0,369,1,False,True,True
768,44,6,60603.4,1,1,1,178045.97,0.34037872141266995,1,264,0,False,True,False
802,31,1,125013.72,1,1,1,187658.09,0.6661746041718523,1,31,0,True,False,True
734,34,6,133598.4,1,1,1,13107.24,10.19194033676527,1,204,0,False,False,True
743,23,3,110203.77,1,1,0,95583.45,1.1529466351482904,0,69,0,False,False,True
617,37,4,116471.43,2,1,0,175324.74,0.6643144925554,0,148,0,True,False,False
503,25,7,0.0,1,0,1,192841.13,0.0,1,175,1,False,True,True
697,43,10,128226.37,1,0,0,188486.94,0.6802895187883108,0,430,0,False,True,True
719,35,3,122964.88,1,1,1,138231.7,0.8895498677230496,1,105,0,False,True,True
850,70,5,0.0,1,1,1,705.18,0.0,1,350,1,False,True,False
608,44,7,114203.47,1,1,1,77830.36,1.4673194712259943,1,308,0,True,False,True
762,69,9,183744.98,1,1,1,196993.69,0.9327407759061932,1,621,0,False,True,False
809,39,5,0.0,1,1,0,77705.75,0.0,0,195,1,False,False,False
770,55,9,63127.41,2,1,0,185211.28,0.34083814528928646,0,495,0,False,True,True
745,38,7,0.0,2,1,1,194230.82,0.0,2,266,1,False,True,False
689,67,9,157094.78,1,1,1,99490.01,1.5789846740926643,1,603,0,True,False,True
583,27,7,0.0,2,1,0,51285.49,0.0,0,189,1,False,False,True
688,33,2,0.0,1,0,0,27557.18,0.0,0,66,1,False,True,False
618,42,8,153572.31,2,1,1,76679.6,2.0027531083481347,2,336,0,True,False,True
501,38,9,88977.39,2,0,1,133403.07,0.6669765772513537,2,342,0,True,False,True
722,46,5,0.0,2,1,0,179908.71,0.0,0,230,1,False,False,True
699,51,2,92246.14,2,0,1,91346.03,1.0098427940131167,2,102,0,True,False,False
763,58,9,187911.55,1,0,1,35825.18,5.245090322216881,1,522,0,False,False,False
592,27,3,0.0,2,1,1,19645.65,0.0,2,81,1,False,False,True
703,51,3,0.0,3,1,1,77294.56,0.0,3,153,1,False,False,False
634,41,4,0.0,2,1,1,164549.74,0.0,2,164,1,False,True,False
539,24,3,0.0,2,1,1,198161.07,0.0,2,72,1,False,False,False
745,31,3,124328.84,1,1,1,140451.52,0.8852019173454488,1,93,0,False,True,False
813,29,5,106059.4,1,0,0,187976.88,0.5642121296399342,0,145,0,True,False,False
596,34,4,99441.21,2,0,1,4802.27,20.70281495731033,2,136,0,True,False,True
603,46,2,0.0,2,1,0,174478.54,0.0,0,92,1,False,True,True
678,40,1,0.0,2,1,1,187343.4,0.0,2,40,1,False,False,True
459,46,7,110356.42,1,1,0,4969.13,22.203930279489672,0,322,0,True,False,True
593,69,2,187013.13,2,0,1,105898.69,1.7659459626369067,2,138,0,True,False,True
605,39,10,105317.73,2,1,0,138021.36,0.7630483205764632,0,390,0,False,True,True
549,37,2,112541.54,2,0,0,47432.43,2.3726207444833736,0,74,0,False,False,True
680,33,2,108393.35,1,0,1,39057.67,2.7751418571088062,1,66,0,False,False,True
651,35,7,74623.5,3,1,0,129451.29,0.5764556192864568,0,245,0,False,False,True
640,38,9,0.0,2,1,0,88827.67,0.0,0,342,1,False,False,True
698,51,2,111018.98,1,1,0,86410.28,1.2847741637434371,0,102,0,True,False,False
606,35,0,135984.15,2,1,0,186778.89,0.7280449196109923,0,0,0,False,False,False
425,22,7,169649.73,2,0,1,136365.0,1.244076456008096,2,154,0,False,True,False
644,40,10,139180.97,1,1,1,19959.67,6.972760433392266,1,400,0,False,False,False
707,33,2,58036.33,1,1,1,83335.78,0.6964071566000031,1,66,0,False,False,False
758,33,7,0.0,2,0,0,82996.47,0.0,0,231,1,False,False,False
775,60,7,0.0,2,1,1,111558.7,0.0,2,420,1,False,False,True
671,31,4,0.0,2,0,1,79270.02,0.0,2,124,1,False,True,False
557,38,2,129893.56,1,0,0,102076.03,1.272505283509914,0,76,0,True,False,False
708,44,2,161887.81,2,1,0,84870.23,1.9074521483899787,0,88,0,False,False,False
550,46,7,0.0,2,1,0,130590.35,0.0,0,322,1,False,False,False
697,29,0,172693.54,1,0,0,141798.98,1.2178671675412083,0,0,0,True,False,True
702,26,2,71281.29,1,1,1,108747.12,0.6554714692998831,1,52,0,False,False,True
581,24,3,95508.2,1,1,1,45755.0,2.087337179823411,1,72,0,False,False,False
739,41,5,0.0,2,0,0,143882.25,0.0,0,205,1,False,False,True
376,29,4,115046.74,4,1,0,119346.88,0.9639613204692031,0,116,0,True,False,False
616,57,7,116936.81,1,1,1,104379.36,1.1202951398136585,1,399,0,True,False,False
687,21,8,0.0,2,1,1,154767.34,0.0,2,168,1,False,True,False
745,35,9,92566.53,2,1,0,161519.77,0.5730936646723515,0,315,0,False,False,True
694,38,1,0.0,2,0,1,156858.2,0.0,2,38,1,False,False,True
725,39,5,116803.8,1,1,0,124052.97,0.9415563242353309,0,195,0,True,False,False
817,37,6,81070.34,2,1,0,80985.88,1.0010305372919661,0,222,0,False,False,False
572,24,1,0.0,2,1,1,151460.84,0.0,2,24,1,False,False,True
803,28,3,0.0,2,1,0,159654.0,0.0,0,84,1,False,False,True
648,31,5,0.0,2,1,1,5199.02,0.0,2,155,1,False,True,False
705,32,7,0.0,2,1,0,7921.57,0.0,0,224,1,False,False,True
583,27,4,0.0,3,1,0,163113.41,0.0,0,108,1,False,False,False
675,39,6,0.0,2,0,0,83419.15,0.0,0,234,1,False,False,False
783,40,6,0.0,2,1,0,109742.55,0.0,0,240,1,False,False,True
680,31,9,0.0,2,1,0,36145.53,0.0,0,279,1,False,False,True
700,37,1,135179.49,1,1,0,160670.37,0.8413414910198376,0,37,0,False,False,True
655,34,4,109783.69,2,1,0,134034.32,0.8190653776929842,0,136,0,False,True,False
652,40,1,0.0,2,1,0,126554.96,0.0,0,40,1,False,False,False
606,48,4,132403.56,1,0,0,36091.91,3.6684091141445783,0,192,0,True,False,True
679,35,1,130463.55,2,1,1,37341.17,3.4937324210135623,2,35,0,True,False,True
770,46,9,190678.02,1,1,1,14725.36,12.94807542393368,1,414,0,False,True,True
571,23,10,151097.28,1,0,1,17163.75,8.802766134082932,1,230,0,False,False,False
575,53,1,84903.33,2,0,1,26015.8,3.2634040312413517,2,53,0,False,True,True
628,27,5,95826.49,2,1,0,155996.96,0.6142804046924717,0,135,0,True,False,True
587,36,1,134997.49,2,1,0,44688.08,3.0208160472312247,0,36,0,False,False,False
596,36,2,0.0,2,1,1,12067.39,0.0,2,72,1,False,False,True
850,40,9,99816.46,1,1,1,163989.66,0.608671615810315,1,360,0,False,False,False
709,22,0,112949.71,1,0,0,155231.55,0.7276161475154536,0,0,0,True,False,True
578,38,7,82259.29,1,1,0,8996.97,9.141983136196275,0,266,0,False,False,True
588,35,1,103060.63,1,1,0,179866.01,0.5729823940476911,0,35,0,True,False,False
758,43,10,0.0,2,1,1,55313.44,0.0,2,430,1,False,True,False
711,37,8,113899.92,1,0,0,80215.2,1.4199116886613927,0,296,0,False,False,False
436,45,3,104339.11,2,1,1,183540.22,0.5684778056940016,2,135,0,True,False,True
678,32,9,0.0,1,1,1,148210.64,0.0,1,288,1,False,False,False
773,45,8,96877.21,1,1,1,113950.51,0.850161704746168,1,360,0,False,False,True
662,35,6,0.0,2,0,0,2423.9,0.0,0,210,1,False,True,False
552,49,4,0.0,1,1,1,190296.76,0.0,1,196,1,False,False,True
724,53,1,139687.66,2,1,1,12913.92,10.815991117250435,2,53,0,True,False,False
652,30,2,176166.56,2,1,1,152210.81,1.157377735669788,2,60,0,False,False,True
729,26,4,97268.1,2,1,0,39356.38,2.4714068873487007,0,104,0,True,False,True
781,27,7,186558.55,1,1,1,175071.29,1.0656086694244988,1,189,0,False,False,False
435,37,8,114346.3,1,0,1,980.93,116.4505616489974,1,296,0,True,False,True
757,34,1,129398.01,2,0,0,44965.44,2.8776574262939203,0,34,0,True,False,False
542,37,8,0.0,1,1,1,807.06,0.0,1,296,1,False,True,True
601,20,9,122446.61,2,1,0,86791.9,1.4107906291874106,0,180,0,False,True,False
686,32,6,0.0,2,1,1,179093.26,0.0,2,192,1,False,False,True
747,49,6,202904.64,1,1,1,17298.72,11.72878173750789,1,294,0,False,False,True
548,28,8,116755.5,2,1,1,158585.17,0.7362275033188581,2,224,0,False,False,False
552,50,4,121175.56,1,1,0,117505.07,1.0312280888978755,0,200,0,True,False,True
700,54,1,79415.67,1,0,1,139735.54,0.568324290840463,1,54,0,False,True,True
643,51,2,105229.53,1,1,0,34967.75,3.0092448257372655,0,102,0,False,False,False
418,36,7,90145.04,1,1,1,69157.93,1.3034475808113284,1,252,0,False,False,True
574,39,5,119013.86,1,1,0,103421.91,1.150749480941892,0,195,0,False,False,False
751,29,3,159597.45,1,1,0,39934.41,3.9963894198156473,0,87,0,False,False,True
642,41,7,115171.71,1,1,1,37674.47,3.0569415590568614,1,287,0,False,False,False
668,53,10,110240.04,1,0,0,183980.56,0.5991907015029114,0,530,0,False,False,False
736,42,7,117280.23,3,0,0,41921.06,2.7975779339087823,0,294,0,False,False,False
666,41,10,141162.08,1,1,0,50908.48,2.7728053792731724,0,410,0,False,False,False
644,28,7,155060.41,1,1,0,29179.52,5.313832995436682,0,196,0,False,False,True
799,70,8,70416.75,1,1,1,36483.52,1.9300445778099864,1,560,0,False,False,True
642,36,4,0.0,2,1,1,195224.91,0.0,2,144,1,False,False,True
601,74,2,0.0,2,0,1,51554.58,0.0,2,148,1,False,False,True
603,46,4,98899.76,2,1,1,86190.34,1.1474442792048483,2,184,0,True,False,True
692,28,5,61581.97,1,1,1,70179.91,0.8774746579946028,1,140,0,False,False,True
656,48,9,0.0,2,1,1,85240.61,0.0,2,432,1,False,False,False
716,41,9,0.0,1,1,1,113267.48,0.0,1,369,1,False,False,True
658,39,4,0.0,1,1,1,147530.06,0.0,1,156,1,False,False,False
812,32,5,133050.97,2,1,0,89385.92,1.4884836618153976,0,160,0,False,False,True
692,69,10,154953.94,1,1,1,70849.47,2.1870559221413775,1,690,0,False,False,True
505,35,8,116932.59,1,1,0,91092.84,1.2836498055192316,0,280,0,False,True,True
778,37,0,105617.73,2,1,1,133699.82,0.789955738491357,2,0,0,True,False,False
640,42,5,176099.13,1,1,1,8404.73,20.94989132413247,1,210,0,False,False,False
663,64,6,0.0,2,0,1,15876.52,0.0,2,384,1,False,True,True
487,46,4,135070.58,2,1,1,44244.49,3.0527536252847463,2,184,0,True,False,False
529,63,4,96134.11,3,1,0,108732.96,0.8841222190381,0,252,0,False,True,True
555,42,6,107104.5,1,1,1,41304.44,2.592987751734396,1,252,0,True,False,True
606,36,1,155655.46,1,1,1,192387.51,0.8090683793954222,1,36,0,False,False,True
696,22,9,149777.0,1,1,1,198032.93,0.7563198892230236,1,198,0,False,False,True
713,41,3,0.0,2,1,0,55772.04,0.0,0,123,1,False,False,True
738,29,2,0.0,2,1,1,170421.13,0.0,2,58,1,False,False,True
564,31,5,121461.87,1,1,1,20432.09,5.944371115675603,1,155,0,False,True,True
805,46,6,118022.06,3,1,0,162643.15,0.7256458962710924,0,276,0,False,False,True
748,31,1,99557.94,1,1,0,199255.32,0.49964758959715805,0,31,0,True,False,False
584,42,3,137479.13,1,1,0,25669.1,5.355613340033736,0,126,0,True,False,True
629,44,5,0.0,4,0,0,117572.59,0.0,0,220,1,False,False,True
773,34,10,126979.75,1,0,0,36823.28,3.44826158176073,0,340,0,True,False,True
705,46,7,0.0,2,1,0,117273.35,0.0,0,322,1,False,True,True
631,46,9,160736.63,1,0,1,93503.02,1.7190344329580696,1,414,0,False,True,True
850,47,9,137301.87,1,1,0,44351.77,3.0956774514872465,0,423,0,False,False,False
809,36,9,68881.59,2,0,1,109135.11,0.631153061988374,2,324,0,False,False,True
732,48,4,102962.62,1,1,0,120852.85,0.8519597844834896,0,192,0,True,False,False
540,40,3,165298.12,1,0,1,199862.75,0.8270540305583178,1,120,0,False,False,False
763,42,6,100160.75,1,1,0,33462.94,2.9930949553459634,0,252,0,True,False,True
700,30,4,116377.48,1,1,1,134417.31,0.8657859185999288,1,120,0,True,False,False
551,76,2,128410.71,2,1,1,181718.73,0.7066415407947172,2,152,0,False,True,True
605,52,1,63349.75,1,1,0,108887.44,0.5817858167496935,0,52,0,False,False,True
611,38,4,71018.6,2,1,0,2444.29,29.0430173926201,0,152,0,False,False,True
665,25,7,90920.75,1,0,1,112256.57,0.809929789144732,1,175,0,False,False,True
604,25,7,165413.43,1,1,1,35279.74,4.68849094435094,1,175,0,True,False,True
722,35,1,120171.58,1,1,0,125240.8,0.9595165511833909,0,35,0,False,True,False
511,33,3,0.0,2,1,0,132436.71,0.0,0,99,1,False,False,False
613,40,1,147856.82,3,0,0,107961.11,1.3695251046871908,0,40,0,True,False,True
759,31,8,0.0,2,1,1,99086.74,0.0,2,248,1,False,True,True
850,46,2,157866.77,1,1,1,18986.12,8.314413665684949,1,92,0,False,False,False
757,44,5,140856.16,2,1,0,158735.1,0.8873605940929631,0,220,0,False,True,True
850,30,3,104911.35,2,1,1,42933.26,2.4435346038338612,2,90,0,True,False,False
678,41,9,0.0,1,0,0,13160.03,0.0,0,369,1,False,False,False
589,55,7,119961.48,1,1,0,65156.83,1.8410907791128095,0,385,0,True,False,True
671,34,10,153360.02,1,1,0,140509.86,1.0914460277305256,0,340,0,False,True,True
628,69,5,0.0,2,1,1,181964.6,0.0,2,345,1,False,False,True
783,41,5,106640.5,1,1,0,176945.96,0.6026692970594126,0,205,0,True,False,False
739,60,4,0.0,1,1,1,51637.67,0.0,1,240,1,False,True,True
520,58,3,0.0,2,0,1,32790.02,0.0,2,174,1,False,False,True
642,35,4,125476.31,1,1,1,91775.51,1.3671941763747608,1,140,0,False,False,True
846,61,0,0.0,2,1,1,96202.44,0.0,2,0,1,False,True,True
631,37,9,131519.49,2,1,1,51752.18,2.5412832602750206,2,333,0,True,False,True
576,36,6,0.0,2,1,1,48314.0,0.0,2,216,1,False,False,True
582,26,4,65848.36,2,1,0,30149.21,2.1840099952869316,0,104,0,False,True,True
643,35,2,0.0,2,0,0,67979.35,0.0,0,70,1,False,True,True
761,27,8,0.0,2,1,0,63297.7,0.0,0,216,1,False,True,True
488,31,8,97588.6,1,0,0,124210.53,0.7856645836340637,0,248,0,False,False,False
514,66,9,0.0,2,1,1,14234.31,0.0,2,594,1,False,True,True
763,40,3,0.0,2,1,0,134281.11,0.0,0,120,1,False,False,True
731,41,4,0.0,2,1,0,22299.27,0.0,0,164,1,False,True,True
628,39,8,107553.33,1,1,0,117523.41,0.9151573702858836,0,312,0,False,True,False
647,51,1,119741.77,2,0,0,54954.51,2.1788856112881128,0,51,0,True,False,False
529,38,2,0.0,1,1,0,146388.85,0.0,0,76,1,False,False,False
507,32,7,0.0,2,1,0,67926.18,0.0,0,224,1,False,True,True
733,64,3,0.0,2,1,1,75272.63,0.0,2,192,1,False,False,True
673,37,0,0.0,2,0,0,82351.06,0.0,0,0,1,False,True,False
637,22,5,98800.0,1,1,0,122865.55,0.8041244748875914,0,110,0,False,True,False
673,37,4,0.0,2,0,0,163563.07,0.0,0,148,1,False,False,True
772,39,4,122486.11,2,1,1,140709.25,0.8704846306505745,2,156,0,False,True,False
526,42,1,0.0,1,0,1,168486.02,0.0,1,42,1,False,False,True
747,36,8,102603.3,2,1,1,180693.61,0.5678271200231153,2,288,0,True,False,True
814,49,8,0.0,2,0,0,157822.54,0.0,0,392,1,False,False,True
754,39,6,170184.99,2,1,0,89593.26,1.899507736321501,0,234,0,False,True,True
698,38,10,95010.92,1,1,1,105227.86,0.9028979312329336,1,380,0,False,True,True
712,23,2,0.0,2,0,1,66795.78,0.0,2,46,1,False,False,True
484,34,4,148249.54,1,0,1,33738.27,4.3939759218264065,1,136,0,True,False,False
637,43,1,135645.29,2,0,1,101382.86,1.3379377151353282,2,43,0,True,False,True
564,40,7,108407.34,1,1,1,83681.2,1.2954647463857307,1,280,0,True,False,True
694,29,5,99713.87,1,0,0,112317.89,0.8877747100242889,0,145,0,False,False,False
687,35,8,0.0,2,1,0,10334.05,0.0,0,280,1,False,False,True
579,64,6,145215.43,1,1,1,164083.72,0.8850027595500666,1,384,0,True,False,False
726,30,8,134152.29,1,1,1,147822.44,0.907517035187383,1,240,0,False,True,True
537,26,7,106397.75,1,0,0,103563.23,1.0273600257540658,0,182,0,False,False,True
497,35,7,110053.62,2,1,1,92887.06,1.1847983476024797,2,245,0,True,False,True
507,31,2,134237.07,1,1,1,166423.66,0.8065936262090005,1,62,0,True,False,True
664,40,9,0.0,2,1,0,194767.3,0.0,0,360,1,False,False,True
729,34,9,53299.96,2,1,1,42855.97,1.2436707494720227,2,306,0,False,True,False
713,36,8,133889.35,1,1,1,143265.65,0.9345465256568783,1,288,0,False,False,True
546,52,2,0.0,1,1,0,137332.37,0.0,0,104,1,False,False,False
701,37,8,130091.5,1,1,1,120031.29,1.083804199686601,1,296,0,False,False,True
619,32,4,175406.13,2,1,1,172792.43,1.0151203665556034,2,128,0,False,True,False
537,38,10,0.0,1,0,0,52337.97,0.0,0,380,1,False,False,False
765,50,9,126547.8,1,1,1,79579.94,1.590177245958643,1,450,0,False,False,False
753,39,7,155062.8,1,1,1,16460.77,9.419570313520355,1,273,0,False,False,False
678,31,1,0.0,2,0,1,130446.65,0.0,2,31,1,False,False,False
719,32,7,0.0,1,0,0,76264.27,0.0,0,224,1,False,True,False
620,36,8,0.0,2,1,1,145937.99,0.0,2,288,1,False,False,True
649,32,7,0.0,1,1,0,28797.32,0.0,0,224,1,False,True,False
609,38,6,140752.06,2,0,1,171430.16,0.8210412856099206,2,228,0,True,False,True
717,35,1,0.0,3,0,0,174770.14,0.0,0,35,1,False,True,True
530,33,9,75242.28,1,0,1,101694.67,0.7398769288800595,1,297,0,True,False,True
802,37,9,115569.21,1,0,1,119782.89,0.9648143001533847,1,333,0,True,False,True
796,24,8,0.0,2,1,0,61349.37,0.0,0,192,1,False,False,True
695,35,7,79858.13,2,1,1,127977.66,0.6239956724035085,2,245,0,False,True,False
584,37,8,0.0,2,0,1,100835.19,0.0,2,296,1,False,True,False
798,37,4,111723.08,1,1,1,83478.12,1.3383356221292224,1,148,0,False,False,False
793,29,8,96674.55,2,0,0,192120.66,0.5031944341934168,0,232,0,False,True,True
656,32,5,136963.12,1,1,0,133814.28,1.023523770977425,0,160,0,False,True,True
538,49,9,141434.04,1,0,0,173779.25,0.8138671684498096,0,441,0,False,True,False
596,41,5,0.0,2,0,1,141053.85,0.0,2,205,1,False,True,True
735,43,9,127806.91,1,1,1,73069.59,1.7490882446686145,1,387,0,False,False,True
781,48,0,57098.96,1,1,0,85644.06,0.6666929768044999,0,0,0,False,False,False
713,45,4,131038.14,1,1,0,74005.04,1.770641153073452,0,180,0,True,False,True
500,45,2,109162.82,1,1,1,126145.08,0.8653683095027607,1,90,0,False,False,True
735,50,9,0.0,1,0,0,166677.35,0.0,0,450,1,False,True,True
717,34,1,0.0,2,1,0,119313.74,0.0,0,34,1,False,True,False
834,68,9,130169.27,2,0,1,93112.2,1.397967957282104,2,612,0,True,False,False
831,32,2,146033.62,1,1,0,191260.74,0.7635276140434569,0,64,0,False,False,False
700,34,2,76322.69,1,1,0,128136.29,0.5956321536064951,0,68,0,False,False,False
705,37,10,0.0,2,1,1,13935.53,0.0,2,370,1,False,False,False
695,31,5,0.0,2,0,1,13998.88,0.0,2,155,1,False,True,False
573,35,9,134498.54,2,1,1,119924.8,1.121514636550267,2,315,0,True,False,True
644,48,8,0.0,2,0,1,44965.54,0.0,2,384,1,False,False,True
626,35,4,88109.81,1,1,1,32825.5,2.68410613376388,1,140,0,True,False,True
658,31,2,77082.65,2,0,0,13482.28,5.716906420396223,0,62,0,True,False,True
725,46,6,0.0,2,1,0,161767.38,0.0,0,276,1,False,False,True
724,69,5,117866.92,1,1,1,62280.91,1.8924743958558752,1,345,0,False,False,False
474,54,3,0.0,1,1,0,108409.17,0.0,0,162,1,False,False,True
660,33,0,72783.42,1,0,0,181051.99,0.40200065185336076,0,0,0,False,False,True
648,51,2,116574.84,1,1,0,4121.04,28.28086093293612,0,102,0,True,False,False
486,39,8,97819.36,1,0,1,120531.31,0.811561314970235,1,312,0,False,False,False
585,44,7,163867.86,1,1,1,112333.22,1.45875281815283,1,308,0,True,False,True
631,36,1,0.0,2,0,0,133141.34,0.0,0,36,1,False,False,True
634,35,6,116269.01,1,1,0,129964.94,0.8946113881837041,0,210,0,True,False,True
350,60,3,0.0,1,0,0,113796.15,0.0,0,180,1,False,False,False
693,37,6,95900.04,1,1,1,38196.24,2.51065364932126,1,222,0,True,False,False
583,27,4,105907.42,2,1,1,195732.04,0.5410809539360345,2,108,0,True,False,True
809,48,2,0.0,1,1,0,160976.85,0.0,0,96,1,False,True,False
693,40,4,130661.96,1,1,1,101918.96,1.2820056051827335,1,160,0,False,False,True
612,36,2,130700.92,2,0,0,77592.8,1.6844247865164483,0,72,0,True,False,False
498,25,8,121702.73,1,1,1,132210.49,0.9205155315926021,1,200,0,True,False,True
646,32,8,105397.8,1,1,0,78111.84,1.3493018561353038,0,256,0,True,False,True
666,66,7,0.0,2,1,1,99792.82,0.0,2,462,1,False,False,False
622,31,1,89688.94,1,1,1,152305.47,0.5888715036202993,1,31,0,False,False,False
520,49,5,121197.64,1,1,0,72577.33,1.6698874168088464,0,245,0,False,False,True
421,28,8,122384.22,3,1,1,89017.38,1.374819672072217,3,224,0,True,False,True
637,36,10,145750.45,2,1,1,96660.76,1.5078398117311336,2,360,0,True,False,False
615,61,9,0.0,2,1,0,150227.85,0.0,0,549,1,False,True,True
619,48,4,0.0,1,0,0,18094.96,0.0,0,192,1,False,False,False
625,26,3,130483.95,1,1,0,122810.53,1.062473124469665,0,78,0,True,False,True
708,35,8,122570.69,1,0,0,199005.88,0.6159118217420423,0,280,0,False,True,False
843,38,8,134887.53,1,1,1,10804.04,12.48376035627818,1,304,0,False,False,False
580,24,1,133811.78,1,1,0,17185.95,7.785661795722917,0,24,0,True,False,True
659,36,4,132578.92,2,1,0,84320.94,1.572294470454546,0,144,0,True,False,True
661,31,3,136067.82,2,1,0,65567.91,2.0751880731279506,0,93,0,False,False,False
699,30,9,0.0,1,1,1,108162.13,0.0,1,270,1,False,False,True
590,29,2,166930.76,2,1,0,122487.73,1.362825461575118,0,58,0,False,True,False
608,66,8,123935.35,1,1,1,65758.19,1.8846848630586843,1,528,0,False,True,True
850,38,3,0.0,2,0,1,179360.76,0.0,2,114,1,False,True,False
656,46,5,113402.14,2,1,1,138849.06,0.8167237378219354,2,230,0,False,False,False
850,42,9,113311.11,1,1,1,198193.75,0.5717160015590725,1,378,0,False,False,False
608,56,10,129255.2,2,1,0,142492.04,0.90709833968031,0,560,0,False,False,False
599,45,10,103583.05,1,1,0,132127.69,0.7839557782643573,0,450,0,True,False,True
479,26,1,0.0,2,1,1,19116.97,0.0,2,26,1,False,False,False
678,35,4,0.0,1,1,0,125518.32,0.0,0,140,1,False,False,False
760,37,7,0.0,1,0,0,32863.24,0.0,0,259,1,False,False,True
569,25,9,173459.45,2,1,1,44381.06,3.908323543341612,2,225,0,True,False,True
511,30,5,0.0,2,1,0,143994.86,0.0,0,150,1,False,False,False
749,44,0,71497.79,2,0,0,151083.8,0.4732295373194391,0,0,0,True,False,False
543,36,6,0.0,2,1,0,176728.28,0.0,0,216,1,False,False,True
658,29,3,145512.84,1,1,0,20207.02,7.200747030139518,0,87,0,False,False,True
624,51,5,174397.21,2,1,1,172372.63,1.011739498669257,2,255,0,False,True,True
785,41,7,0.0,2,1,1,199108.88,0.0,2,287,1,False,True,True
602,59,7,0.0,2,1,1,162347.05,0.0,2,413,1,False,False,True
643,31,3,167949.48,1,1,0,143162.34,1.173131892564116,0,93,0,False,False,False
714,36,1,101609.01,2,1,1,447.73,226.43685512446234,2,36,0,True,False,False
693,36,8,178111.82,1,0,0,58719.63,3.0332068984954694,0,288,0,False,False,True
670,31,1,142631.54,2,1,1,175894.24,0.8108891406043734,2,31,0,True,False,True
733,42,9,120094.93,1,1,0,184056.45,0.6524861123524203,0,378,0,False,False,True
599,37,2,0.0,2,1,1,143739.29,0.0,2,74,1,False,True,False
573,31,2,0.0,2,1,1,91957.39,0.0,2,62,1,False,False,True
755,38,9,148912.44,1,1,0,80416.16,1.8517495519612979,0,342,0,False,False,True
586,32,1,0.0,2,0,0,31635.99,0.0,0,32,1,False,False,True
543,46,5,140355.6,1,1,1,85086.78,1.6495388644526865,1,230,0,False,True,False
663,28,4,0.0,2,1,1,123969.64,0.0,2,112,1,False,False,True
732,29,1,154333.82,1,1,1,138527.56,1.11409387349439,1,29,0,True,False,False
677,27,2,0.0,2,1,1,20092.89,0.0,2,54,1,False,False,True
836,29,9,133681.78,1,1,1,153747.73,0.8694821739340546,1,261,0,False,False,False
715,31,3,110581.29,1,1,1,94715.24,1.1675008425165525,1,93,0,False,False,False
582,26,6,114450.32,1,1,1,14081.64,8.127050041753536,1,156,0,True,False,True
543,37,8,140894.06,2,1,1,118059.19,1.1934087180445838,2,296,0,True,False,True
654,32,2,0.0,1,1,1,51972.92,0.0,1,64,1,False,True,False
594,56,7,0.0,1,1,0,26215.85,0.0,0,392,1,False,False,False
786,31,9,0.0,2,1,1,18210.36,0.0,2,279,1,False,True,True
650,37,5,106967.18,1,0,0,24495.03,4.366714932991183,0,185,0,False,False,True
724,33,5,103564.83,2,1,0,121085.72,0.8552947011860591,0,165,0,True,False,True
642,25,7,0.0,2,1,0,102083.78,0.0,0,175,1,False,False,True
808,67,10,124577.15,1,0,1,169894.4,0.7332579339993902,1,670,0,False,True,False
809,42,6,64497.94,3,0,1,182436.81,0.3535338425735323,3,252,0,True,False,False
500,34,4,0.0,2,1,0,12833.96,0.0,0,136,1,False,False,False
549,29,3,0.0,2,1,0,146090.38,0.0,0,87,1,False,False,True
555,46,4,120392.99,1,1,0,177719.88,0.6774273793827714,0,184,0,True,False,False
605,32,9,0.0,2,1,1,55724.24,0.0,2,288,1,False,False,True
537,39,2,0.0,2,1,1,137651.6,0.0,2,78,1,False,False,True
678,36,6,118448.15,2,1,0,53172.02,2.227598695729526,0,216,0,True,False,True
603,34,9,0.0,2,1,0,167916.35,0.0,0,306,1,False,False,False
669,29,7,146011.4,1,0,0,50249.16,2.9056902505385054,0,203,0,False,False,False
641,50,6,153590.73,2,1,1,130910.78,1.1732384205607778,2,300,0,False,False,True
681,30,2,128393.29,1,1,1,180593.45,0.7109481492925169,1,60,0,False,True,True
645,55,7,0.0,2,1,1,18369.33,0.0,2,385,1,False,False,False
696,25,8,126442.59,1,1,0,121904.44,1.0372186015652787,0,200,0,False,False,False
641,42,9,132657.55,1,1,0,35367.19,3.750758803320158,0,378,0,False,True,True
563,44,7,105007.31,2,1,1,197812.16,0.5308408702434155,2,308,0,True,False,True
434,71,9,119496.87,1,1,0,125848.88,0.949519141377012,0,639,0,True,False,True
493,38,3,134006.77,1,1,0,89578.32,1.4959565444345857,0,114,0,False,False,True
719,32,9,146605.27,1,1,1,77119.45,1.9009908526208028,1,288,0,False,False,True
810,33,6,0.0,2,1,1,77965.67,0.0,2,198,1,False,False,True
723,49,0,153855.52,1,1,1,180862.26,0.8506731549569547,1,0,0,True,False,False
692,28,8,95059.02,2,1,0,44420.18,2.139948105836,0,224,0,False,False,False
654,36,2,112262.84,1,1,0,12873.39,8.719857018468447,0,72,0,False,False,True
703,50,8,160139.59,2,1,1,79314.1,2.0190302981399504,2,400,0,False,False,True
749,24,1,0.0,3,1,1,47911.03,0.0,3,24,1,False,False,True
753,51,4,79811.72,2,0,1,68260.27,1.1692094213893178,2,204,0,False,True,True
594,26,6,135067.52,2,0,0,131211.86,1.029377150989621,0,156,0,True,False,False
723,35,0,0.0,2,0,1,61290.99,0.0,2,0,1,False,False,False
586,38,6,0.0,2,1,1,37935.83,0.0,2,228,1,False,False,False
788,70,1,0.0,2,1,1,41610.62,0.0,2,70,1,False,True,False
562,48,3,92347.96,1,1,1,163116.75,0.5661429243598567,1,144,0,False,False,True
678,40,3,128398.38,1,1,0,168658.3,0.7612884673421508,0,120,0,False,True,False
733,30,0,83319.28,1,0,0,57769.2,1.4422536186476764,0,0,0,False,True,False
587,34,1,0.0,2,1,1,97932.68,0.0,2,34,1,False,True,False
643,59,3,170331.37,1,1,1,32171.79,5.2942679201897,1,177,0,True,False,True
805,39,5,165272.13,1,1,0,14109.85,11.712414914764171,0,195,0,False,True,False
602,32,7,184715.86,2,1,0,113781.99,1.6234048692163914,0,224,0,True,False,True
656,37,2,0.0,2,0,1,67840.81,0.0,2,74,1,False,False,True
585,42,2,0.0,2,1,1,18657.77,0.0,2,84,1,False,False,True
619,35,8,132292.63,1,1,0,65682.93,2.0140790905781674,0,280,0,False,False,False
618,48,7,0.0,1,1,0,13921.82,0.0,0,336,1,False,False,True
681,44,4,91115.76,2,0,0,24208.84,3.7635837328953845,0,176,0,True,False,False
763,61,1,66101.89,1,1,1,143981.27,0.45909742914874174,1,61,0,True,False,False
850,37,2,0.0,2,1,0,119969.99,0.0,0,74,1,False,True,True
675,35,8,0.0,2,1,1,56642.97,0.0,2,280,1,False,False,True
540,35,7,127801.88,1,0,1,84239.46,1.517108049979784,1,245,0,True,False,True
734,39,6,92126.26,2,0,0,112973.34,0.8154618119477396,0,234,0,False,True,False
631,29,2,0.0,2,1,1,18581.84,0.0,2,58,1,False,False,True
493,36,5,148667.81,2,1,0,56092.51,2.6503566990191914,0,180,0,False,False,False
735,49,5,121973.28,1,1,0,148804.36,0.8196833769966352,0,245,0,False,False,True
652,31,3,103696.97,3,0,0,155221.05,0.6680556660603311,0,93,0,False,False,False
753,46,3,111512.75,3,1,0,159576.75,0.6987988613700845,0,138,0,True,False,False
585,36,10,0.0,2,1,1,180318.6,0.0,2,360,1,False,True,True
534,41,9,0.0,2,1,0,13871.34,0.0,0,369,1,False,False,True
540,28,6,84121.04,1,0,1,80698.54,1.0423980111906461,1,168,0,False,True,False
776,29,7,178171.04,2,1,1,115818.51,1.5383508357098041,2,203,0,False,False,False
725,45,1,129855.32,1,0,0,24218.65,5.361568808797815,0,45,0,False,False,True
646,42,3,99836.47,1,0,1,22909.56,4.3576617070905295,1,126,0,False,True,False
581,31,6,0.0,2,1,0,188377.21,0.0,0,186,1,False,True,False
677,41,8,146720.98,2,1,1,4195.84,34.95986980680703,2,328,0,True,False,False
514,30,7,0.0,1,0,1,125010.24,0.0,1,210,1,False,True,True
641,37,6,0.0,2,1,0,45309.24,0.0,0,222,1,False,False,True
818,43,10,105301.5,1,1,1,78941.59,1.3338997365047183,1,430,0,True,False,True
746,36,2,0.0,2,1,1,16436.56,0.0,2,72,1,False,True,True
613,33,3,155736.42,2,1,1,57751.21,2.6966313496920726,2,99,0,True,False,True
684,35,6,135871.5,1,1,1,87219.41,1.5577947867935955,1,210,0,False,False,True
711,41,3,145754.91,1,1,1,101455.07,1.4366307506293117,1,123,0,False,False,False
586,58,7,151933.63,1,1,0,162960.05,0.9323309465666797,0,406,0,False,False,True
499,57,1,0.0,1,0,0,131372.38,0.0,0,57,1,False,False,False
542,43,6,113567.94,1,1,0,89543.25,1.268288471900764,0,258,0,False,True,True
615,39,4,133707.09,1,1,1,108152.75,1.2362686453312992,1,156,0,False,False,True
659,32,9,0.0,2,1,1,93155.75,0.0,2,288,1,False,False,False
602,42,10,0.0,2,0,0,169921.11,0.0,0,420,1,False,False,False
642,40,1,154863.15,1,1,1,138052.51,1.1217617719390112,1,40,0,False,False,True
512,30,6,0.0,2,1,0,88827.31,0.0,0,180,1,False,False,False
659,56,9,123785.24,1,1,0,99504.03,1.2440098756816615,0,504,0,False,False,False
568,26,10,109819.16,2,1,0,154491.39,0.7108386374241475,0,260,0,True,False,False
729,32,7,38550.06,1,0,1,179230.23,0.21508561872838788,1,224,0,False,False,False
850,58,8,156652.13,1,0,0,25899.21,6.048295747408998,0,464,0,False,False,True
508,64,2,0.0,1,1,1,6076.62,0.0,1,128,1,False,False,False
684,34,9,0.0,2,1,1,65257.57,0.0,2,306,1,False,False,True
648,46,9,127209.0,2,1,0,77405.95,1.6433795673385918,0,414,0,False,True,True
626,37,6,108269.37,1,1,0,5597.94,19.33747637945754,0,222,0,False,True,False
654,40,3,0.0,2,1,0,167889.1,0.0,0,120,1,False,False,False
622,26,8,0.0,2,1,1,124964.82,0.0,2,208,1,False,True,False
711,34,8,0.0,2,0,0,48260.19,0.0,0,272,1,False,False,True
622,38,4,98640.74,1,1,1,110457.99,0.8930078031674923,1,152,0,False,False,False
748,36,4,141573.55,1,1,0,82158.14,1.7231625111947373,0,144,0,False,True,True
652,45,9,110827.49,1,1,1,153383.54,0.7225466790851282,1,405,0,True,False,False
572,23,2,126873.52,1,0,1,67040.12,1.8924731567730373,1,46,0,False,True,True
709,37,8,0.0,3,1,0,71738.56,0.0,0,296,1,False,True,False
814,72,2,0.0,2,0,1,130853.03,0.0,2,144,1,False,True,False
614,25,10,75212.28,1,1,0,58965.04,1.2755185866305419,0,250,0,False,True,False
746,29,4,105599.67,1,1,1,43106.17,2.449700827031791,1,116,0,False,False,False
751,39,3,0.0,2,1,1,84175.34,0.0,2,117,1,False,False,False
664,44,7,77526.66,3,0,0,57338.56,1.3520623457870973,0,308,0,False,True,True
635,53,8,117005.55,1,0,1,123646.57,0.9462826483367203,1,424,0,True,False,True
558,45,4,0.0,1,1,0,131807.14,0.0,0,180,1,False,True,True
694,39,9,0.0,2,0,0,99924.04,0.0,0,351,1,False,True,False
706,67,1,123276.69,2,1,1,86507.88,1.4250177554026824,2,67,0,True,False,True
552,45,9,0.0,2,1,0,26752.56,0.0,0,405,1,False,True,True
535,48,9,0.0,1,1,0,149892.79,0.0,0,432,1,False,False,False
688,51,5,0.0,1,1,0,91624.11,0.0,0,255,1,False,False,False
759,46,2,0.0,1,1,1,138380.11,0.0,1,92,1,False,False,False
432,38,7,0.0,2,1,0,150580.88,0.0,0,266,1,False,True,True
576,40,9,0.0,2,1,0,112465.19,0.0,0,360,1,False,False,True
745,32,2,0.0,4,0,1,179705.13,0.0,4,64,1,False,False,False
665,40,6,0.0,1,1,1,161848.03,0.0,1,240,1,False,False,False
534,34,7,121551.58,2,1,1,70179.0,1.7319974351667142,2,238,0,False,False,False
666,59,5,0.0,2,1,1,185123.09,0.0,2,295,1,False,False,False
771,39,5,0.0,2,1,0,96270.64,0.0,0,195,1,False,False,True
639,50,6,115335.32,2,1,1,53130.41,2.1707558673861658,2,300,0,False,False,False
651,36,7,0.0,2,1,0,13898.31,0.0,0,252,1,False,False,True
648,43,7,139972.18,1,1,0,143668.58,0.97426455899711,0,301,0,False,False,False
625,69,1,107569.96,1,1,1,182336.45,0.5899498978405149,1,69,0,False,True,False
620,32,6,0.0,2,1,0,56139.09,0.0,0,192,1,False,False,True
647,64,1,91216.0,1,1,1,41800.18,2.182139355874643,1,64,0,False,True,False
559,50,5,162702.35,1,0,0,150548.5,1.080723283704031,0,250,0,False,False,True
670,67,6,158719.57,1,1,1,118607.4,1.3381815284583556,1,402,0,False,True,True
655,52,9,144696.75,1,1,1,49025.79,2.9513812754210504,1,468,0,True,False,True
619,38,10,84651.79,1,1,1,184754.26,0.4581833827085626,1,380,0,True,False,True
604,28,7,0.0,2,0,0,58595.64,0.0,0,196,1,False,False,True
513,43,9,0.0,2,1,0,152499.8,0.0,0,387,1,False,False,False
707,33,8,136678.52,1,1,0,54290.62,2.5174883342954213,0,264,0,False,False,True
581,26,3,105099.45,1,1,1,184520.0,0.5695798852163169,1,78,0,True,False,False
721,36,3,65253.07,2,1,0,28737.78,2.2705581099824004,0,108,0,True,False,False
677,72,8,0.0,2,1,1,153604.44,0.0,2,576,1,False,False,False
768,54,8,69712.74,1,1,1,69381.05,1.0047662183518649,1,432,0,False,False,True
630,50,8,0.0,2,0,1,79377.45,0.0,2,400,1,False,False,True
800,39,4,95252.72,1,1,0,13906.34,6.84909695168163,0,156,0,True,False,True
605,32,5,0.0,2,1,1,42135.28,0.0,2,160,1,False,False,False
675,39,1,0.0,2,1,0,153129.22,0.0,0,39,1,False,False,True
723,25,3,0.0,2,1,1,134509.47,0.0,2,75,1,False,False,True
555,48,3,142055.41,2,0,1,79134.78,1.795084473799336,2,144,0,True,False,True
660,38,5,110570.78,2,1,0,195906.59,0.5644027370251454,0,190,0,False,False,False
620,41,0,97925.11,1,1,0,85000.32,1.1520422271089437,0,0,0,False,False,True
432,27,6,62339.81,2,0,0,53874.67,1.1571050531714966,0,162,0,False,False,False
703,45,5,0.0,2,1,0,131906.44,0.0,0,225,1,False,False,False
714,35,3,0.0,2,1,1,95623.28,0.0,2,105,1,False,False,True
850,36,0,164850.54,1,1,1,62722.44,2.6282126745599412,1,0,0,False,False,False
523,39,3,0.0,2,1,0,6726.53,0.0,0,117,1,False,False,True
724,29,6,0.0,2,0,1,64729.51,0.0,2,174,1,False,False,False
636,29,6,157576.47,2,1,1,101102.39,1.5585676207296313,2,174,0,False,True,False
850,31,4,146587.3,1,1,1,89874.82,1.6309981928398536,1,124,0,True,False,True
782,36,5,81210.72,2,0,1,108003.38,0.7519206165527731,2,180,0,False,False,True
640,29,5,197200.04,2,1,0,141453.62,1.3940869517022492,0,145,0,False,True,True
650,28,5,122034.4,3,0,1,146663.43,0.8320654162703254,3,140,0,True,False,False
627,27,0,185267.45,2,1,1,77027.34,2.4051855459951494,2,0,0,True,False,True
457,40,10,134320.23,2,1,0,150757.35,0.890963784095541,0,400,0,False,False,True
657,48,5,143595.87,1,0,0,101314.65,1.4173118368188924,0,240,0,True,False,False
741,29,8,0.0,2,1,1,115994.52,0.0,2,232,1,False,False,True
555,27,8,102000.17,1,1,1,116757.0,0.8736032648726425,1,216,0,False,False,False
724,48,6,110463.25,2,1,1,80552.11,1.3713095621013267,2,288,0,True,False,False
554,38,3,138731.95,1,1,1,194138.36,0.7145998111871803,1,114,0,False,False,False
604,53,8,144453.75,1,1,0,190998.96,0.7563025144089036,0,424,0,False,False,True
758,32,4,162657.64,2,1,1,115525.13,1.4079727244390512,2,128,0,True,False,True
653,41,1,104584.11,1,1,0,15126.32,6.9135914358921475,0,41,0,True,False,True
556,40,8,0.0,2,1,0,62112.7,0.0,0,320,1,False,False,False
490,35,7,107749.03,1,1,1,3937.37,27.358788026518585,1,245,0,False,False,False
684,38,5,105069.98,2,1,1,198355.28,0.5297033197033136,2,190,0,False,False,True
663,27,9,0.0,2,1,0,150850.29,0.0,0,243,1,False,False,False
850,30,3,0.0,2,1,0,116692.8,0.0,0,90,1,False,False,False
738,39,5,0.0,2,1,1,114388.98,0.0,2,195,1,False,False,True
710,31,1,0.0,2,1,0,20081.3,0.0,0,31,1,False,False,False
671,42,3,0.0,2,1,1,128449.33,0.0,2,126,1,False,True,False
527,28,2,123802.98,2,1,1,155846.69,0.794384440346854,2,56,0,True,False,False
550,37,3,0.0,1,1,1,179670.31,0.0,1,111,1,False,False,True
604,26,3,0.0,2,1,0,155248.62,0.0,0,78,1,False,True,False
595,25,7,106570.34,2,0,1,177025.79,0.6020011999313776,2,175,0,True,False,False
513,39,7,89039.9,2,1,1,146738.83,0.6067875368262319,2,273,0,False,True,True
579,49,4,169377.31,1,1,1,123535.05,1.3710759733697166,1,196,0,True,False,True
539,38,8,105435.74,1,0,0,80575.44,1.3085182219517268,0,304,0,True,False,False
722,29,9,0.0,2,1,1,142033.07,0.0,2,261,1,False,True,False
547,48,1,179380.74,2,0,1,69263.1,2.5898082845225736,2,48,0,False,False,False
540,37,3,129965.18,1,0,0,19374.08,6.707852561124908,0,111,0,True,False,True
638,37,7,124513.66,2,1,0,158610.89,0.7850209716308153,0,259,0,True,False,False
651,42,2,143145.87,2,1,0,43612.06,3.2821790078476494,0,84,0,False,True,True
763,31,4,0.0,2,0,0,50404.72,0.0,0,124,1,False,False,False
565,38,2,158651.29,2,1,1,179445.28,0.8841157922025467,2,76,0,True,False,False
698,38,2,130015.24,1,1,1,41595.3,3.1256443481751983,1,76,0,False,False,True
794,22,4,114440.24,1,1,1,107753.07,1.0620502780080603,1,88,0,False,True,False
613,43,10,120481.69,1,0,0,94875.03,1.2698854494649492,0,430,0,True,False,False
721,37,3,107720.64,1,1,1,158591.12,0.6792307209210647,1,111,0,True,False,True
735,25,3,91718.8,1,0,0,28411.23,3.2281450628831316,0,75,0,False,False,False
582,40,9,0.0,3,1,1,60954.45,0.0,3,360,1,False,False,False
524,64,5,0.0,1,1,0,136079.64,0.0,0,320,1,False,True,False
649,29,2,45022.23,1,1,1,173495.77,0.25949895205541873,1,58,0,False,True,True
653,46,0,119556.1,1,1,0,78250.13,1.5278514188868582,0,0,0,False,False,True
470,30,3,101140.76,1,1,1,50906.65,1.9867497321129535,1,90,0,False,False,True
655,20,7,134397.61,1,0,0,28029.54,4.794685011419687,0,140,0,False,False,False
528,27,7,176227.07,2,0,1,139481.53,1.2634347111426787,2,189,0,False,False,False
577,44,1,152086.15,1,0,1,44719.5,3.400815062443398,1,44,0,True,False,False
646,50,5,142644.64,2,1,1,142208.5,1.0030598518383091,2,250,0,False,True,False
613,29,6,185709.28,2,1,1,77242.19,2.404215569035924,2,174,0,False,False,False
699,29,9,127570.93,2,1,0,164756.81,0.7742936738476919,0,261,0,False,True,False
571,53,2,0.0,2,1,0,28045.77,0.0,0,106,1,False,False,False
628,61,1,97361.66,1,1,1,149922.38,0.6494094516812521,1,61,0,True,False,False
616,34,10,0.0,2,1,0,25662.27,0.0,0,340,1,False,False,True
449,52,6,0.0,2,0,1,123622.0,0.0,2,312,1,False,False,True
520,42,6,0.0,2,1,1,34410.55,0.0,2,252,1,False,True,False
745,35,4,98270.34,1,1,0,133617.43,0.7354549817716014,0,140,0,True,False,True
850,33,2,83415.04,1,0,1,74917.64,1.1134083587208736,1,66,0,True,False,False
835,25,7,0.0,2,1,1,83449.65,0.0,2,175,1,False,False,True
668,35,6,102482.76,1,1,1,53994.64,1.89798213337225,1,210,0,False,False,False
565,55,4,118803.35,2,1,1,128124.7,0.9272405926367623,2,220,0,False,False,True
617,35,2,104508.1,1,1,1,147636.46,0.707869804858469,1,70,0,False,False,False
850,51,4,124425.99,1,0,0,118545.49,1.0495965759930976,0,204,0,True,False,True
682,37,5,0.0,2,0,1,112554.68,0.0,2,185,1,False,False,True
574,33,3,129834.67,1,1,0,193131.42,0.6722572523038856,0,99,0,True,False,True
756,19,4,130274.22,1,1,1,133535.29,0.9755716592096425,1,76,0,False,True,True
493,37,8,142987.46,2,1,0,158840.99,0.9001867831043919,0,296,0,False,False,False
779,55,0,133295.98,1,1,0,22832.71,5.8376838455073665,0,0,0,False,True,False
701,21,9,0.0,2,1,1,26327.42,0.0,2,189,1,False,True,False
696,19,1,110928.51,1,1,1,2766.63,40.080686363422856,1,19,0,False,False,True
794,45,8,88656.37,2,1,0,116547.31,0.7606834453455396,0,360,0,False,True,True
519,42,8,0.0,2,1,1,101485.72,0.0,2,336,1,False,False,True
516,50,5,0.0,1,0,1,146145.93,0.0,1,250,1,False,True,True
633,39,9,129189.15,2,0,0,170998.83,0.7554928563379274,0,351,0,False,False,False
623,50,7,126608.37,1,0,1,645.61,195.80329719614605,1,350,0,True,False,True
666,35,2,104832.49,1,1,0,175015.12,0.5989876246828006,0,70,0,False,True,True
696,34,9,150856.79,1,0,1,8236.78,18.312796651525048,1,306,0,False,False,True
835,56,2,0.0,2,1,1,39820.13,0.0,2,112,1,False,False,False
717,42,5,0.0,2,1,0,172665.21,0.0,0,210,1,False,False,True
539,39,6,0.0,2,1,1,86767.48,0.0,2,234,1,False,False,True
607,62,8,108004.64,1,1,1,23386.77,4.617996499880065,1,496,0,False,True,False
778,40,8,104291.41,2,1,1,117507.11,0.8875252099621039,2,320,0,False,True,True
849,49,9,132934.89,1,1,0,171056.65,0.7771350185156877,0,441,0,True,False,False
659,67,4,145981.87,1,1,1,131043.2,1.1139895546693406,1,268,0,False,False,True
585,43,2,0.0,2,1,0,89402.54,0.0,0,86,1,False,False,False
672,31,6,91125.75,1,1,0,177295.92,0.5139725495513402,0,186,0,False,False,True
592,71,4,0.0,2,0,1,17013.54,0.0,2,284,1,False,False,True
764,24,7,98148.61,1,1,0,26843.76,3.656155242214868,0,168,0,False,False,True
684,38,5,133189.4,1,0,0,127388.06,1.0455324813606444,0,190,0,False,False,False
741,38,9,0.0,2,1,0,14379.01,0.0,0,342,1,False,False,True
703,37,8,105961.68,2,0,1,74158.8,1.4288290960870982,2,296,0,False,False,True
547,31,9,0.0,2,0,0,99294.22,0.0,0,279,1,False,True,False
744,41,7,190409.34,2,1,1,138361.48,1.3761631043329086,2,287,0,True,False,True
565,38,0,122447.76,1,0,0,67339.34,1.818341873533754,0,0,0,False,True,True
732,34,8,122338.43,2,1,0,187985.85,0.6507818499006712,0,272,0,False,False,False
556,61,2,117419.35,1,1,1,94153.83,1.2470879082889321,1,122,0,False,False,False
618,39,2,91068.56,1,1,0,26578.69,3.426246130033872,0,78,0,False,False,True
550,40,8,150490.32,1,0,0,166468.21,0.9040129402908803,0,320,0,False,False,False
701,37,1,0.0,2,1,0,163457.55,0.0,0,37,1,False,False,True
645,42,6,0.0,1,0,0,149807.01,0.0,0,252,1,False,False,True
638,46,9,139859.54,1,1,0,38967.29,3.5890602333333077,0,414,0,False,False,True
550,36,2,113877.23,2,1,0,174921.91,0.6510138094546906,0,72,0,True,False,True
683,35,5,144961.97,1,0,1,26796.73,5.40948692295952,1,175,0,True,False,True
632,40,9,139625.34,1,1,0,93702.96,1.4900687228159832,0,360,0,False,False,False
619,52,8,124099.13,1,0,0,23904.52,5.191233238180972,0,416,0,True,False,False
680,31,10,113292.17,1,1,1,122639.73,0.9237727955467976,1,310,0,False,False,True
582,25,9,148042.97,2,1,0,52341.15,2.82837006122217,0,225,0,False,True,True
707,58,6,89685.92,1,0,1,126471.13,0.7091358388603085,1,348,0,False,False,True
519,21,1,151701.45,3,1,1,170138.68,0.8916288663526346,3,21,0,True,False,False
718,43,5,132615.73,2,1,0,32999.1,4.0186463071324035,0,215,0,True,False,True
749,40,8,141782.57,2,0,0,86333.63,1.642244485208311,0,320,0,True,False,False
585,28,9,135337.49,2,1,1,40385.61,3.351048528212692,2,252,0,True,False,False
760,41,6,0.0,2,0,0,101491.23,0.0,0,246,1,False,True,False
718,31,0,118100.59,2,1,0,103165.15,1.1447610480763313,0,0,0,False,False,False
605,51,3,136188.78,1,1,1,67110.59,2.0292885327258676,1,153,0,False,False,False
632,23,3,122478.51,1,1,0,147230.77,0.8318755524028544,0,69,0,True,False,True
649,56,8,156974.26,1,1,0,89405.26,1.7557412646497015,0,448,0,False,False,False
633,44,7,0.0,2,1,0,29761.29,0.0,0,308,1,False,False,False
660,33,2,80462.24,1,0,0,150422.35,0.5349052524092835,0,66,0,False,True,True
777,29,9,131240.61,1,1,1,163746.09,0.8014836172050446,1,261,0,False,False,False
542,35,2,174894.53,1,1,1,22314.55,7.837338985595246,1,70,0,False,True,True
634,37,7,143258.85,2,1,0,192721.98,0.7433407785620584,0,259,0,True,False,False
534,52,1,0.0,3,1,1,104035.41,0.0,3,52,1,False,False,True
444,43,3,0.0,2,1,1,159131.21,0.0,2,129,1,False,False,True
629,38,9,123948.85,1,1,0,76053.07,1.6297464422351098,0,342,0,True,False,False
699,40,7,0.0,1,0,1,152876.13,0.0,1,280,1,False,False,True
604,39,7,98544.11,1,1,1,52327.57,1.8831798766906873,1,273,0,False,True,False
814,44,8,95488.82,2,0,0,107013.59,0.892297209193625,0,352,0,True,False,True
454,40,2,123177.01,1,1,0,148309.98,0.8305319673566987,0,80,0,False,True,True
709,39,8,0.0,2,1,0,56214.09,0.0,0,312,1,False,False,True
499,39,6,0.0,2,1,1,81409.0,0.0,2,234,1,False,True,True
755,45,7,135643.0,1,0,0,143619.52,0.944454176882245,0,315,0,True,False,False
792,19,7,143390.51,1,1,0,33282.84,4.308111984674846,0,133,0,False,False,True
557,32,3,123502.53,1,1,1,69826.8,1.7686727922116978,1,96,0,False,False,False
739,36,0,0.0,2,0,0,133465.57,0.0,0,0,1,False,False,False
574,34,7,152992.91,1,1,1,134691.2,1.1358705997823184,1,238,0,False,False,False
578,34,4,175111.11,1,1,1,74858.3,2.3392031451002078,1,136,0,False,False,True
671,31,6,0.0,2,1,1,15846.42,0.0,2,186,1,False,False,False
608,44,5,126147.84,1,0,1,132424.69,0.9525934129548428,1,220,0,True,False,False
749,29,7,137059.05,3,1,0,102975.72,1.330971213687909,0,203,0,True,False,False
581,31,6,116891.72,1,1,0,107137.3,1.0910357920556888,0,186,0,True,False,True
725,19,0,75888.2,1,0,0,45613.75,1.6636767712198357,0,0,0,True,False,True
508,49,7,122451.46,2,1,1,75808.1,1.6152607008921092,2,343,0,False,False,True
658,32,9,0.0,2,1,0,156774.75,0.0,0,288,1,False,False,False
685,58,1,104796.54,1,1,1,154181.41,0.679691931135335,1,58,0,False,False,True
704,39,1,124640.51,1,1,0,116511.12,1.0697643300971607,0,39,0,True,False,False
736,36,6,0.0,1,1,0,70496.66,0.0,0,216,1,False,False,False
769,39,9,0.0,1,1,1,47722.79,0.0,1,351,1,False,True,True
564,31,0,125175.58,1,1,1,72757.33,1.7204295370715628,1,0,0,False,True,True
602,72,3,0.0,2,1,1,171260.66,0.0,2,216,1,False,False,False
706,35,8,178032.53,1,0,1,42181.68,4.220512542114442,1,280,0,False,False,False
698,56,1,112414.81,2,0,0,93982.02,1.1961182988161052,0,56,0,True,False,True
695,43,1,100421.1,1,1,1,101141.28,0.9928696485782208,1,43,0,False,False,True
575,36,1,0.0,1,0,1,94570.56,0.0,1,36,1,False,False,True
556,52,9,0.0,1,1,0,175149.2,0.0,0,468,1,False,False,False
551,42,1,50194.59,1,1,1,23399.58,2.145014781684898,1,42,0,False,False,True
746,24,3,137492.35,2,0,1,170142.09,0.808098348278499,2,72,0,False,False,True
619,38,10,119658.49,1,1,1,8646.58,13.837222668075924,1,380,0,False,True,False
618,38,5,126473.99,1,1,0,91972.49,1.3751135245601749,0,190,0,False,True,True
648,41,5,123049.21,1,0,1,5066.76,24.2807887508485,1,205,0,True,False,True
713,24,7,147687.24,1,1,1,121592.5,1.2145981487497275,1,168,0,True,False,False
471,23,6,104592.55,2,1,0,131736.23,0.7939483014786328,0,138,0,True,False,True
712,79,5,108078.56,1,1,1,174118.93,0.6207133209851394,1,395,0,False,True,False
611,35,10,0.0,1,1,1,23598.23,0.0,1,350,1,False,False,True
596,33,2,139451.67,1,0,0,63142.12,2.2085014170981734,0,66,0,False,False,True
571,33,1,0.0,2,1,0,102750.7,0.0,0,33,1,False,False,False
705,25,9,0.0,2,0,1,112331.19,0.0,2,225,1,False,False,True
659,78,2,151675.65,1,0,1,49978.67,3.034746928100966,1,156,0,False,True,True
755,43,9,0.0,2,1,0,18066.69,0.0,0,387,1,False,False,False
542,43,8,145618.37,1,0,1,10350.74,14.067042835310778,1,344,0,False,False,False
649,46,2,0.0,2,1,1,66602.7,0.0,2,92,1,False,False,False
662,32,4,133950.37,1,1,1,48725.68,2.749014913390364,1,128,0,False,False,False
602,42,1,138912.17,1,1,1,139494.75,0.9958165033701745,1,42,0,False,True,False
649,78,4,68345.86,2,1,1,142566.75,0.47939214864511787,2,312,0,True,False,True
601,46,2,99786.07,1,1,1,32683.88,3.052973423797181,1,92,0,False,False,True
683,29,0,133702.89,1,1,0,55582.54,2.4054403515860994,0,0,0,False,True,True
767,23,2,139542.82,1,0,1,28038.28,4.97669055696152,1,46,0,True,False,True
650,26,4,214346.96,2,1,0,128815.33,1.6639735039804346,0,104,0,True,False,True
769,31,4,61297.05,2,1,1,7118.02,8.610321364457468,2,124,0,False,False,True
573,41,5,0.0,2,0,1,14479.29,0.0,2,205,1,False,True,True
735,38,7,86131.71,2,0,0,93478.96,0.9213922427865823,0,266,0,False,True,True
661,38,7,143006.7,1,1,1,15650.89,9.136704896341593,1,266,0,False,True,True
622,29,7,101486.96,1,1,1,8788.35,11.546583080660117,1,203,0,False,False,True
662,30,5,115286.68,2,1,1,149587.92,0.7706899682142232,2,150,0,True,False,True
680,34,7,0.0,2,1,0,98949.85,0.0,0,238,1,False,True,False
503,32,9,100262.88,2,1,1,157921.25,0.6348876108338123,2,288,0,False,True,True
656,30,4,74323.2,1,1,1,22929.08,3.2412970212053334,1,120,0,False,False,False
590,23,7,0.0,2,1,0,196789.9,0.0,0,161,1,False,True,False
498,41,4,87541.06,2,1,1,12577.21,6.959739104371767,2,164,0,True,False,False
801,46,6,0.0,2,1,1,170008.74,0.0,2,276,1,False,True,False
749,41,5,57568.94,1,1,1,61128.29,0.9417570529610274,1,205,0,False,False,True
449,32,0,155619.36,1,1,1,166692.03,0.9335684881365465,1,0,0,False,True,True
679,52,9,135870.01,2,0,0,54038.62,2.5142665696020807,0,468,0,True,False,True
555,24,2,0.0,2,0,1,197866.55,0.0,2,48,1,False,True,False
682,28,10,200724.96,1,0,1,82872.64,2.422060380116042,1,280,0,False,False,True
543,32,7,147256.86,1,1,0,112771.95,1.305781749967523,0,224,0,False,False,False
785,32,3,124493.03,2,0,1,52583.79,2.3674722291369803,2,96,0,True,False,False
612,30,9,142910.15,1,1,0,105890.55,1.3495897453573962,0,270,0,True,False,True
729,32,6,93694.42,1,1,1,79919.13,1.1723506956257452,1,192,0,False,False,True
536,22,5,89492.62,1,0,0,42934.43,2.084353644530869,0,110,0,False,False,False
683,31,2,0.0,2,0,1,77326.78,0.0,2,62,1,False,False,True
709,30,5,0.0,2,0,1,161388.22,0.0,2,150,1,False,False,False
649,51,4,0.0,1,1,1,150390.57,0.0,1,204,1,False,True,True
539,42,1,177728.55,1,1,0,105013.63,1.6924170470343034,0,42,0,True,False,True
664,55,8,0.0,2,1,1,139161.64,0.0,2,440,1,False,False,True
559,48,2,0.0,2,0,1,137961.41,0.0,2,96,1,False,False,False
812,39,5,115730.71,3,1,1,185599.34,0.6235479417763998,3,195,0,True,False,True
590,51,10,84474.62,2,1,1,190937.09,0.4424189013307926,2,510,0,False,True,False
625,36,8,129944.39,2,0,0,198914.8,0.6532632902966984,0,288,0,False,False,False
569,28,3,100032.52,1,1,0,5159.21,19.385358347819178,0,84,0,True,False,False
751,34,9,108513.25,2,1,1,27097.82,4.004353326085785,2,306,0,True,False,True
479,40,1,0.0,2,0,0,114996.43,0.0,0,40,1,False,False,True
693,46,3,151709.33,1,1,0,180736.24,0.8393916494464561,0,138,0,False,True,False
582,50,2,148942.0,1,1,1,116944.3,1.273603984084867,1,100,0,False,False,True
767,42,2,133616.39,1,1,0,28615.8,4.669159025467558,0,84,0,False,False,False
637,54,5,0.0,1,0,1,150836.98,0.0,1,270,1,False,True,False
667,23,6,136100.69,2,0,0,169669.33,0.8021478475346869,0,138,0,False,True,False
507,36,9,118214.32,3,1,0,119110.03,0.9924716459928187,0,324,0,True,False,True
657,41,5,95858.37,1,1,1,68255.88,1.4043766723588889,1,205,0,False,False,False
705,34,7,117715.84,1,1,0,2498.67,47.09255221689263,0,238,0,False,False,True
615,36,6,0.0,1,1,1,27011.8,0.0,1,216,1,False,False,True
549,55,1,137592.31,2,0,1,116548.02,1.1805531269160392,2,55,0,True,False,False
589,50,5,144895.05,2,1,1,34941.23,4.146703000924669,2,250,0,True,False,False
619,42,2,0.0,1,1,1,101348.88,0.0,1,84,1,False,False,False
673,69,3,78833.15,2,1,1,37196.15,2.1193330671839106,2,207,0,True,False,False
719,44,2,0.0,2,1,0,196582.19,0.0,0,88,1,False,True,True
631,41,0,0.0,1,0,0,87959.83,0.0,0,0,1,False,True,False
707,49,10,0.0,1,1,0,82967.97,0.0,0,490,1,False,False,False
648,38,2,0.0,2,0,1,9551.49,0.0,2,76,1,False,False,False
574,39,2,122524.61,2,1,0,88463.63,1.3850124055229756,0,78,0,False,False,False
616,45,6,128352.59,3,1,1,144000.59,0.8913275888134291,3,270,0,True,False,False
705,23,5,0.0,2,1,1,73131.73,0.0,2,115,1,False,True,False
492,48,6,127253.98,1,1,1,92144.09,1.3810174801500548,1,288,0,False,False,False
613,34,8,117300.02,1,1,0,139410.08,0.8413966809524753,0,272,0,False,True,True
485,37,5,0.0,2,0,1,170226.47,0.0,2,185,1,False,False,True
756,24,1,0.0,2,1,0,184182.25,0.0,0,24,1,False,False,False
590,47,0,117879.32,1,1,1,8214.46,14.34847470500739,1,0,0,False,False,True
569,34,6,144855.34,1,0,0,196555.32,0.7369660766949645,0,204,0,False,True,False
752,29,4,129514.99,1,1,1,102930.46,1.2582643829204405,1,116,0,True,False,True
662,39,5,138106.75,1,0,0,19596.73,7.0470789218955465,0,195,0,False,False,False
673,31,1,108345.22,1,0,1,38802.03,2.7921845278577475,1,31,0,False,False,True
731,42,9,101043.63,1,1,1,192175.52,0.525785512194726,1,378,0,False,True,True
565,49,7,0.0,2,1,1,89609.26,0.0,2,343,1,False,False,True
695,50,8,0.0,1,1,0,126381.6,0.0,0,400,1,False,False,False
643,34,7,0.0,2,0,1,100304.13,0.0,2,238,1,False,False,True
716,18,3,128743.8,1,0,0,197322.13,0.6524516411228628,0,54,0,True,False,False
811,47,3,123365.34,2,0,0,171995.34,0.7172556113694047,0,141,0,False,False,False
742,29,4,0.0,2,1,1,180066.59,0.0,2,116,1,False,False,False
750,47,7,121376.15,2,1,0,54473.6,2.2281237494171595,0,329,0,False,False,False
581,30,1,0.0,2,1,0,199464.08,0.0,0,30,1,False,False,True
721,46,1,115764.32,2,0,0,102950.79,1.1244517458122876,0,46,0,False,False,True
648,32,8,157138.99,3,1,0,190994.48,0.8227366951301673,0,256,0,True,False,False
594,37,2,0.0,2,0,1,95864.5,0.0,2,74,1,False,False,True
553,46,3,82291.1,1,1,0,112549.99,0.731145057009272,0,138,0,True,False,True
569,32,8,145330.43,1,1,1,132038.65,1.1006574918973202,1,256,0,True,False,False
774,35,3,121418.62,1,1,1,24400.37,4.97589356663171,1,105,0,False,False,False
680,34,1,0.0,2,1,0,167035.07,0.0,0,34,1,False,False,False
576,52,9,170228.59,2,0,0,148477.57,1.1464859204934421,0,468,0,False,False,False
705,35,5,0.0,1,1,0,133991.11,0.0,0,175,1,False,False,False
705,39,3,92224.56,1,1,1,54517.25,1.6916272991154337,1,117,0,False,False,False
850,39,6,96863.13,1,1,1,121681.19,0.7960337498856653,1,234,0,False,False,True
581,38,1,133105.47,1,1,0,105732.9,1.2588722254641134,0,38,0,True,False,True
518,59,5,138772.15,1,0,1,123872.0,1.1202776230494134,1,295,0,False,False,True
553,31,6,0.0,2,0,0,124596.63,0.0,0,186,1,False,False,True
530,42,0,99948.45,1,0,1,97338.62,1.0268013168738486,1,0,0,True,False,False
619,27,1,154483.98,1,1,0,156394.74,0.9877761376364856,0,27,0,False,False,True
765,43,9,157960.49,2,0,0,136602.8,1.1563403799894294,0,387,0,False,False,True
636,36,1,0.0,3,1,1,74048.1,0.0,3,36,1,False,True,True
799,32,3,106045.92,2,1,1,17938.0,5.911473326272367,2,96,0,False,False,False
593,33,1,0.0,2,0,0,9984.4,0.0,0,33,1,False,False,True
638,41,1,131762.94,1,1,1,47675.29,2.7636995244386675,1,41,0,False,False,True
537,84,8,92242.34,1,1,1,186235.98,0.4952955100539108,1,672,0,True,False,True
761,62,5,98854.34,1,0,0,86920.97,1.137276801250593,0,310,0,True,False,True
678,37,8,149000.91,2,1,1,21472.42,6.938853242753135,2,296,0,True,False,False
706,38,8,0.0,2,0,1,46635.11,0.0,2,304,1,False,True,True
679,58,8,125850.53,2,1,1,87008.17,1.4464053616417671,2,464,0,True,False,True
597,29,1,132144.35,1,1,0,158086.33,0.8358946286207757,0,29,0,False,False,False
667,41,6,0.0,2,0,0,167181.77,0.0,0,246,1,False,False,True
460,46,4,127559.97,2,1,1,126952.5,1.004777103427633,2,184,0,True,False,True
703,35,5,140691.08,2,1,0,167810.26,0.8383887946494173,0,175,0,True,False,True
638,48,2,0.0,2,1,1,7919.08,0.0,2,96,1,False,True,True
651,26,5,147037.32,1,0,0,141763.26,1.0371959759109948,0,130,0,True,False,True
658,36,8,174060.46,1,1,1,94925.62,1.8336317041521124,1,288,0,False,False,True
667,43,1,103018.45,1,1,0,32462.39,3.173373144332739,0,43,0,True,False,True
767,35,2,0.0,2,0,0,144251.38,0.0,0,70,1,False,False,False
684,39,4,139723.9,1,1,1,120612.11,1.158447037805426,1,156,0,False,True,False
521,25,7,0.0,2,1,1,157878.67,0.0,2,175,1,False,False,True
657,30,1,139762.13,2,1,1,23317.88,5.993518127800306,2,30,0,True,False,True
496,34,1,102723.35,2,1,0,180844.81,0.5680162012047723,0,34,0,False,False,False
683,73,8,137732.23,2,1,1,133210.44,1.033936950159836,2,584,0,False,False,False
684,33,4,140700.61,1,1,0,103557.93,1.3586526048502046,0,132,0,False,False,True
510,44,4,123070.89,1,1,0,28461.29,4.323998174426583,0,176,0,True,False,False
652,26,3,137998.2,2,0,1,168989.77,0.8166019954817652,2,78,0,False,False,True
665,43,2,116322.27,4,1,0,35640.12,3.263709726293674,0,86,0,True,False,False
786,34,3,137361.96,1,0,0,183682.09,0.7478203899988833,0,102,0,False,False,True
633,25,1,0.0,1,1,0,100598.98,0.0,0,25,1,False,False,True
594,38,6,63176.44,2,1,1,14466.08,4.3669102541770695,2,228,0,True,False,True
578,30,4,169462.09,1,1,0,112187.11,1.5105173801394818,0,120,0,False,False,True
711,35,2,133607.75,1,1,1,120586.32,1.1079751171184498,1,70,0,True,False,False
591,27,5,107812.67,1,0,1,162501.83,0.6634510303605174,1,135,0,False,True,False
793,33,0,0.0,1,0,0,175544.02,0.0,0,0,1,False,False,False
671,58,1,178713.98,1,1,1,21768.21,8.209483945444047,1,58,0,False,True,True
741,19,8,108711.57,2,1,0,24857.25,4.373259179548038,0,152,0,True,False,False
515,35,10,176273.95,1,0,1,121277.78,1.45346077854675,1,350,0,False,True,True
656,26,4,139584.57,1,1,0,36308.93,3.8442533488772908,0,104,0,False,True,True
758,61,8,125397.21,1,1,0,182184.09,0.6882956777637512,0,488,0,True,False,False
704,24,2,148197.15,2,1,0,182775.08,0.8108126074265298,0,48,0,False,False,True
512,42,9,93955.83,2,1,0,14828.54,6.335721134977889,0,378,0,True,False,True
731,38,10,123711.73,2,1,0,171340.68,0.7220177250509041,0,380,0,False,False,False
800,38,9,0.0,1,1,0,78744.39,0.0,0,342,1,False,True,True
699,27,1,0.0,2,1,0,93003.21,0.0,0,27,1,False,False,True
676,48,2,124442.38,1,1,0,15068.53,8.257880637285966,0,96,0,True,False,False
631,34,4,124379.14,1,1,0,106892.91,1.1635755488783224,0,136,0,False,False,False
668,32,10,92041.87,1,1,1,43595.9,2.11120217263154,1,320,0,True,False,False
479,48,5,87070.23,1,0,1,85646.41,1.0166125280379172,1,240,0,False,True,True
666,30,3,110153.27,1,0,1,74849.46,1.471644529639497,1,90,0,True,False,True
621,34,2,91258.52,2,1,0,44857.4,2.034368590943948,0,68,0,True,False,False
596,32,4,0.0,2,0,1,146504.35,0.0,2,128,1,False,True,True
737,43,0,80090.93,1,1,0,39920.0,2.0062355652413517,0,0,0,False,False,True
736,50,9,116309.01,1,1,0,185360.4,0.6274715771460508,0,450,0,True,False,True
700,44,9,0.0,2,1,0,142287.65,0.0,0,396,1,False,True,True
593,29,2,152265.43,1,1,0,34004.44,4.477678571428571,0,58,0,False,False,False
829,37,3,103457.76,1,0,0,1114.12,92.7772437047134,0,111,0,True,False,False
558,32,10,105000.23,1,1,0,190019.61,0.5525728498608651,0,320,0,False,False,True
551,37,3,0.0,2,1,1,50578.4,0.0,2,111,1,False,False,True
544,40,7,0.0,1,0,1,161076.92,0.0,1,280,1,False,False,False
508,28,0,96213.82,2,1,0,147913.56,0.6504688923118861,0,0,0,True,False,True
541,40,7,95710.11,2,1,0,49063.42,1.9507029737638804,0,280,0,True,False,True
746,25,9,0.0,2,0,1,88728.47,0.0,2,225,1,False,False,True
716,29,8,0.0,2,0,0,78616.92,0.0,0,232,1,False,True,False
751,30,3,165257.2,1,0,0,134822.05,1.225734026933822,0,90,0,False,False,True
510,26,6,136214.08,1,0,0,159742.33,0.8527059001461907,0,156,0,False,False,False
476,32,6,111871.93,1,0,0,112132.86,0.9976641310662095,0,192,0,False,False,False
657,37,2,0.0,2,1,1,7667.48,0.0,2,74,1,False,False,False
811,46,9,180226.24,1,1,0,13464.64,13.38415700998987,0,414,0,False,False,True
510,31,0,113688.63,1,1,0,33099.41,3.4346592685709934,0,0,0,True,False,True
614,31,7,120599.38,2,1,1,46163.44,2.61238693678511,2,217,0,True,False,False
695,49,9,159458.53,1,1,0,135841.35,1.1738499076318982,0,441,0,False,False,True
661,35,5,128415.45,1,1,0,142626.49,0.9003555345466713,0,175,0,False,True,False
598,60,4,0.0,1,1,0,197727.14,0.0,0,240,1,False,False,True
587,42,1,0.0,1,0,0,123006.91,0.0,0,42,1,False,False,True
598,44,8,0.0,2,1,0,148487.9,0.0,0,352,1,False,True,True
657,33,1,84309.57,2,0,0,103914.4,0.8113289271849987,0,33,0,False,False,True
576,55,9,0.0,2,1,1,94450.97,0.0,2,495,1,False,False,True
619,31,3,141751.82,1,0,1,61531.86,2.3036767671777323,1,93,0,False,True,False
529,39,6,102025.08,2,1,0,12351.01,8.259795774129069,0,234,0,False,False,True
728,28,4,142243.54,2,1,0,33074.51,4.300569817366384,0,112,0,False,False,False
680,44,3,0.0,2,1,0,86935.08,0.0,0,132,1,False,False,True
826,26,5,142662.68,1,0,0,60285.3,2.366419567961543,0,130,0,False,False,True
590,60,6,147751.75,1,1,0,88206.04,1.6750562086654308,0,360,0,False,False,False
657,40,7,99165.84,1,0,1,119333.95,0.8309874014276623,1,280,0,True,False,True
684,48,3,73309.38,1,0,0,21228.34,3.4532105096060453,0,144,0,False,False,False
632,50,5,107959.39,1,1,1,6985.34,15.452925279903354,1,250,0,True,False,False
472,32,1,159397.75,1,0,1,57323.18,2.7806372459230992,1,32,0,False,True,False
521,39,7,0.0,2,0,1,653.58,0.0,2,273,1,False,False,True
624,71,7,0.0,2,1,1,108841.83,0.0,2,497,1,False,False,True
577,39,4,0.0,2,1,0,91366.42,0.0,0,156,1,False,True,False
597,44,8,78128.13,2,0,1,109153.04,0.7157603145059954,2,352,0,False,False,True
502,57,3,101465.31,1,1,0,43568.31,2.3288252671433174,0,171,0,True,False,False
658,21,7,0.0,2,0,1,154279.87,0.0,2,147,1,False,True,True
783,42,2,139707.28,1,1,0,2150.22,64.94327869766923,0,84,0,True,False,False
790,31,2,151290.16,1,1,1,172437.12,0.8773591361353279,1,62,0,False,False,False
654,37,6,83568.55,1,1,0,47046.72,1.7762507938748149,0,222,0,False,False,True
519,22,8,0.0,1,0,1,167553.06,0.0,1,176,1,False,False,False
611,41,2,114206.84,1,1,0,164061.6,0.6961174576045972,0,82,0,True,False,False
757,36,1,65349.71,1,0,0,64539.64,1.0125358223903576,0,36,0,True,False,True
502,33,7,0.0,2,0,1,4082.52,0.0,2,231,1,False,False,True
661,35,8,124098.54,1,1,0,86678.48,1.4316945602350175,0,280,0,True,False,True
445,45,10,0.0,2,0,1,90977.48,0.0,2,450,1,False,True,True
492,29,1,144591.96,1,1,1,196293.76,0.7366063159301858,1,29,0,False,False,True
597,26,7,0.0,2,1,0,110253.2,0.0,0,182,1,False,True,False
535,20,9,134874.4,1,1,1,118825.56,1.1350526346971586,1,180,0,True,False,True
564,35,9,0.0,2,1,1,105837.38,0.0,2,315,1,False,True,False
532,66,3,0.0,1,1,1,115227.02,0.0,1,198,1,False,True,False
541,46,6,0.0,2,1,1,83456.67,0.0,2,276,1,False,False,True
658,40,7,140596.95,1,0,1,135459.02,1.0379221116311663,1,280,0,False,False,False
501,40,5,114655.58,1,0,0,126535.92,0.9061037679753862,0,200,0,True,False,True
755,38,4,111096.91,1,1,1,19762.88,5.621209499349318,1,152,0,True,False,True
502,33,8,0.0,2,1,1,123509.01,0.0,2,264,1,False,False,True
610,37,0,0.0,1,1,0,114514.64,0.0,0,0,1,False,False,True
473,35,7,131504.73,1,1,0,189560.43,0.69373147269463,0,245,0,True,False,False
612,33,9,0.0,1,0,0,142797.5,0.0,0,297,1,False,False,False
605,39,6,111169.91,1,0,0,9641.4,11.529277980585746,0,234,0,False,False,True
563,33,8,0.0,2,0,1,68815.05,0.0,2,264,1,False,False,True
800,38,2,168190.33,2,1,0,68052.08,2.4714580148319514,0,76,0,False,False,False
655,60,3,0.0,2,1,1,86981.45,0.0,2,180,1,False,False,False
550,51,5,0.0,2,1,0,153917.41,0.0,0,255,1,False,True,True
686,47,5,170935.94,1,1,0,173179.79,0.9870375345902972,0,235,0,True,False,False
760,33,1,118114.28,2,0,1,156660.21,0.7539471959906349,2,33,0,False,True,False
744,56,9,0.0,2,1,1,169498.61,0.0,2,504,1,False,False,True
771,32,5,62321.62,1,1,1,40920.59,1.5229520651568038,1,160,0,False,False,True
629,44,6,125512.98,2,0,0,79082.76,1.587089182406097,0,264,0,False,True,False
550,32,8,97514.07,1,1,1,199138.84,0.4896763500462791,1,256,0,False,False,True
807,47,1,171937.27,1,1,1,65636.92,2.619480781840741,1,47,0,True,False,True
850,38,7,101985.81,2,0,0,43801.27,2.3283224819170334,0,266,0,True,False,True
609,39,2,139443.75,2,1,0,9234.06,15.099387551353214,0,78,0,False,True,True
681,79,0,0.0,2,0,1,170968.99,0.0,2,0,1,False,False,False
689,55,1,76296.81,1,1,0,42364.75,1.8009078087842183,0,55,0,True,False,False
816,67,6,151858.98,1,1,1,72814.31,2.0855364071099887,1,402,0,False,True,True
591,34,3,96127.27,1,0,0,30972.06,3.103576785761562,0,102,0,False,False,False
575,24,2,0.0,2,1,1,119927.81,0.0,2,48,1,False,False,True
743,41,7,0.0,1,1,0,163736.09,0.0,0,287,1,False,True,True
700,40,2,0.0,2,1,0,199753.97,0.0,0,80,1,False,True,False
705,48,0,0.0,2,0,0,149772.61,0.0,0,0,1,False,False,False
747,38,2,129728.6,1,1,0,89289.54,1.4528817946447632,0,76,0,True,False,True
666,36,8,0.0,1,0,1,158666.99,0.0,1,288,1,False,False,False
615,41,4,130385.82,1,0,1,130661.95,0.9978790468147245,1,164,0,False,False,True
508,31,7,0.0,2,1,1,6123.15,0.0,2,217,1,False,False,False
611,46,6,0.0,2,1,0,45886.33,0.0,0,276,1,False,True,True
617,42,0,70105.87,1,1,1,120830.73,0.5801942089217791,1,0,0,False,True,True
481,39,6,0.0,1,1,1,24677.54,0.0,1,234,1,False,False,False
654,29,7,0.0,2,1,1,149184.15,0.0,2,203,1,False,False,True
596,40,5,62389.03,3,1,0,148623.43,0.4197764122627754,0,200,0,True,False,True
618,32,5,133476.09,1,0,1,154843.4,0.8620014026984508,1,160,0,False,True,True
689,58,5,0.0,2,0,1,49848.86,0.0,2,290,1,False,False,False
641,52,4,0.0,1,1,0,90964.54,0.0,0,208,1,False,False,False
772,30,4,78653.05,1,1,0,1790.48,43.90395092325898,0,120,0,False,True,True
658,31,5,100082.14,1,0,1,49809.88,2.0092425590553713,1,155,0,False,False,True
694,37,3,0.0,2,1,1,147012.22,0.0,2,111,1,False,True,False
666,36,3,129118.5,2,0,0,139435.12,0.9260046822874877,0,108,0,True,False,False
650,41,9,0.0,2,0,1,191599.67,0.0,2,369,1,False,True,True
644,37,2,186347.97,2,1,0,92809.73,2.0078278664546656,0,74,0,False,False,True
735,55,6,134140.68,1,1,0,2267.88,59.121980889249315,0,330,0,False,False,True
477,27,1,128554.98,1,1,1,133173.19,0.9653145252845164,1,27,0,False,False,True
631,29,3,0.0,2,1,1,197963.46,0.0,2,87,1,False,True,True
575,36,7,0.0,1,1,1,55868.97,0.0,1,252,1,False,False,True
709,34,4,148375.19,2,1,1,21521.38,6.89399545960995,2,136,0,True,False,True
748,39,3,157371.54,1,0,1,97734.3,1.6101811730255087,1,117,0,False,False,False
744,38,6,73023.17,2,1,0,78770.86,0.9270210199429085,0,228,0,True,False,True
593,39,0,117704.73,1,1,0,197933.5,0.5946650533383518,0,0,0,False,False,False
629,32,3,0.0,2,1,1,15404.64,0.0,2,96,1,False,True,True
742,43,6,97067.69,1,0,1,60920.03,1.593336324090384,1,258,0,True,False,False
807,31,1,93460.47,2,0,0,172782.69,0.5409102560548394,0,31,0,True,False,False
532,52,3,110791.97,1,1,0,148704.77,0.7450415004071463,0,156,0,True,False,True
533,38,1,135289.33,2,0,1,152956.33,0.8844906615459357,2,38,0,False,True,True
543,71,1,104308.77,1,1,1,25650.04,4.066453835789894,1,71,0,False,False,False
557,39,7,49572.73,1,1,0,115287.99,0.4299866795606415,0,273,0,False,False,False
537,37,6,0.0,1,1,1,17802.42,0.0,1,222,1,False,False,True
850,43,2,125510.82,1,1,1,79084.1,1.5870349787760274,1,86,0,False,True,False
697,47,6,128252.66,1,1,1,168053.4,0.7631615714911363,1,282,0,False,False,False
581,43,9,78022.61,1,0,1,30662.91,2.5444442668922522,1,387,0,False,True,True
717,42,5,190305.78,1,1,0,99347.8,1.915531742708518,0,210,0,False,True,False
470,25,8,127974.06,2,1,1,183259.35,0.6983183214481473,2,200,0,False,False,False
667,42,9,0.0,2,0,1,58137.42,0.0,2,378,1,False,False,True
453,38,8,120623.21,1,1,0,129697.99,0.9300242816077442,0,304,0,True,False,False
612,35,1,0.0,1,1,1,83256.26,0.0,1,35,1,False,True,True
652,48,8,133297.24,1,1,0,77764.37,1.7140951042861365,0,384,0,False,False,False
687,35,3,0.0,2,1,1,176450.19,0.0,2,105,1,False,True,True
759,31,1,109848.6,1,1,1,42012.55,2.614599337594657,1,31,0,False,False,False
724,41,2,127892.57,2,0,1,199645.45,0.6405952622748864,2,82,0,True,False,True
611,49,3,0.0,2,1,1,142917.54,0.0,2,147,1,False,False,True
609,34,7,140694.78,2,1,0,46266.63,3.040890142849331,0,238,0,False,True,True
809,33,3,0.0,2,0,1,141426.78,0.0,2,99,1,False,True,False
525,47,1,118087.68,1,1,0,88120.78,1.3400510066864286,0,47,0,True,False,False
717,25,7,108664.85,2,1,0,190011.85,0.5718815859032692,0,175,0,False,False,False
732,36,5,0.0,2,1,0,161428.25,0.0,0,180,1,False,False,True
697,36,7,0.0,2,1,1,74760.32,0.0,2,252,1,False,False,True
627,49,4,111087.5,1,0,1,146680.25,0.7573394690868805,1,196,0,False,True,True
683,26,7,0.0,2,1,0,86619.77,0.0,0,182,1,False,False,False
645,45,4,0.0,1,0,1,174916.85,0.0,1,180,1,False,True,True
817,55,10,117561.49,1,1,0,95941.55,1.2253321388685208,0,550,0,False,False,False
662,37,6,0.0,2,1,0,51229.17,0.0,0,222,1,False,False,False
610,31,6,107784.65,1,1,1,141137.53,0.7636798399416517,1,186,0,False,False,False
628,25,7,0.0,2,1,1,195977.75,0.0,2,175,1,False,False,True
642,49,4,120688.61,1,1,0,24770.22,4.872130238236147,0,196,0,True,False,True
740,60,5,108028.08,2,0,0,25980.42,4.15789745133253,0,300,0,False,False,False
616,44,7,193213.02,2,1,1,137392.77,1.406272060225147,2,308,0,False,True,False
561,45,2,168085.38,2,0,1,115719.08,1.452516970261341,2,90,0,True,False,False
615,23,4,0.0,2,1,0,196476.19,0.0,0,92,1,False,False,False
646,30,5,98014.74,1,1,1,12757.14,7.682525822729646,1,150,0,False,False,True
757,44,4,123322.15,1,1,0,137136.29,0.8992605147731881,0,176,0,False,False,False
828,34,9,0.0,2,1,1,81853.98,0.0,2,306,1,False,True,True
794,24,10,146126.75,1,1,1,88992.05,1.642001819243188,1,240,0,False,False,True
689,40,8,160272.27,1,1,0,49656.24,3.227571045027875,0,320,0,False,False,True
740,57,3,113386.36,2,1,1,65121.63,1.741120713337284,2,171,0,True,False,False
595,45,9,106000.12,1,0,0,191448.96,0.5536701078443683,0,405,0,True,False,False
776,39,8,125211.55,2,1,0,144496.07,0.8665334874956288,0,312,0,False,False,True
676,36,1,82729.49,1,1,0,113810.12,0.7269016419485197,0,36,0,False,True,True
726,28,2,0.0,1,0,0,98060.51,0.0,0,56,1,False,False,True
528,26,10,102073.67,2,0,0,166799.93,0.6119490460874529,0,260,0,False,False,False
664,26,7,116244.14,2,1,1,95145.14,1.2217430996149712,2,182,0,True,False,True
790,47,10,148636.21,1,0,1,16119.96,9.22005947536623,1,470,0,False,False,False
591,31,7,0.0,2,0,1,48778.46,0.0,2,217,1,False,False,False
651,34,4,91562.99,1,1,1,123954.15,0.7386783848835649,1,136,0,False,False,True
609,53,10,0.0,1,1,1,154642.91,0.0,1,530,1,False,True,True
784,35,3,0.0,2,0,0,81483.64,0.0,0,105,1,False,True,True
611,49,9,115488.52,2,1,1,138656.81,0.8329031015274221,2,441,0,True,False,False
693,68,4,97705.99,1,1,1,61569.07,1.5869072424312658,1,272,0,False,False,True
705,35,4,136496.12,2,1,0,116672.02,1.1699030332805305,0,140,0,True,False,True
644,37,8,0.0,2,1,0,20968.88,0.0,0,296,1,False,False,False
635,38,1,0.0,2,1,0,90605.05,0.0,0,38,1,False,True,False
678,83,6,123356.63,1,0,1,92934.41,1.32733723346139,1,498,0,True,False,True
683,25,4,0.0,2,1,0,152698.24,0.0,0,100,1,False,False,True
775,28,9,111167.7,1,1,0,149331.01,0.7444331593742024,0,252,0,False,False,True
779,62,10,119096.55,1,0,1,116977.89,1.0181029243823394,1,620,0,False,False,True
701,30,2,0.0,2,1,0,115650.63,0.0,0,60,1,False,True,False
520,23,3,116022.53,2,1,1,37577.66,3.0874578816807197,2,69,0,True,False,False
645,19,9,128514.84,1,0,0,175969.19,0.7303216527753933,0,171,0,False,False,True
426,34,3,0.0,2,1,1,61230.83,0.0,2,102,1,False,False,False
782,39,8,0.0,2,1,1,33949.67,0.0,2,312,1,False,False,True
434,55,8,109339.17,2,1,0,96405.88,1.1341428122142319,0,440,0,True,False,True
562,75,5,87140.85,1,1,1,39351.64,2.2143584267789915,1,375,0,False,False,True
635,27,3,127009.83,1,1,0,161909.95,0.7844424975580713,0,81,0,False,False,True
725,25,9,0.0,2,1,1,168607.74,0.0,2,225,1,False,False,False
550,49,0,108806.96,3,1,0,61446.92,1.7707183579200079,0,0,0,True,False,True
841,36,5,156021.31,1,0,0,122662.98,1.2719407115275405,0,180,0,False,False,False
578,35,2,0.0,2,0,1,26389.92,0.0,2,70,1,False,False,False
696,47,1,106758.6,1,1,1,80591.18,1.3246769103404328,1,47,0,False,True,True
608,62,8,144976.5,1,0,0,175836.03,0.8244935665712734,0,496,0,False,False,False
662,47,6,0.0,2,1,1,129392.75,0.0,2,282,1,False,False,False
683,47,1,0.0,2,1,0,148989.15,0.0,0,47,1,False,False,True
571,31,3,0.0,2,1,1,194667.92,0.0,2,93,1,False,True,False
619,49,9,145359.99,1,1,0,38186.85,3.806446029299895,0,441,0,False,False,False
738,26,3,0.0,2,1,0,67484.16,0.0,0,78,1,False,False,False
792,31,6,71269.89,2,0,1,125912.77,0.5660214129082148,2,186,0,False,False,True
604,32,7,127849.38,1,1,0,15798.7,8.091886554808003,0,224,0,False,False,False
571,33,3,71843.15,1,1,0,26772.04,2.6834139866074227,0,99,0,True,False,True
754,32,7,0.0,2,1,0,89520.75,0.0,0,224,1,False,True,False
579,35,1,0.0,2,1,0,4460.2,0.0,0,35,1,False,False,True
534,27,9,0.0,2,1,0,161344.13,0.0,0,243,1,False,False,True
544,48,10,78314.63,3,1,1,103713.93,0.7550950475500491,3,480,0,False,False,True
618,40,0,0.0,1,1,0,119059.13,0.0,0,0,1,False,False,False
678,43,1,133237.21,1,1,0,111032.79,1.1999699370795143,0,43,0,False,False,True
653,40,0,0.0,2,1,0,35795.85,0.0,0,0,1,False,False,False
670,37,0,178742.71,1,1,1,194493.57,0.9190113122438327,1,0,0,False,True,True
850,41,3,99945.93,2,1,0,71179.31,1.4041232751023422,0,123,0,False,True,False
616,31,3,94263.91,2,1,0,168895.06,0.5581178743897283,0,93,0,False,False,True
757,23,2,80673.96,2,1,0,93991.65,0.8583007288335844,0,46,0,False,False,True
507,35,2,0.0,2,1,0,97633.93,0.0,0,70,1,False,False,False
835,18,2,142872.36,1,1,1,117632.63,1.214553695231542,1,36,0,True,False,True
759,33,2,0.0,2,1,0,56583.88,0.0,0,66,1,False,False,False
518,45,8,0.0,2,1,1,36193.07,0.0,2,360,1,False,False,False
521,49,4,82940.25,2,0,0,62413.01,1.3288723156868145,0,196,0,False,True,False
644,54,6,0.0,1,0,1,84622.37,0.0,1,324,1,False,True,True
749,35,3,0.0,3,1,1,132649.85,0.0,3,105,1,False,False,False
714,21,6,86402.52,2,0,0,27330.59,3.1612694321845165,0,126,0,True,False,True
564,32,10,139875.2,2,1,0,15378.23,9.095071729859038,0,320,0,True,False,False
618,42,2,0.0,4,0,0,111097.39,0.0,0,84,1,False,False,False
677,46,2,57037.74,1,1,1,158531.01,0.35978689729600977,1,92,0,False,False,True
645,29,4,0.0,2,1,1,74346.11,0.0,2,116,1,False,True,False
679,39,4,0.0,1,0,0,172939.3,0.0,0,156,1,False,False,False
526,38,2,0.0,2,0,0,58010.98,0.0,0,76,1,False,True,True
586,46,8,106968.96,1,1,1,79366.98,1.3477596380807475,1,368,0,True,False,True
533,51,6,127545.56,2,0,0,79559.02,1.6031363491361614,0,306,0,True,False,True
574,35,5,163856.76,1,1,1,15118.2,10.837660722789566,1,175,0,True,False,True
604,56,0,62732.65,1,0,1,124954.56,0.5020396851488641,1,0,0,False,False,False
742,27,5,190125.43,2,0,0,21793.59,8.72351487226876,0,135,0,True,False,True
656,27,3,150905.03,2,1,0,16998.72,8.876912678561764,0,81,0,True,False,False
652,28,8,156823.7,2,1,0,198251.52,0.7910300459232499,0,224,0,False,True,True
704,32,7,127785.17,4,0,0,184464.7,0.6927313316242532,0,224,0,False,False,True
500,40,1,99004.24,1,1,1,152845.99,0.6477343125958843,1,40,0,False,True,True
443,29,9,99027.61,2,1,0,10940.4,9.050725684098927,0,261,0,True,False,False
774,32,4,0.0,2,0,0,114899.13,0.0,0,128,1,False,False,False
612,36,5,119799.27,2,1,0,159416.58,0.7514809219911631,0,180,0,False,True,False
634,35,10,0.0,1,1,0,82634.41,0.0,0,350,1,False,True,False
785,36,2,99806.85,1,0,1,36976.52,2.6991223316220236,1,72,0,True,False,False
546,52,1,106074.89,1,1,1,23548.45,4.504346810647382,1,52,0,True,False,False
676,36,3,91711.59,1,1,1,95393.43,0.9613935530617459,1,108,0,False,False,False
675,36,9,106190.55,1,0,1,22994.32,4.617920081129552,1,324,0,False,True,True
728,33,8,129907.63,1,0,1,36083.96,3.6000491617560337,1,264,0,False,False,True
469,35,5,0.0,2,1,0,186490.37,0.0,0,175,1,False,True,True
631,31,2,88161.85,2,1,0,127630.88,0.6907510098574118,0,62,0,False,True,False
427,29,1,141325.56,1,1,1,93839.3,1.5060220395714847,1,29,0,False,False,True
697,32,7,175464.85,3,1,0,116442.42,1.5068678848491397,0,224,0,False,False,True
777,37,1,0.0,1,1,1,126837.72,0.0,1,37,1,False,False,True
698,27,7,0.0,2,1,0,111471.55,0.0,0,189,1,False,False,True
704,39,10,102556.18,2,1,0,171971.25,0.5963530744058998,0,390,0,True,False,False
686,39,3,129626.19,2,1,1,103220.56,1.2558053763186683,2,117,0,True,False,True
560,24,1,116084.32,1,1,0,89734.7,1.2936247223791648,0,24,0,False,False,True
594,24,0,97378.54,1,1,1,71405.17,1.3637272521408164,1,0,0,False,True,False
678,50,6,0.0,1,1,0,8199.5,0.0,0,300,1,False,False,False
537,41,0,0.0,2,0,1,175262.49,0.0,2,0,1,False,False,False
698,37,2,166178.02,2,1,1,71972.95,2.3088634151661815,2,74,0,False,False,False
815,45,7,0.0,1,0,1,52885.23,0.0,1,315,1,False,False,True
710,46,10,120530.34,1,1,0,166586.99,0.7235235865442641,0,460,0,True,False,False
565,38,5,126645.13,1,1,1,168303.55,0.752475972871797,1,190,0,False,False,False
567,43,2,115643.58,2,0,0,174606.35,0.6623064836617703,0,86,0,False,True,True
676,40,2,147803.48,1,1,0,95181.06,1.552850190466565,0,80,0,False,False,False
464,34,5,76001.57,1,1,1,158668.87,0.4789918211945343,1,170,0,False,True,False
738,40,6,114940.67,2,1,1,194895.57,0.5897521439192079,2,240,0,True,False,False
660,39,5,135134.99,1,1,0,173683.0,0.7780508855162248,0,195,0,True,False,False
677,58,9,0.0,1,0,1,168650.4,0.0,1,522,1,False,False,True
698,57,9,111359.55,2,1,0,105715.01,1.0533839671020502,0,513,0,False,False,False
763,32,1,108465.65,2,1,0,60552.44,1.7912384498717164,0,32,0,True,False,False
604,34,3,0.0,2,1,0,38587.7,0.0,0,102,1,False,True,False
537,46,5,100727.5,1,0,1,140857.76,0.7150957455539151,1,230,0,True,False,False
588,32,1,0.0,2,1,1,8763.87,0.0,2,32,1,False,False,True
629,37,1,35549.81,2,0,0,49676.33,0.7156143456180112,0,37,0,True,False,False
774,46,9,0.0,2,1,1,34774.26,0.0,2,414,1,False,True,True
700,29,8,0.0,2,0,1,152097.02,0.0,2,232,1,False,True,True
540,31,7,0.0,1,0,1,183051.6,0.0,1,217,1,False,False,False
653,55,2,70263.83,1,0,1,62347.71,1.126949218355921,1,110,0,False,True,True
560,47,1,0.0,1,0,0,128882.66,0.0,0,47,1,False,True,True
595,41,9,0.0,2,1,0,5967.09,0.0,0,369,1,False,False,True
521,40,9,134504.78,1,1,0,18082.06,7.438164779633535,0,360,0,True,False,False
643,45,5,0.0,1,1,0,142513.5,0.0,0,225,1,False,False,True
659,42,2,0.0,1,0,0,162734.31,0.0,0,84,1,False,True,False
576,41,1,0.0,1,1,1,188274.6,0.0,1,41,1,False,False,True
498,44,2,120702.67,2,1,1,98175.74,1.2294426358015147,2,88,0,True,False,False
718,33,7,102874.28,1,0,0,117841.06,0.872984399627773,0,231,0,False,False,True
624,28,2,0.0,2,0,1,104353.26,0.0,2,56,1,False,True,False
707,42,2,16893.59,1,1,1,77502.56,0.21797179381179393,1,84,0,False,False,True
526,36,1,0.0,1,1,0,160696.72,0.0,0,36,1,False,False,True
729,34,9,132121.71,1,0,1,105409.31,1.2534040550682375,1,306,0,False,False,False
611,30,2,104145.65,1,0,0,159629.64,0.6524164157958646,0,60,0,False,False,True
580,34,6,0.0,2,1,1,160095.31,0.0,2,204,1,False,False,True
551,59,2,166968.28,1,1,0,159483.76,1.0469231041260618,0,118,0,False,False,False
601,41,3,0.0,2,1,0,54342.83,0.0,0,123,1,False,True,False
850,47,4,99219.47,2,1,1,122141.13,0.8123279821630751,2,188,0,True,False,False
820,34,10,97208.46,1,1,1,59553.34,1.6322649197354888,1,340,0,False,True,True
636,38,1,0.0,1,1,0,45015.38,0.0,0,38,1,False,False,False
720,37,8,156282.79,1,1,0,45985.52,3.3984478495002453,0,296,0,True,False,False
691,50,6,136953.47,1,1,1,2704.98,50.611412501201045,1,300,0,False,False,True
789,39,7,124828.46,2,1,1,124411.08,1.0033467811164318,2,273,0,True,False,True
622,36,0,108960.0,2,1,0,111180.3,0.9800209207843406,0,0,0,False,True,False
627,32,10,0.0,2,1,0,103287.62,0.0,0,320,1,False,False,True
642,22,10,111812.52,2,1,1,183045.46,0.6108422965404521,2,220,0,True,False,True
794,33,8,0.0,2,0,0,91340.02,0.0,0,264,1,False,True,True
650,39,4,0.0,2,0,0,186275.7,0.0,0,156,1,False,False,False
655,72,5,138089.97,2,1,1,99920.41,1.3819858026422966,2,360,0,True,False,False
573,33,0,90124.64,1,1,0,137476.71,0.6555581992164403,0,0,0,False,False,False
487,45,2,0.0,2,1,0,77475.73,0.0,0,90,1,False,False,True
671,45,6,99564.22,1,1,1,108872.45,0.9144949480337033,1,270,0,True,False,True
613,30,5,131563.88,2,1,0,170638.98,0.7710026688938899,0,150,0,True,False,False
599,25,7,108380.72,1,1,1,79005.95,1.3717871655594855,1,175,0,True,False,True
732,35,3,0.0,2,1,0,90876.95,0.0,0,105,1,False,False,False
474,34,9,176311.36,1,1,0,160213.27,1.1004722613035656,0,306,0,True,False,False
644,50,9,76817.0,4,1,0,196371.13,0.39118076480608527,0,450,0,False,False,True
527,41,10,136733.24,1,1,1,57589.29,2.3742412132323,1,410,0,True,False,False
611,36,10,103294.56,1,1,0,160548.12,0.6433829098533832,0,360,0,True,False,False
604,41,3,0.0,1,0,0,11819.84,0.0,0,123,1,False,True,True
479,47,1,0.0,1,1,0,95270.83,0.0,0,47,1,False,False,True
850,37,4,126872.6,1,1,0,197266.58,0.6431497765623728,0,148,0,False,False,True
528,30,2,128262.72,2,1,0,50771.16,2.526241152631678,0,60,0,False,False,True
770,37,9,0.0,2,0,0,22710.72,0.0,0,333,1,False,False,False
671,42,6,0.0,2,1,0,197202.48,0.0,0,252,1,False,False,False
600,50,6,94684.27,1,1,1,50488.91,1.8753107304013812,1,300,0,False,True,False
615,29,7,143330.56,2,1,1,126396.01,1.1339711279562705,2,203,0,False,True,False
507,41,3,58820.32,2,1,1,138536.09,0.4245817491907763,2,123,0,False,False,True
698,36,6,0.0,2,0,1,19231.98,0.0,2,216,1,False,False,True
744,41,2,84113.41,1,1,0,197548.63,0.4257836878763073,0,82,0,True,False,False
781,38,3,128345.69,2,1,0,63218.85,2.0301486004791216,0,114,0,False,False,False
600,43,8,133379.41,1,1,0,177378.66,0.7519430920095348,0,344,0,True,False,True
606,65,10,126306.64,3,0,0,7861.68,16.06406975738552,0,650,0,True,False,True
824,45,3,129209.48,1,0,0,60151.77,2.1480221110349533,0,135,0,False,False,True
798,36,1,0.0,2,1,1,159044.1,0.0,2,36,1,False,False,True
457,38,6,0.0,2,1,0,173219.09,0.0,0,228,1,False,True,False
670,38,7,0.0,2,1,1,77864.41,0.0,2,266,1,False,False,True
676,38,1,0.0,2,0,1,35644.79,0.0,2,38,1,False,False,True
586,46,0,0.0,3,0,1,131553.82,0.0,3,0,1,False,False,False
656,45,7,145933.27,1,1,1,199392.14,0.7318871150732668,1,315,0,False,False,False
675,32,1,0.0,3,1,0,85901.09,0.0,0,32,1,False,False,True
611,37,6,0.0,2,1,0,110782.88,0.0,0,222,1,False,False,False
716,38,1,0.0,2,1,1,99661.46,0.0,2,38,1,False,False,False
634,41,8,68213.99,1,1,1,6382.46,10.68605270495938,1,328,0,False,False,False
785,28,8,0.0,2,1,0,77231.27,0.0,0,224,1,False,False,True
475,45,0,134264.04,1,1,0,27822.99,4.825477582474692,0,0,0,False,False,False
546,25,3,132837.7,1,1,0,131647.31,1.009034601355688,0,75,0,True,False,False
449,33,8,0.0,2,0,0,156792.89,0.0,0,264,1,False,True,False
418,28,7,98738.92,1,1,0,122190.22,0.808068861248787,0,196,0,False,False,True
597,38,6,115702.67,2,1,1,25059.05,4.61701672582457,2,228,0,False,True,True
655,50,10,0.0,4,1,0,179267.94,0.0,0,500,1,False,False,False
658,31,3,133003.03,1,0,1,146339.27,0.908861450098459,1,93,0,True,False,False
721,43,3,88798.34,1,0,0,45610.63,1.946835489106616,0,129,0,False,True,True
796,32,5,102773.15,2,0,1,117832.88,0.872186759869063,2,160,0,False,True,True
685,42,2,0.0,2,0,0,199992.48,0.0,0,84,1,False,True,False
452,30,7,112935.87,1,1,1,99017.34,1.140555072928914,1,210,0,False,False,True
697,51,1,147910.3,1,1,1,53581.14,2.7604403258249857,1,51,0,True,False,True
659,37,1,151105.68,1,1,1,140934.57,1.0721614138999827,1,37,0,False,False,False
573,38,4,0.0,2,1,1,196517.43,0.0,2,152,1,False,True,True
850,33,0,124781.67,1,0,1,33700.52,3.702553178610342,1,0,0,False,False,True
612,33,5,69478.57,1,1,0,8973.67,7.7416294972405675,0,165,0,False,True,True
704,37,4,0.0,2,0,0,25684.93,0.0,0,148,1,False,True,True
657,67,5,119785.47,2,1,1,107534.32,1.1139174552137845,2,335,0,False,True,True
579,43,2,145843.82,1,1,1,198402.37,0.7350874130817435,1,86,0,False,True,True
632,38,1,120599.21,1,1,0,92816.86,1.299310391340632,0,38,0,False,True,True
584,29,7,105204.01,1,0,1,138490.03,0.7596449387371875,1,203,0,True,False,False
786,32,2,104336.43,2,0,0,59559.81,1.7517631140342114,0,64,0,True,False,False
576,36,8,166287.85,1,1,1,23305.85,7.134720050114023,1,288,0,True,False,False
684,34,9,100628.0,2,1,1,190263.78,0.5288840110082381,2,306,0,False,True,True
833,47,2,0.0,2,1,1,182247.77,0.0,2,94,1,False,False,True
771,66,7,143773.07,1,1,1,130827.88,1.0989398518125355,1,462,0,False,False,False
447,32,10,0.0,1,1,1,151815.76,0.0,1,320,1,False,False,False
504,44,4,113522.64,1,1,1,12405.2,9.150476374715867,1,176,0,False,True,True
445,61,2,137655.31,1,0,1,29909.84,4.602188036176851,1,122,0,True,False,False
536,40,9,0.0,2,1,1,11959.03,0.0,2,360,1,False,True,True
547,41,3,151191.31,1,1,0,175295.89,0.8624871211348928,0,123,0,True,False,True
792,30,8,0.0,2,1,0,199644.2,0.0,0,240,1,False,False,True
723,49,4,0.0,2,0,1,89972.25,0.0,2,196,1,False,False,False
783,38,1,0.0,3,1,1,80178.54,0.0,3,38,1,False,True,True
847,66,7,123760.68,1,0,1,53157.16,2.328159590173926,1,462,0,False,False,True
596,29,2,0.0,2,1,1,1591.19,0.0,2,58,1,False,True,True
850,39,10,0.0,2,1,1,143030.09,0.0,2,390,1,False,True,False
617,34,9,0.0,2,1,0,118749.58,0.0,0,306,1,False,True,True
669,46,3,0.0,2,0,1,8487.75,0.0,2,138,1,False,False,True
647,29,2,0.0,2,1,0,179032.68,0.0,0,58,1,False,True,False
766,37,2,99660.13,2,0,1,147700.78,0.6747388555506915,2,74,0,True,False,True
767,31,6,0.0,2,1,1,195668.0,0.0,2,186,1,False,True,True
485,32,6,102238.01,2,1,1,194010.12,0.5269698458521347,2,192,0,False,True,True
638,33,5,129335.65,1,1,1,56585.2,2.2856394315221733,1,165,0,True,False,False
544,39,4,142406.43,2,1,0,146637.45,0.9711397658663193,0,156,0,True,False,True
659,54,8,133436.52,1,1,0,56787.8,2.349697827740681,0,432,0,False,False,True
567,49,5,134956.02,1,1,0,93953.84,1.4363924200179574,0,245,0,True,False,False
680,35,9,0.0,2,0,0,143774.06,0.0,0,315,1,False,True,True
644,33,8,0.0,2,1,1,155294.17,0.0,2,264,1,False,False,True
798,32,7,0.0,2,0,1,37731.95,0.0,2,224,1,False,False,True
736,26,0,84587.9,1,0,1,188037.76,0.44984289409268596,1,0,0,True,False,False
595,43,5,0.0,2,0,0,105149.8,0.0,0,215,1,False,True,False
829,27,9,112045.67,1,1,1,119708.21,0.9359820351333034,1,243,0,True,False,False
515,40,0,109542.29,1,1,1,166370.81,0.6584185746371335,1,0,0,False,False,True
563,41,2,100520.92,1,1,1,19412.8,5.1778075389671265,1,82,0,True,False,True
633,35,3,0.0,2,1,1,36249.76,0.0,2,105,1,False,False,True
606,35,2,132164.26,1,0,1,164815.59,0.8018868731600381,1,70,0,False,False,True
789,37,6,110689.07,1,1,1,71121.04,1.5563258590445384,1,222,0,True,False,False
744,54,6,93806.31,2,0,1,140068.77,0.6697113160105853,2,324,0,False,False,True
652,36,1,0.0,2,1,1,151314.98,0.0,2,36,1,False,False,True
658,29,4,80262.6,1,1,1,20612.82,3.893630583754006,1,116,0,False,False,True
801,43,4,158713.08,2,0,0,98586.14,1.6098760954014895,0,172,0,False,False,True
682,43,7,111094.05,2,1,1,64679.3,1.7175871169428714,2,301,0,True,False,False
751,30,6,0.0,2,1,0,15766.1,0.0,0,180,1,False,False,False
615,41,9,109013.23,1,1,0,196499.96,0.5547719970426608,0,369,0,False,True,False
630,25,7,79656.81,1,1,0,93524.22,0.8517147567255121,0,175,0,True,False,False
732,42,2,118889.66,2,0,0,87422.15,1.3599333814899144,0,84,0,True,False,False
606,40,9,95293.86,2,0,1,96985.58,0.9825468637001119,2,360,0,True,False,True
497,44,2,121250.04,1,0,1,79691.4,1.5214755735804166,1,88,0,False,True,True
620,29,3,0.0,2,0,1,153392.28,0.0,2,87,1,False,False,False
617,30,3,132005.77,1,1,0,142940.39,0.9234957768355266,0,90,0,False,False,True
789,33,8,151607.56,1,1,0,4389.4,34.53160532069971,0,264,0,True,False,True
684,24,8,143582.89,1,1,1,22527.27,6.373453887049472,1,192,0,False,True,True
847,35,5,111743.43,1,1,1,183584.14,0.6086736105111774,1,175,0,True,False,False
681,43,3,66338.68,1,1,1,18772.5,3.5336341119130688,1,129,0,False,False,True
487,37,2,0.0,2,1,1,126722.57,0.0,2,74,1,False,False,True
634,34,3,145030.92,1,1,1,41820.65,3.467843090839314,1,102,0,False,False,True
605,51,9,104760.82,1,1,1,165574.54,0.6327071015441049,1,459,0,False,False,False
726,30,7,92847.59,1,1,0,146154.06,0.6352677081450344,0,210,0,True,False,True
743,71,0,0.0,2,0,1,29837.65,0.0,2,0,1,False,False,True
745,44,0,119638.21,1,1,1,34265.08,3.4914472271120593,1,0,0,True,False,False
608,37,2,130461.02,1,1,0,21967.15,5.93864390037395,0,74,0,False,True,True
672,56,2,209767.31,2,1,1,150694.42,1.3919952577191794,2,112,0,False,True,False
529,44,1,0.0,2,0,0,14161.3,0.0,0,44,1,False,True,False
616,42,6,117899.95,2,0,0,150266.81,0.784598843890784,0,252,0,True,False,False
737,31,5,121192.22,2,1,1,74890.58,1.6182355880327268,2,155,0,True,False,True
687,38,8,69434.4,2,1,1,66580.13,1.0428540338681545,2,304,0,False,True,True
719,49,5,105918.1,1,1,1,16246.59,6.519003741477968,1,245,0,False,False,True
651,45,1,0.0,1,1,0,67740.08,0.0,0,45,1,False,False,True
496,31,5,0.0,2,1,0,93713.13,0.0,0,155,1,False,False,True
528,34,1,125566.9,1,1,1,176763.27,0.710363581961445,1,34,0,False,False,True
753,48,4,0.0,2,0,1,146821.42,0.0,2,192,1,False,False,True
753,46,9,113909.69,3,1,0,92320.37,1.233838817599869,0,414,0,True,False,False
710,30,10,0.0,2,1,0,19500.1,0.0,0,300,1,False,True,False
739,25,5,113113.12,1,1,0,129181.27,0.8756087038879251,0,125,0,True,False,False
785,47,9,122031.55,1,1,1,33823.5,3.6077857765820633,1,423,0,False,False,False
492,39,7,0.0,2,0,1,71323.23,0.0,2,273,1,False,False,True
611,28,3,96381.68,2,1,0,181419.29,0.5312618561022033,0,84,0,False,True,False
663,33,8,96769.04,1,1,1,36864.05,2.6249534450651764,1,264,0,False,True,False
475,40,7,160818.08,1,0,1,169642.13,0.9479787363036746,1,280,0,False,False,True
828,25,7,144351.86,1,1,0,116613.26,1.2378577028229651,0,175,0,True,False,False
756,34,1,103133.26,1,1,1,90059.04,1.1451611613763442,1,34,0,False,False,True
580,67,3,153946.14,1,1,1,7418.92,20.74768191570799,1,201,0,False,True,True
700,30,9,0.0,1,1,1,174971.64,0.0,1,270,1,False,False,False
524,32,6,0.0,1,1,1,132861.9,0.0,1,192,1,False,True,False
800,60,6,88541.57,2,1,1,131718.12,0.6721998294552834,2,360,0,False,False,True
529,22,5,0.0,1,1,0,151169.83,0.0,0,110,1,False,False,True
534,35,4,0.0,2,0,0,9541.15,0.0,0,140,1,False,True,True
577,43,3,0.0,2,1,1,135008.92,0.0,2,129,1,False,True,True
658,35,5,126397.66,1,0,0,156361.58,0.8083625890542354,0,175,0,False,False,False
773,36,4,105858.71,1,0,1,4395.45,24.078224476566323,1,144,0,True,False,False
850,40,8,102800.65,1,1,0,60811.56,1.6904509528952572,0,320,0,False,False,True
497,34,2,0.0,2,1,1,83087.13,0.0,2,68,1,False,False,True
489,51,3,0.0,2,0,1,174098.28,0.0,2,153,1,False,False,False
476,34,10,0.0,2,1,0,26260.98,0.0,0,340,1,False,False,False
505,26,8,112972.57,1,1,0,145011.62,0.7790533679068761,0,208,0,False,False,True
624,44,3,0.0,2,1,0,88407.51,0.0,0,132,1,False,False,True
683,40,8,0.0,1,1,0,75848.22,0.0,0,320,1,False,True,True
523,39,1,143903.11,1,1,1,118711.75,1.212195909874887,1,39,0,True,False,False
484,36,8,0.0,2,1,0,186136.48,0.0,0,288,1,False,True,True
591,34,4,150635.3,1,1,1,72274.84,2.0841722489838928,1,136,0,True,False,False
799,52,4,161209.66,1,1,1,89081.41,1.8096688223859232,1,208,0,False,False,False
617,25,1,102585.88,2,1,1,115387.4,0.8890484658769859,2,25,0,False,False,True
714,42,2,177640.09,1,0,1,47166.55,3.7661504572529205,1,84,0,True,False,True
512,37,1,0.0,2,0,1,156105.03,0.0,2,37,1,False,False,False
666,50,7,109062.28,1,1,1,140136.1,0.7782541525406191,1,350,0,True,False,False
714,63,4,138082.16,1,0,1,166677.54,0.8284339423659458,1,252,0,False,False,True
850,55,6,0.0,1,1,0,944.41,0.0,0,330,1,False,False,True
671,34,10,0.0,1,1,0,23235.38,0.0,0,340,1,False,True,False
637,30,6,122641.56,2,1,0,65618.01,1.868994366114332,0,180,0,True,False,True
845,43,3,152063.59,2,1,0,97910.06,1.5530787839494333,0,129,0,True,False,False
743,39,8,0.0,1,1,0,94263.44,0.0,0,312,1,False,False,False
499,60,7,76961.6,2,1,1,83643.87,0.9200994633621884,2,420,0,False,False,True
694,60,9,0.0,1,1,1,57088.97,0.0,1,540,1,False,False,True
431,37,0,120764.08,1,1,1,117023.08,1.0319592343729598,1,0,0,False,False,True
505,43,5,136855.94,2,1,0,171070.52,0.7999925411313351,0,215,0,True,False,True
585,45,0,0.0,2,0,0,189683.7,0.0,0,0,1,False,True,True
663,37,7,0.0,1,1,1,185210.63,0.0,1,259,1,False,False,False
770,45,4,110765.68,1,1,0,26163.74,4.233395019403976,0,180,0,True,False,True
682,64,10,128306.7,1,0,1,66040.83,1.9428095799283573,1,640,0,False,False,False
492,39,10,124576.65,2,1,0,148584.61,0.8384166542103236,0,390,0,True,False,True
592,40,2,200322.45,1,1,1,113244.73,1.7689183512702864,1,80,0,False,True,False
695,36,6,114007.5,2,1,0,118120.88,0.965168349843399,0,216,0,False,False,True
540,42,9,87271.41,2,1,0,172572.64,0.5057053325177587,0,378,0,True,False,False
654,34,5,0.0,2,1,0,159311.46,0.0,0,170,1,False,True,True
487,24,7,133628.09,2,1,1,98570.01,1.3556530464687335,2,168,0,False,False,True
629,35,4,174588.8,2,0,1,158420.14,1.1020549403949496,2,140,0,False,True,True
706,34,0,140641.26,2,1,1,77271.91,1.820059060801515,2,0,0,True,False,True
542,26,2,0.0,2,1,1,54869.54,0.0,2,52,1,False,True,False
686,44,7,55053.62,1,1,0,181757.19,0.30289485167078306,0,308,0,False,False,False
728,69,1,0.0,2,1,1,131804.86,0.0,2,69,1,False,False,False
646,35,6,84026.86,1,0,1,164255.69,0.5115582202466152,1,210,0,False,False,True
623,43,4,123536.52,2,0,0,154908.52,0.7974753262420542,0,172,0,False,True,False
645,37,7,0.0,2,1,0,13589.93,0.0,0,259,1,False,True,False
662,31,3,0.0,2,0,1,27731.05,0.0,2,93,1,False,False,True
648,35,7,0.0,2,1,1,78436.36,0.0,2,245,1,False,True,True
695,45,3,0.0,2,1,1,30793.61,0.0,2,135,1,False,False,True
656,46,7,141535.52,1,1,0,50595.15,2.7973575064505893,0,322,0,True,False,False
672,34,6,0.0,1,0,0,22736.06,0.0,0,204,1,False,False,True
832,34,6,138190.13,2,0,1,146511.2,0.9431987916364644,2,204,0,False,True,False
580,56,1,131368.3,1,1,0,106918.67,1.2286635377756028,0,56,0,False,False,False
619,45,0,0.0,2,0,0,113645.4,0.0,0,0,1,False,True,False
594,23,5,156267.59,1,1,0,160968.44,0.9707904183551859,0,115,0,False,False,True
599,44,10,118577.24,1,1,1,31448.52,3.770399039476596,1,440,0,False,False,True
721,28,9,154475.54,2,0,1,101300.94,1.524902089732931,2,252,0,True,False,True
641,57,5,0.0,2,1,1,122449.18,0.0,2,285,1,False,False,True
587,49,7,155393.98,2,1,0,13308.2,11.675681483485109,0,343,0,True,False,False
555,50,7,128061.0,2,1,1,62375.1,2.053045958307749,2,350,0,False,True,True
590,40,2,117641.43,2,0,0,92198.05,1.2759505656511645,0,80,0,True,False,False
605,64,2,129555.7,1,1,1,13601.79,9.52420055003422,1,128,0,False,False,False
733,33,7,187257.94,1,0,1,190430.81,0.9833332992003805,1,231,0,True,False,False
805,26,8,42712.87,2,1,1,28861.69,1.479864489415228,2,208,0,True,False,False
565,38,7,145400.69,2,1,1,83844.79,1.7341441949560021,2,266,0,True,False,False
445,25,6,0.0,2,1,0,119425.94,0.0,0,150,1,False,False,True
582,39,1,132077.48,2,1,0,192255.15,0.6869870222617066,0,39,0,False,False,False
559,45,8,24043.45,1,0,1,169781.45,0.14161328217374647,1,360,0,False,False,True
445,62,1,64119.38,1,1,1,76569.64,0.8373885865391748,1,62,0,False,True,True
599,25,6,120383.41,1,1,1,24903.09,4.833881101457632,1,150,0,False,False,True
724,33,4,88046.88,1,0,1,186942.49,0.47098125749123443,1,132,0,True,False,True
543,43,9,0.0,2,1,1,78858.07,0.0,2,387,1,False,False,True
678,44,2,98009.13,2,0,1,31384.86,3.122716089347241,2,88,0,True,False,False
443,36,6,70438.01,2,0,1,56937.43,1.2370908365404525,2,216,0,False,True,True
665,51,8,0.0,1,1,1,38928.48,0.0,1,408,1,False,True,False
705,42,8,166685.92,2,1,1,55313.51,3.0134212523983313,2,336,0,True,False,True
466,40,4,91592.06,1,1,0,141210.18,0.6486176236187532,0,160,0,False,False,True
672,43,5,0.0,1,0,0,63833.09,0.0,0,215,1,False,False,True
653,46,5,0.0,2,1,0,49707.85,0.0,0,230,1,False,False,False
661,20,8,0.0,1,1,0,110252.53,0.0,0,160,1,False,True,True
543,34,8,0.0,2,0,1,145601.8,0.0,2,272,1,False,False,False
704,38,6,106687.76,1,1,0,173776.5,0.613933104113018,0,228,0,False,True,True
640,31,9,138857.59,1,1,0,48640.77,2.854698544070251,0,279,0,False,False,False
729,37,10,0.0,2,1,0,100862.54,0.0,0,370,1,False,True,True
535,44,2,114427.86,1,1,1,136330.26,0.8393369209673555,1,88,0,False,False,False
682,27,1,97893.2,1,1,0,166144.98,0.5891999312893396,0,27,0,False,False,False
782,42,7,126428.38,1,1,0,39830.1,3.1741121887168573,0,294,0,True,False,True
682,69,6,0.0,2,0,1,149604.18,0.0,2,414,1,False,False,True
698,64,1,169362.43,1,1,0,84760.32,1.9981098689826915,0,64,0,True,False,False
683,30,4,66190.33,1,1,1,115186.97,0.574628843619694,1,120,0,False,False,True
568,32,7,169399.6,1,1,0,61936.22,2.735021042274742,0,224,0,False,True,False
848,31,4,90018.45,2,1,0,193132.98,0.4660932788730393,0,124,0,True,False,True
603,43,5,127823.93,1,1,1,19483.35,6.560338425454275,1,215,0,False,False,True
583,39,8,102945.01,1,0,0,52861.89,1.9473965573959349,0,312,0,True,False,True
563,32,0,148326.09,1,1,0,191604.27,0.7741232274039227,0,0,0,False,False,False
705,40,5,203715.15,1,1,0,179978.68,1.1318786098519567,0,200,0,False,True,False
597,43,7,119127.46,2,1,0,55809.92,2.1344830008177613,0,301,0,True,False,False
569,43,7,0.0,2,1,1,77703.19,0.0,2,301,1,False,False,False
598,41,3,91536.93,1,1,0,191468.78,0.4780750779574719,0,123,0,True,False,True
511,33,7,0.0,2,0,1,158313.87,0.0,2,231,1,False,False,True
597,53,4,88381.21,1,1,0,69384.71,1.273766745342809,0,212,0,False,False,False
652,37,9,145219.3,1,1,0,159132.83,0.9125608300887372,0,333,0,True,False,False
625,51,4,124620.01,2,1,0,92243.94,1.3509685192488605,0,204,0,False,False,False
736,32,7,0.0,1,0,1,79082.62,0.0,1,224,1,False,True,True
803,41,9,137742.9,2,1,1,166957.82,0.8250112213299063,2,369,0,True,False,True
714,34,10,0.0,2,1,1,80234.14,0.0,2,340,1,False,False,True
479,27,2,172463.45,1,1,1,40315.27,4.277763047027912,1,54,0,False,True,True
850,33,3,100476.46,2,1,1,136539.13,0.7358749402098855,2,99,0,False,True,True
850,40,9,0.0,2,0,1,119232.33,0.0,2,360,1,False,False,True
850,45,2,122311.21,1,1,1,19482.5,6.277681628044243,1,90,0,False,True,False
568,28,5,145105.64,2,1,0,185489.11,0.7822823545686615,0,140,0,False,False,True
432,38,2,135559.8,2,1,1,71856.3,1.8865139658740306,2,76,0,True,False,True
604,26,8,149542.52,2,0,1,197911.52,0.7555990899413538,2,208,0,False,False,True
550,39,2,116120.19,2,1,1,195638.13,0.5935427641699286,2,78,0,False,True,True
609,35,2,147900.43,1,1,0,140000.29,1.0564219086838413,0,70,0,False,False,False
617,74,10,0.0,2,1,1,53949.98,0.0,2,740,1,False,False,True
557,68,2,100194.44,1,1,1,38596.34,2.595889768569544,1,136,0,True,False,True
795,40,2,101891.1,1,1,1,183044.86,0.5566424720012789,1,80,0,False,False,False
577,31,4,61211.18,1,1,1,145250.43,0.42141533477501736,1,124,0,True,False,False
802,38,7,0.0,2,0,1,57764.65,0.0,2,266,1,False,True,True
664,36,0,103502.22,1,1,1,146191.82,0.7079842908837793,1,0,0,False,False,False
662,38,2,96479.81,1,1,0,120259.41,0.8022574511428989,0,76,0,False,False,False
700,27,6,137963.07,1,0,0,8996.79,15.332995102130633,0,162,0,False,False,False
633,61,3,157201.48,1,0,1,50368.63,3.1209576087813238,1,183,0,False,False,True
709,38,5,0.0,2,1,1,81452.29,0.0,2,190,1,False,False,True
516,46,2,0.0,2,1,1,169122.54,0.0,2,92,1,False,False,True
721,55,3,44020.89,1,1,0,65864.4,0.6683462030140256,0,165,0,False,False,False
688,24,3,0.0,2,1,1,102195.16,0.0,2,72,1,False,True,False
523,24,5,172231.93,1,0,1,155144.12,1.1101343696791752,1,120,0,False,True,False
634,45,2,0.0,4,1,0,101039.53,0.0,0,90,1,False,False,False
661,31,3,133964.3,1,1,1,166187.1,0.8061004367942108,1,93,0,False,False,False
763,31,7,143966.3,2,1,1,140262.96,1.0263955188488902,2,217,0,True,False,True
667,48,1,97133.92,2,0,0,113316.77,0.8571817112179316,0,48,0,True,False,False
778,24,4,0.0,2,1,1,162809.2,0.0,2,96,1,False,False,True
590,36,6,92340.69,2,1,1,174667.58,0.5286622814475277,2,216,0,True,False,True
850,31,1,108822.4,1,1,1,132173.31,0.8233248957380598,1,31,0,True,False,False
483,29,9,0.0,1,1,1,81634.45,0.0,1,261,1,False,False,True
577,32,1,0.0,2,1,0,9902.39,0.0,0,32,1,False,False,False
421,34,2,0.0,2,1,1,96615.23,0.0,2,68,1,False,False,True
635,29,7,105405.97,1,1,1,149853.89,0.7033869231761473,1,203,0,False,False,True
693,37,1,0.0,2,1,1,82867.55,0.0,2,37,1,False,False,True
580,50,0,125647.36,1,1,0,57541.08,2.1835734822237916,0,0,0,False,False,True
719,35,1,100829.94,1,1,1,165008.97,0.6110536230022949,1,35,0,False,True,True
643,33,4,0.0,2,1,1,152992.04,0.0,2,132,1,False,False,True
625,58,10,53772.73,1,1,1,192072.1,0.2799597132550055,1,580,0,False,False,False
651,23,4,115636.05,2,1,0,70400.86,1.6425141324391146,0,92,0,False,True,True
793,34,5,127758.09,1,1,0,143357.03,0.8911819589038716,0,170,0,True,False,False
616,41,10,113220.2,2,1,1,114072.91,0.9925161678073452,2,410,0,True,False,True
788,55,3,0.0,1,0,1,13288.46,0.0,1,165,1,False,False,True
829,28,3,132405.52,3,1,0,104889.2,1.2623249836495687,0,84,0,True,False,True
685,33,6,0.0,2,0,1,186785.01,0.0,2,198,1,False,False,False
735,73,9,0.0,1,1,1,114283.33,0.0,1,657,1,False,False,True
589,37,6,138497.84,1,0,1,18988.58,7.2933598320763275,1,222,0,False,False,False
752,42,3,65046.08,2,0,1,140139.28,0.46414977906423477,2,126,0,True,False,False
637,37,8,0.0,1,1,1,186062.36,0.0,1,296,1,False,True,True
654,55,3,87485.67,1,1,1,3299.01,26.510728755367406,1,165,0,False,False,True
739,27,8,98926.4,1,1,1,106969.98,0.9247966130627203,1,216,0,False,True,False
786,32,2,120452.4,2,0,0,79602.86,1.5131477292684048,0,64,0,False,False,True
677,37,3,88363.03,1,0,1,117946.3,0.7491738259375161,1,111,0,False,False,True
567,41,9,137891.35,1,1,0,142009.46,0.9709943197141958,0,369,0,False,False,False
699,31,6,114493.68,1,0,0,138396.32,0.8272824936205411,0,186,0,False,True,True
777,29,2,0.0,2,1,0,124489.88,0.0,0,58,1,False,False,True
571,35,1,104783.81,2,0,1,178512.52,0.5869796864685656,2,35,0,False,False,False
548,36,3,0.0,1,1,0,65996.9,0.0,0,108,1,False,False,False
616,31,1,0.0,2,1,1,54706.75,0.0,2,31,1,False,False,True
703,20,3,165260.98,1,1,1,41626.78,3.9699686123064937,1,60,0,False,True,True
568,46,3,0.0,2,1,1,29372.62,0.0,2,138,1,False,True,False
675,49,0,0.0,1,1,1,80496.71,0.0,1,0,1,False,False,False
709,36,7,0.0,1,0,1,42085.58,0.0,1,252,1,False,False,False
686,41,10,0.0,1,1,1,144272.71,0.0,1,410,1,False,False,False
670,20,4,0.0,2,1,0,119759.24,0.0,0,80,1,False,True,False
806,34,2,96152.68,2,1,0,143711.02,0.669064981481716,0,68,0,True,False,True
699,64,9,113109.52,1,1,0,27980.8,4.042253178851968,0,576,0,False,False,True
756,29,2,117412.19,2,1,0,4888.91,24.011114723992875,0,58,0,False,True,True
682,30,9,0.0,2,1,1,195104.91,0.0,2,270,1,False,False,False
628,37,9,0.0,2,1,1,34689.77,0.0,2,333,1,False,False,False
627,30,3,128770.88,2,1,1,40199.01,3.2032549245634514,2,90,0,True,False,True
842,44,3,141252.18,4,0,1,128521.16,1.099049222328663,4,132,0,False,False,True
628,50,4,143054.56,1,0,1,109608.81,1.305125517506143,1,200,0,False,False,False
535,31,7,111855.04,2,1,1,36278.89,3.0831140888244146,2,217,0,False,False,False
623,43,1,0.0,2,1,1,146379.3,0.0,2,43,1,False,False,True
838,43,9,123105.88,2,1,0,145765.83,0.8445397351372738,0,387,0,False,True,True
602,43,2,113641.49,4,1,0,115116.35,0.9871795172491376,0,86,0,True,False,False
675,54,2,0.0,1,1,0,149583.67,0.0,0,108,1,False,False,True
611,31,0,107884.81,2,1,1,183487.98,0.5879634297383962,2,0,0,True,False,True
540,44,3,164113.04,2,1,1,12120.79,13.538680343414628,2,132,0,True,False,True
644,40,9,137285.26,4,1,0,77063.63,1.781430209941967,0,360,0,False,False,False
788,33,5,0.0,2,0,0,116978.19,0.0,0,165,1,False,False,False
606,27,6,172310.33,1,0,1,111448.92,1.546078543618515,1,162,0,True,False,False
656,18,10,151762.74,1,0,1,127014.32,1.1948380715019258,1,180,0,False,False,True
740,39,9,0.0,2,1,0,19047.23,0.0,0,351,1,False,False,True
598,27,10,171283.91,1,1,1,84136.12,2.035771012841894,1,270,0,True,False,False
631,35,8,129205.49,1,1,1,79146.36,1.6324674632230312,1,280,0,False,False,True
588,30,3,115007.08,1,0,0,176858.5,0.6502736918288246,0,90,0,False,False,True
709,35,2,0.0,2,1,0,104982.39,0.0,0,70,1,False,True,True
703,29,3,122084.63,1,0,1,82824.08,1.4740055789864617,1,87,0,True,False,False
671,27,5,0.0,2,0,0,120893.07,0.0,0,135,1,False,False,True
734,40,9,176914.8,1,1,1,12799.23,13.821220399945938,1,360,0,False,False,False
791,35,7,52436.2,1,1,0,161051.75,0.3255840089660065,0,245,0,True,False,False
694,39,5,77652.4,1,1,1,25407.59,3.056147546951641,1,195,0,False,False,True
569,43,8,161546.68,2,0,1,178187.28,0.9066066522444686,2,344,0,False,True,True
671,34,5,130929.02,4,1,1,28238.25,4.636419876590207,4,170,0,False,True,False
686,41,5,128876.71,3,1,1,106939.34,1.2051271765172993,3,205,0,False,False,True
807,42,5,0.0,2,1,1,74900.9,0.0,2,210,1,False,True,True
710,45,1,0.0,2,1,1,36154.66,0.0,2,45,1,False,False,True
544,44,1,0.0,2,0,0,69244.24,0.0,0,44,1,False,False,True
730,26,3,0.0,1,1,0,34542.41,0.0,0,78,1,False,True,True
600,29,8,0.0,2,0,1,34747.43,0.0,2,232,1,False,False,True
694,38,5,195926.39,1,1,1,85522.84,2.290897953132133,1,190,0,False,False,False
619,38,3,0.0,2,0,1,116467.35,0.0,2,114,1,False,False,False
672,34,9,0.0,2,1,0,161800.77,0.0,0,306,1,False,False,True
648,26,9,162923.85,1,1,0,98368.24,1.6562479287224339,0,234,0,False,False,True
801,38,5,0.0,2,1,0,66256.27,0.0,0,190,1,False,False,True
761,32,4,103515.39,2,1,1,177622.38,0.5827802060742229,2,128,0,False,True,False
777,32,2,0.0,1,1,0,136458.19,0.0,0,64,1,False,False,False
468,29,1,111681.98,2,1,1,195711.16,0.5706440519587541,2,29,0,True,False,True
496,55,4,125292.53,1,1,1,31532.96,3.9732570853771616,1,220,0,True,False,False
682,50,10,128039.01,1,1,1,102260.16,1.2520785995386712,1,500,0,False,True,False
749,33,1,74385.98,1,1,0,20164.47,3.6887798796655864,0,33,0,False,False,False
461,35,8,0.0,1,1,0,132295.95,0.0,0,280,1,False,True,False
562,31,9,117153.0,1,1,1,108675.01,1.0780024036583604,1,279,0,True,False,False
765,36,8,92310.54,2,1,1,72924.56,1.2658187335140108,2,288,0,True,False,True
678,26,1,0.0,2,1,0,45443.68,0.0,0,26,1,False,False,False
750,38,5,151532.4,1,1,1,46555.15,3.254830994401384,1,190,0,False,False,True
500,37,9,125822.21,1,1,0,111698.0,1.1264398965075784,0,333,0,False,True,True
673,40,5,137494.28,1,1,0,81753.92,1.681786001380712,0,200,0,False,False,False
657,42,5,41473.33,1,1,0,112979.6,0.3670836409082621,0,210,0,False,True,True
843,27,5,0.0,2,1,1,67494.23,0.0,2,135,1,False,False,False
552,36,8,0.0,2,0,0,132547.02,0.0,0,288,1,False,False,True
523,36,8,113680.54,1,0,0,13197.44,8.61318004248987,0,288,0,False,True,False
756,38,6,119208.85,1,1,0,169763.89,0.7021996715575287,0,228,0,False,True,True
608,30,2,91057.37,2,1,0,132973.17,0.6847748701871949,0,60,0,True,False,False
529,43,6,93616.35,2,0,0,98348.66,0.951872634841849,0,258,0,False,False,True
587,46,6,88820.29,1,0,0,70224.34,1.2647897468349742,0,276,0,False,False,False
700,46,5,56580.95,2,0,1,45424.13,1.2455869691512165,2,230,0,False,True,False
678,41,2,148088.11,1,1,0,14083.12,10.514544749689719,0,82,0,False,False,True
573,33,1,160777.9,1,1,1,149536.15,1.0751702837722934,1,33,0,False,True,True
779,32,10,80728.15,1,1,0,86306.75,0.9353522713777151,0,320,0,False,False,True
734,37,3,80387.81,1,0,1,77272.62,1.0403008167599759,1,111,0,False,False,True
554,48,7,0.0,2,1,1,63708.07,0.0,2,336,1,False,False,False
652,46,10,121063.8,3,1,0,151481.86,0.7991914068693977,0,460,0,True,False,True
652,42,3,83492.07,2,1,0,37914.12,2.202078484783907,0,126,0,False,True,False
721,40,6,100275.88,1,1,0,138564.48,0.7236714367820903,0,240,0,True,False,True
652,32,2,0.0,2,1,0,54628.11,0.0,0,64,1,False,False,False
680,37,4,0.0,2,1,0,61240.87,0.0,0,148,1,False,False,True
696,60,8,88786.81,1,1,1,196858.4,0.4510163598995019,1,480,0,False,True,True
732,67,1,0.0,2,1,1,177783.04,0.0,2,67,1,False,True,False
772,34,9,0.0,2,1,0,170980.86,0.0,0,306,1,False,False,True
687,61,7,80538.56,1,1,0,131305.37,0.6133636928657764,0,427,0,False,False,False
600,32,1,78535.25,1,1,0,64349.6,1.2204276261604399,0,32,0,False,False,False
535,38,0,135919.33,1,1,0,80425.65,1.6899787570413538,0,0,0,False,False,False
654,28,7,0.0,2,1,0,151316.37,0.0,0,196,1,False,False,False
616,36,6,0.0,1,1,1,12916.32,0.0,1,216,1,False,True,False
721,38,7,0.0,1,0,1,53534.8,0.0,1,266,1,False,True,True
725,47,1,104887.43,1,0,0,86622.56,1.210841831021491,0,47,0,True,False,False
555,40,10,43028.77,1,1,0,170514.21,0.2523456411894282,0,400,0,False,False,True
618,29,10,100315.1,2,1,1,32526.64,3.0839956418602767,2,290,0,True,False,False
698,39,9,161993.89,1,0,0,90212.38,1.7956747657609105,0,351,0,False,True,False
729,39,4,121404.64,1,1,1,159618.17,0.7605893452522025,1,156,0,False,False,True
730,45,6,152880.97,1,0,0,162478.11,0.9409269290064428,0,270,0,True,False,True
747,29,7,0.0,2,1,1,141706.43,0.0,2,203,1,False,False,True
663,42,5,90248.79,1,1,1,79169.73,1.139926207576967,1,210,0,True,False,True
518,27,1,133801.49,1,1,1,143315.57,0.933607956149104,1,27,0,False,False,False
608,59,1,0.0,1,1,0,70649.64,0.0,0,59,1,False,False,True
503,42,8,104430.08,1,1,1,147557.71,0.707718846281592,1,336,0,False,False,True
579,38,8,0.0,2,0,0,91763.67,0.0,0,304,1,False,False,True
634,34,1,0.0,2,1,0,61995.57,0.0,0,34,1,False,True,True
789,43,8,119654.44,2,0,1,148412.24,0.806224835466162,2,344,0,True,False,True
688,46,8,155681.72,1,1,0,26287.21,5.9221118516627795,0,368,0,False,True,False
644,18,7,0.0,1,0,1,59645.24,0.0,1,126,1,False,True,True
524,52,2,87894.26,1,1,0,173899.42,0.5054286815408495,0,104,0,False,False,True
609,61,1,0.0,1,1,0,22447.85,0.0,0,61,1,False,True,True
512,35,5,124580.69,1,1,1,18785.48,6.631401412079326,1,175,0,False,True,False
606,34,5,0.0,1,1,0,161971.42,0.0,0,170,1,False,False,True
686,43,2,134896.03,1,1,1,97847.05,1.3786276783236866,1,86,0,True,False,True
661,47,5,0.0,1,0,1,107243.31,0.0,1,235,1,False,False,True
734,52,6,71283.09,2,0,1,38984.37,1.828457444420817,2,312,0,True,False,False
633,34,3,123034.43,2,1,1,38315.04,3.2110424250522756,2,102,0,False,False,False
532,52,9,137755.76,1,1,0,163191.99,0.8441279248575568,0,468,0,True,False,True
573,28,8,0.0,2,0,0,77660.03,0.0,0,224,1,False,True,True
765,33,5,84557.82,1,1,1,69039.43,1.224758014977601,1,165,0,False,True,False
547,25,4,98141.57,2,1,1,52309.8,1.8761244331954396,2,100,0,True,False,True
597,42,4,64740.12,1,1,1,106841.12,0.6059419262740201,1,168,0,False,False,False
598,28,8,129991.76,2,0,1,46041.08,2.8233250973891706,2,224,0,False,False,True
582,29,0,0.0,1,1,1,84012.81,0.0,1,0,1,False,False,False
696,31,8,0.0,2,0,0,191074.11,0.0,0,248,1,False,False,False
695,28,0,96020.86,1,1,1,57992.49,1.6557179090273755,1,0,0,False,True,True
606,37,6,82373.94,1,0,0,172526.9,0.4774528641454513,0,222,0,False,False,True
794,55,6,115796.7,1,1,0,160526.36,0.7213517994689503,0,330,0,True,False,False
653,35,9,0.0,2,1,1,45956.05,0.0,2,315,1,False,True,True
677,35,0,0.0,2,0,0,76637.38,0.0,0,0,1,False,True,False
801,42,4,141947.67,1,1,1,10598.29,13.392186646464056,1,168,0,False,True,True
621,27,4,137003.68,1,1,0,21254.06,6.4456971657572355,0,108,0,False,False,True
584,28,10,0.0,2,1,0,19834.32,0.0,0,280,1,False,False,True
580,38,9,115442.19,2,1,0,128481.5,0.8985051660732006,0,342,0,True,False,True
638,30,9,136808.53,2,1,1,106642.97,1.282852935801246,2,270,0,False,True,True
683,49,7,108797.63,2,0,0,140763.18,0.7729070705345636,0,343,0,True,False,False
544,64,9,113829.45,1,1,1,124341.49,0.915450945207869,1,576,0,False,False,True
695,34,9,0.0,2,1,1,67502.12,0.0,2,306,1,False,True,False
644,33,2,0.0,1,1,0,96420.58,0.0,0,66,1,False,False,True
823,37,5,164858.18,1,1,1,173516.71,0.950094258390109,1,185,0,False,False,True
622,36,9,0.0,2,1,1,104852.6,0.0,2,324,1,False,True,True
776,35,8,106365.29,1,1,1,148527.56,0.7161268512937848,1,280,0,False,True,True
674,46,2,174701.05,1,1,0,90189.72,1.937018021366278,0,92,0,False,False,True
645,38,7,59568.57,1,1,1,167723.25,0.355157766393351,1,266,0,False,False,False
623,44,1,83325.77,1,0,1,80828.78,1.0308795842324452,1,44,0,False,True,True
594,35,2,0.0,2,1,0,103480.69,0.0,0,70,1,False,False,True
539,39,2,0.0,2,1,1,48189.94,0.0,2,78,1,False,True,True
834,23,4,131254.81,1,1,0,20199.3,6.4976663712915155,0,92,0,False,False,True
633,29,7,0.0,1,1,1,130224.73,0.0,1,203,1,False,False,True
707,42,10,0.0,2,1,1,152944.39,0.0,2,420,1,False,False,False
609,41,6,0.0,1,0,1,112585.19,0.0,1,246,1,False,False,True
647,33,7,121260.19,2,1,0,77216.48,1.570372278401212,0,231,0,False,True,True
780,37,10,95196.26,1,1,0,126310.39,0.7536633077982912,0,370,0,True,False,False
697,76,7,0.0,2,0,1,188772.45,0.0,2,532,1,False,False,False
850,46,9,117640.39,1,1,0,88920.68,1.3229663452152503,0,414,0,False,False,True
801,58,1,79954.61,2,1,1,30484.19,2.622736154834528,2,58,0,False,True,True
661,42,2,178820.91,1,0,0,29358.57,6.090719652910448,0,84,0,False,True,True
509,55,8,132387.91,2,1,1,170360.11,0.7771017105958045,2,440,0,False,False,True
680,23,5,140007.19,1,0,1,31714.08,4.414530564009298,1,115,0,False,False,True
560,28,1,0.0,2,1,1,120880.72,0.0,2,28,1,False,True,False
716,29,6,0.0,2,1,1,98998.61,0.0,2,174,1,False,False,False
570,29,0,0.0,1,1,0,37092.43,0.0,0,0,1,False,False,False
565,40,2,0.0,2,1,1,129956.13,0.0,2,80,1,False,False,False
646,39,9,111574.41,1,1,1,30838.51,3.61790475918716,1,351,0,True,False,True
670,32,4,102954.68,2,0,1,134942.45,0.762946849217209,2,128,0,True,False,False
850,38,2,102741.15,2,0,1,23974.85,4.285193225683344,2,76,0,True,False,False
536,61,8,65190.29,1,1,1,64308.49,1.0136962678447614,1,488,0,False,False,False
608,23,8,197715.93,2,1,1,116124.28,1.7026088548505545,2,184,0,True,False,True
758,42,7,0.0,2,0,1,76209.56,0.0,2,294,1,False,False,False
652,80,4,0.0,2,1,1,188603.07,0.0,2,320,1,False,False,False
672,34,8,0.0,2,1,1,16245.25,0.0,2,272,1,False,False,False
613,40,9,95624.36,2,1,1,60706.33,1.5751699177018657,2,360,0,False,False,False
539,38,8,82407.51,1,1,0,13123.41,6.278949682309528,0,304,0,True,False,False
758,41,10,79857.64,1,1,1,78088.17,1.0226468023670887,1,410,0,True,False,True
717,36,5,0.0,2,1,1,145551.6,0.0,2,180,1,False,False,False
830,40,8,77701.64,1,0,1,19512.38,3.9819672450390446,1,320,0,True,False,False
731,26,3,0.0,2,1,0,37697.29,0.0,0,78,1,False,True,False
625,31,8,0.0,2,1,0,151843.54,0.0,0,248,1,False,True,False
650,55,2,140891.46,3,1,1,179834.45,0.783446534039868,3,110,0,True,False,False
448,25,2,0.0,2,0,0,95215.73,0.0,0,50,1,False,True,True
579,37,4,0.0,2,1,1,32246.63,0.0,2,148,1,False,True,True
823,44,1,0.0,2,0,1,182495.7,0.0,2,44,1,False,False,False
722,32,5,106807.64,1,1,1,76998.69,1.3871177922924105,1,160,0,True,False,False
619,30,7,70729.17,1,1,1,160948.87,0.43944844441315795,1,210,0,False,False,False
532,36,4,0.0,2,1,1,132798.78,0.0,2,144,1,False,False,True
598,34,0,104488.17,1,0,1,43249.67,2.41587401998628,1,0,0,False,True,True
711,81,6,0.0,2,1,1,72276.24,0.0,2,486,1,False,False,False
806,37,2,137794.18,2,0,1,75232.02,1.8315651824159125,2,74,0,False,True,False
850,30,2,141040.01,1,1,1,5978.2,23.588441597538136,1,60,0,False,True,True
842,44,2,112652.08,2,1,0,126644.98,0.8895037963305271,0,88,0,False,True,False
754,45,6,0.0,1,1,0,73881.68,0.0,0,270,1,False,False,False
470,31,4,55732.92,2,1,1,103792.53,0.5369594810004054,2,124,0,False,True,True
502,42,0,132002.7,1,0,1,28204.98,4.679954392650069,1,0,0,True,False,False
718,67,7,0.0,3,1,1,82782.08,0.0,3,469,1,False,False,False
622,38,5,0.0,2,0,0,105295.77,0.0,0,190,1,False,False,True
697,42,1,0.0,1,1,0,1262.83,0.0,0,42,1,False,False,False
659,32,3,107594.11,2,1,1,102416.84,1.0505407065800256,2,96,0,False,True,True
624,27,7,104848.68,1,1,1,167387.36,0.6263797554381918,1,189,0,True,False,False
698,39,4,0.0,2,0,1,47455.82,0.0,2,156,1,False,False,False
646,25,5,182876.88,2,1,1,42537.59,4.299081845449039,2,125,0,False,True,True
812,24,10,0.0,2,1,1,156906.15,0.0,2,240,1,False,False,True
629,30,2,34013.63,1,1,0,19570.63,1.73790481426432,0,60,0,False,True,False
754,65,1,136186.44,1,1,1,121529.59,1.1205939179592563,1,65,0,True,False,True
527,32,0,0.0,1,1,0,109523.88,0.0,0,0,1,False,False,True
850,27,7,43658.33,2,1,1,3025.49,14.425400381299792,2,189,0,False,False,False
667,34,5,0.0,2,1,0,163830.64,0.0,0,170,1,False,True,False
659,31,7,149620.88,2,1,1,104533.51,1.4313060825558948,2,217,0,False,True,True
408,40,3,0.0,2,0,0,124874.23,0.0,0,120,1,False,False,True
505,29,3,145541.56,2,1,1,58019.95,2.5084311787380247,2,87,0,True,False,True
580,36,3,74974.89,1,1,1,12099.67,6.195928820470272,1,108,0,True,False,False
710,33,10,118327.17,2,1,1,192928.82,0.6133171637230574,2,330,0,False,False,True
803,26,4,0.0,2,1,1,181208.47,0.0,2,104,1,False,False,False
596,30,1,0.0,2,1,0,8125.39,0.0,0,30,1,False,True,False
732,45,6,98792.4,1,1,0,81491.7,1.2122852721777533,0,270,0,True,False,False
722,32,4,0.0,2,1,1,113666.48,0.0,2,128,1,False,True,False
649,42,7,0.0,2,0,1,22974.01,0.0,2,294,1,False,False,False
647,41,4,138937.35,1,1,1,101617.64,1.3672427617610312,1,164,0,False,False,True
593,38,4,129499.42,1,1,1,154071.27,0.8405108849243281,1,152,0,True,False,False
669,26,4,0.0,2,1,1,197594.34,0.0,2,104,1,False,False,True
684,43,7,0.0,2,1,0,131093.99,0.0,0,301,1,False,False,False
707,32,9,0.0,2,1,0,126475.79,0.0,0,288,1,False,True,True
668,31,9,0.0,2,0,0,41291.73,0.0,0,279,1,False,False,False
850,33,7,140956.99,1,0,0,3510.18,40.1451905057559,0,231,0,False,False,True
652,41,8,115144.68,1,1,0,188905.43,0.6095328782614758,0,328,0,False,True,True
802,39,7,120145.96,2,0,1,59497.01,2.019327369100244,2,273,0,False,False,False
592,36,2,104702.65,2,1,0,107948.72,0.9699205333742412,0,72,0,True,False,True
850,35,9,102050.47,1,1,1,3769.71,27.063993253259998,1,315,0,False,False,True
625,56,0,148507.24,1,1,0,46824.08,3.171532008060637,0,0,0,True,False,True
547,22,7,141287.15,1,1,0,118142.79,1.195891464121813,0,154,0,False,True,False
711,52,5,0.0,1,1,1,159808.95,0.0,1,260,1,False,False,True
542,39,3,135096.77,1,1,1,14353.43,9.41150362640662,1,117,0,False,False,True
640,34,1,137523.02,1,0,0,24761.36,5.5537121663686335,0,34,0,False,True,True
639,66,0,0.0,2,0,1,42240.54,0.0,2,0,1,False,False,True
437,39,0,102721.49,1,0,0,22191.82,4.628591138935926,0,0,0,False,False,False
624,35,0,180303.24,2,1,0,163587.9,1.1021728246843154,0,0,0,True,False,False
688,35,6,0.0,1,1,0,25488.43,0.0,0,210,1,False,True,False
712,74,5,0.0,2,0,0,151425.82,0.0,0,370,1,False,True,True
667,37,9,71786.9,2,1,1,67734.79,1.0598075256817703,2,333,0,False,False,False
687,35,8,100988.39,2,1,0,22247.27,4.539156977149235,0,280,0,False,True,True
802,51,7,0.0,1,0,1,40855.79,0.0,1,357,1,False,True,True
